league_id,league_name,match_id,team,opponent,side,result,win,pos1_player,pos1_hero,pos1_lh_5m,pos1_networth_6m,enemy_pos1_player,enemy_pos1_hero,enemy_pos1_networth_6m,pos1_vs_enemy_pos1_diff_6m,enemy_pos3_player,enemy_pos3_hero,enemy_pos3_networth_6m,pos1_vs_enemy_pos3_diff_6m,team_networth_6m,enemy_team_networth_6m,team_networth_diff_6m,pos1_kda_6m,pos1_role_source,enemy_pos1_role_source,enemy_pos3_role_source
19696,DreamLeague Season 29,8809159511,VG,TSpirit,Radiant,负,0,pUx,kez,20,2165,兜圈。,alchemist,2680,-515,pos3jungler,primal_beast,2510,-345,10186,9788,398,0/0/0,league_roster,league_roster,league_roster
19696,DreamLeague Season 29,8809159511,TSpirit,VG,Dire,胜,1,兜圈。,alchemist,23,2680,pUx,kez,2165,515,`#t.,bristleback,2646,34,9788,10186,-398,1/1/1,league_roster,league_roster,league_roster
19696,DreamLeague Season 29,8809166456,Aurora,Liquid,Radiant,胜,1,`!,tiny,28,2637,uǍ,nevermore,2717,-80,50centaur,pangolier,2466,171,9179,9799,-620,0/0/1,league_roster,league_roster,league_roster
19696,DreamLeague Season 29,8809166456,Liquid,Aurora,Dire,负,0,uǍ,nevermore,32,2717,`!,tiny,2637,80,Щa,magnataur,2113,604,9799,9179,620,0/0/0,league_roster,league_roster,league_roster
19696,DreamLeague Season 29,8809158835,VP,FLCN,Radiant,胜,1,nokia,lone_druid,23,2357,,alchemist,2612,-255,,dawnbreaker,2219,138,9039,10017,-978,0/1/0,league_roster,league_roster,league_roster
19696,DreamLeague Season 29,8809158835,FLCN,VP,Dire,负,0,,alchemist,23,2612,nokia,lone_druid,2357,255,saberlight,axe,2529,83,10017,9039,978,1/0/0,league_roster,league_roster,league_roster
19696,DreamLeague Season 29,8809158915,GL,EX-ROIC,Radiant,负,0,鬼,tiny,22,2149,.tv/yumadota2,kez,2645,-496,GAMBOT-PARIS,shredder,2164,-15,8380,8977,-597,0/0/0,league_roster,league_roster,league_roster
19696,DreamLeague Season 29,8809158915,EX-ROIC,GL,Dire,胜,1,.tv/yumadota2,kez,23,2645,鬼,tiny,2149,496,помойка,slardar,1976,669,8977,8380,597,1/0/0,league_roster,league_roster,league_roster
19696,DreamLeague Season 29,8809227928,Liquid,Aurora,Radiant,胜,1,`,luna,24,2273,зݵ,windrunner,2538,-265,Ǎ,largo,2488,-215,9680,9596,84,0/1/1,league_roster,league_roster,league_roster
19696,DreamLeague Season 29,8809227928,Aurora,Liquid,Dire,负,0,зݵ,windrunner,27,2538,`,luna,2273,265,`^8,slardar,2342,196,9596,9680,-84,0/0/1,league_roster,league_roster,league_roster
19696,DreamLeague Season 29,8809246462,EX-HERO,GL,Radiant,胜,1,.tv/yumadota2,alchemist,21,3354,鬼,chaos_knight,2356,998,помойка,lycan,2431,923,10453,8813,1640,2/0/0,league_roster,league_roster,league_roster
19696,DreamLeague Season 29,8809246462,GL,EX-HERO,Dire,负,0,鬼,chaos_knight,23,2356,.tv/yumadota2,alchemist,3354,-998,GAMBOT-PARIS,tidehunter,2144,212,8813,10453,-1640,0/0/2,league_roster,league_roster,league_roster
19696,DreamLeague Season 29,8809244962,TSpirit,VG,Radiant,胜,1,兜圈。,alchemist,30,2621,D9,windrunner,2422,199,,shredder,2474,147,9182,9701,-519,0/1/0,league_roster,league_roster,league_roster
19696,DreamLeague Season 29,8809244962,VG,TSpirit,Dire,负,0,D9,windrunner,25,2422,兜圈。,alchemist,2621,-199,pos3jungler,legion_commander,2204,218,9701,9182,519,0/0/0,league_roster,league_roster,league_roster
19696,DreamLeague Season 29,8809303579,Aurora,Liquid,Radiant,负,0,0̯H,windrunner,28,3414,@,luna,2300,1114,s͠,slardar,2089,1325,10815,9197,1618,2/0/0,league_roster,league_roster,league_roster
19696,DreamLeague Season 29,8809303579,Liquid,Aurora,Dire,胜,1,@,luna,24,2300,0̯H,windrunner,3414,-1114,ڳH,abyssal_underlord,2523,-223,9197,10815,-1618,0/1/0,league_roster,league_roster,league_roster
19696,DreamLeague Season 29,8809242493,FLCN,VP,Radiant,胜,1,v:,life_stealer,24,2433,nokia,windrunner,2594,-161,saberlight,abyssal_underlord,2222,211,9373,9589,-216,0/0/1,league_roster,league_roster,league_roster
19696,DreamLeague Season 29,8809242493,VP,FLCN,Dire,负,0,nokia,windrunner,24,2594,v:,life_stealer,2433,161,,tidehunter,2565,29,9589,9373,216,0/0/0,league_roster,league_roster,league_roster
19696,DreamLeague Season 29,8809373469,RKX,BetBoom,Radiant,负,0,`ND,kez,22,2495,P.,tiny,2553,-58,Р!R,tidehunter,2036,459,9156,9573,-417,0/0/1,league_roster,league_roster,league_roster
19696,DreamLeague Season 29,8809373469,BetBoom,RKX,Dire,胜,1,P.,tiny,29,2553,`ND,kez,2495,58,underrated,shredder,2287,266,9573,9156,417,0/1/0,league_roster,league_roster,league_roster
19696,DreamLeague Season 29,8809385333,NGX,NAVI,Radiant,负,0,jL,kez,19,2258,winter,ursa,1923,335,ƬψƬ ☢ Sιrιus-妥,axe,2319,-61,9941,8420,1521,0/0/0,league_roster,league_roster,league_roster
19696,DreamLeague Season 29,8809385333,NAVI,NGX,Dire,胜,1,winter,ursa,13,1923,jL,kez,2258,-335,Ͼ,viper,2460,-537,8420,9941,-1521,1/1/0,league_roster,league_roster,league_roster
19696,DreamLeague Season 29,8809412954,PV,Tundra,Radiant,胜,1,destroy,tiny,24,2201,Preacher Man,lone_druid,2834,-633,not human (животное),batrider,2653,-452,8774,9383,-609,0/1/0,league_roster,league_roster,league_roster
19696,DreamLeague Season 29,8809412954,Tundra,PV,Dire,负,0,Preacher Man,lone_druid,31,2834,destroy,tiny,2201,633,strafe instructor,abyssal_underlord,1807,1027,9383,8774,609,1/0/0,league_roster,league_roster,league_roster
19696,DreamLeague Season 29,8809425113,FLCN,VP,Radiant,胜,1,pT,alchemist,25,2291,nokia,furion,2599,-308,saberlight,tidehunter,2402,-111,9602,9621,-19,0/0/0,league_roster,league_roster,league_roster
19696,DreamLeague Season 29,8809425113,VP,FLCN,Dire,负,0,nokia,furion,30,2599,pT,alchemist,2291,308,fG>,shredder,2821,-222,9621,9602,19,0/0/1,league_roster,league_roster,league_roster
19696,DreamLeague Season 29,8809470214,RKX,BetBoom,Radiant,负,0,yR,terrorblade,20,2519,07,life_stealer,2379,140,W,lycan,2256,263,9315,9256,59,1/0/0,league_roster,league_roster,league_roster
19696,DreamLeague Season 29,8809470214,BetBoom,RKX,Dire,胜,1,07,life_stealer,24,2379,yR,terrorblade,2519,-140,underrated,largo,2311,68,9256,9315,-59,0/0/0,league_roster,league_roster,league_roster
19696,DreamLeague Season 29,8809490207,NGX,NAVI,Radiant,负,0,rin,tiny,26,2509,winter,necrolyte,2490,19,ƬψƬ ☢ Sιrιus-妥,axe,2540,-31,9944,8807,1137,0/0/1,league_roster,league_roster,league_roster
19696,DreamLeague Season 29,8809490207,NAVI,NGX,Dire,胜,1,winter,necrolyte,26,2490,rin,tiny,2509,-19,malrincyq,bristleback,2914,-424,8807,9944,-1137,0/1/0,league_roster,league_roster,league_roster
19696,DreamLeague Season 29,8809504168,PV,Tundra,Radiant,负,0,destroy,tiny,26,2446,Preacher Man,doom_bringer,2559,-113,not human (животное),tidehunter,2290,156,8494,9243,-749,0/0/1,league_roster,league_roster,league_roster
19696,DreamLeague Season 29,8809504168,Tundra,PV,Dire,胜,1,Preacher Man,doom_bringer,25,2559,destroy,tiny,2446,113,strafe instructor,largo,1835,724,9243,8494,749,1/0/2,league_roster,league_roster,league_roster
19696,DreamLeague Season 29,8809536007,PlayTime,XG,Radiant,负,0,{C,nevermore,30,2760,P,drow_ranger,2561,199,0A,axe,2010,750,9901,8994,907,1/0/1,league_roster,league_roster,league_roster
19696,DreamLeague Season 29,8809536007,XG,PlayTime,Dire,胜,1,P,drow_ranger,26,2561,{C,nevermore,2760,-199,^,primal_beast,1779,782,8994,9901,-907,0/0/0,league_roster,league_roster,league_roster
19696,DreamLeague Season 29,8809600367,PV,Tundra,Radiant,胜,1,destroy,phantom_lancer,23,2713,Preacher Man,doom_bringer,2323,390,not human (животное),tidehunter,1762,951,9009,8395,614,1/0/0,league_roster,league_roster,league_roster
19696,DreamLeague Season 29,8809600367,Tundra,PV,Dire,负,0,Preacher Man,doom_bringer,18,2323,destroy,phantom_lancer,2713,-390,strafe instructor,dawnbreaker,1689,634,8395,9009,-614,1/0/0,league_roster,league_roster,league_roster
19696,DreamLeague Season 29,8809634682,XG,PlayTime,Radiant,胜,1,@+,drow_ranger,30,2948,Y>,monkey_king,2190,758,P#,slardar,1630,1318,11223,7963,3260,1/0/0,league_roster,league_roster,league_roster
19696,DreamLeague Season 29,8809634682,PlayTime,XG,Dire,负,0,Y>,monkey_king,20,2190,@+,drow_ranger,2948,-758,,abyssal_underlord,2952,-762,7963,11223,-3260,0/1/0,league_roster,league_roster,league_roster
19696,DreamLeague Season 29,8809655926,VG,GL,Radiant,胜,1,I,ursa,28,2798,鬼,drow_ranger,2551,247,помойка,slardar,2101,697,11076,8438,2638,0/0/0,league_roster,league_roster,league_roster
19696,DreamLeague Season 29,8809655926,GL,VG,Dire,负,0,鬼,drow_ranger,28,2551,I,ursa,2798,-247,|I,beastmaster,2564,-13,8438,11076,-2638,0/0/0,league_roster,league_roster,league_roster
19696,DreamLeague Season 29,8809656567,Aurora,FLCN,Radiant,负,0,tragic,ursa,23,2277,,alchemist,2269,8,0Є,razor,2455,-178,9018,9614,-596,0/0/0,league_roster,league_roster,league_roster
19696,DreamLeague Season 29,8809656567,FLCN,Aurora,Dire,胜,1,,alchemist,22,2269,tragic,ursa,2277,-8,gD,dawnbreaker,2686,-417,9614,9018,596,0/1/0,league_roster,league_roster,league_roster
19696,DreamLeague Season 29,8809696561,Liquid,TSpirit,Radiant,负,0,0&,kez,24,2594,兜圈。,terrorblade,2511,83,pos3jungler,axe,2375,219,9881,9865,16,1/0/1,league_roster,league_roster,league_roster
19696,DreamLeague Season 29,8809696561,TSpirit,Liquid,Dire,胜,1,兜圈。,terrorblade,25,2511,0&,kez,2594,-83,,tidehunter,2148,363,9865,9881,-16,0/1/0,league_roster,league_roster,league_roster
19696,DreamLeague Season 29,8809710774,VP,EX-HERO,Radiant,胜,1,nokia,terrorblade,26,2682,.tv/yumadota2,tiny,2238,444,GAMBOT-PARIS,lycan,2479,203,9314,10380,-1066,0/0/0,league_roster,league_roster,league_roster
19696,DreamLeague Season 29,8809710774,EX-HERO,VP,Dire,负,0,.tv/yumadota2,tiny,15,2238,nokia,terrorblade,2682,-444,saberlight,tidehunter,1961,277,10380,9314,1066,0/0/0,league_roster,league_roster,league_roster
19696,DreamLeague Season 29,8809726019,GL,VG,Radiant,负,0,鬼,faceless_void,24,2519,`,muerta,2390,129,@v,batrider,1626,893,10193,9090,1103,0/0/0,league_roster,league_roster,league_roster
19696,DreamLeague Season 29,8809726019,VG,GL,Dire,胜,1,`,muerta,23,2390,鬼,faceless_void,2519,-129,помойка,axe,2489,-99,9090,10193,-1103,0/1/1,league_roster,league_roster,league_roster
19696,DreamLeague Season 29,8809747666,FLCN,Aurora,Radiant,胜,1,ֺS,luna,27,2422,@S,furion,2556,-134,@HS,mars,2119,303,9715,8760,955,0/1/0,league_roster,league_roster,league_roster
19696,DreamLeague Season 29,8809747666,Aurora,FLCN,Dire,负,0,@S,furion,33,2556,ֺS,luna,2422,134,pS,doom_bringer,2909,-353,8760,9715,-955,0/0/1,league_roster,league_roster,league_roster
19696,DreamLeague Season 29,8809797141,VP,EX-HERO,Radiant,胜,1,nokia,tiny,25,2938,.tv/yumadota2,ursa,3363,-425,GAMBOT-PARIS,doom_bringer,1708,1230,9283,9456,-173,2/0/1,league_roster,league_roster,league_roster
19696,DreamLeague Season 29,8809797141,EX-HERO,VP,Dire,负,0,.tv/yumadota2,ursa,20,3363,nokia,tiny,2938,425,saberlight,beastmaster,1869,1494,9456,9283,173,4/0/0,league_roster,league_roster,league_roster
19696,DreamLeague Season 29,8809802771,TSpirit,Liquid,Radiant,负,0,兜圈。,phantom_lancer,22,2377,0;@,kez,2490,-113,p3,doom_bringer,2175,202,8685,9237,-552,0/0/0,league_roster,league_roster,league_roster
19696,DreamLeague Season 29,8809802771,Liquid,TSpirit,Dire,胜,1,0;@,kez,28,2490,兜圈。,phantom_lancer,2377,113,pos3jungler,tidehunter,2297,193,9237,8685,552,0/0/0,league_roster,league_roster,league_roster
19696,DreamLeague Season 29,8809888784,Liquid,TSpirit,Radiant,负,0,4,muerta,25,2442,兜圈。,faceless_void,2585,-143,pos3jungler,death_prophet,2248,194,8537,9492,-955,1/0/0,league_roster,league_roster,league_roster
19696,DreamLeague Season 29,8809888784,TSpirit,Liquid,Dire,胜,1,兜圈。,faceless_void,25,2585,4,muerta,2442,143,Wb[,abyssal_underlord,2004,581,9492,8537,955,0/0/1,league_roster,league_roster,league_roster
19696,DreamLeague Season 29,8810373967,PV,BetBoom,Radiant,胜,1,destroy,necrolyte,21,2554,",",alchemist,2156,398,@,axe,2083,471,10196,9166,1030,1/1/0,league_roster,league_roster,league_roster
19696,DreamLeague Season 29,8810373967,BetBoom,PV,Dire,负,0,",",alchemist,22,2156,destroy,necrolyte,2554,-398,strafe instructor,dawnbreaker,2679,-523,9166,10196,-1030,1/0/0,league_roster,league_roster,league_roster
19696,DreamLeague Season 29,8810373970,RKX,NAVI,Radiant,胜,1,,naga_siren,25,2554,winter,monkey_king,2436,118,ƬψƬ ☢ Sιrιus-妥,bristleback,2922,-368,9839,9228,611,0/1/0,league_roster,league_roster,league_roster
19696,DreamLeague Season 29,8810373970,NAVI,RKX,Dire,负,0,winter,monkey_king,23,2436,,naga_siren,2554,-118,underrated,abyssal_underlord,2350,86,9228,9839,-611,1/0/0,league_roster,league_roster,league_roster
19696,DreamLeague Season 29,8810373959,XG,Tundra,Radiant,胜,1,U>,drow_ranger,22,2537,Last Call,kez,2300,237,not human (животное),brewmaster,1399,1138,9336,8517,819,1/0/1,league_roster,league_roster,league_roster
19696,DreamLeague Season 29,8810373959,Tundra,XG,Dire,负,0,Last Call,kez,24,2300,U>,drow_ranger,2537,-237,@h,doom_bringer,2065,235,8517,9336,-819,0/0/0,league_roster,league_roster,league_roster
19696,DreamLeague Season 29,8810373935,PlayTime,NGX,Radiant,胜,1,@T,kez,21,2057,=,muerta,2568,-511,`8M,axe,2849,-792,9229,9856,-627,0/1/0,league_roster,league_roster,league_roster
19696,DreamLeague Season 29,8810373935,NGX,PlayTime,Dire,负,0,=,muerta,27,2568,@T,kez,2057,511,d,doom_bringer,2252,316,9856,9229,627,0/0/0,league_roster,league_roster,league_roster
19696,DreamLeague Season 29,8810429061,PV,BetBoom,Radiant,负,0,destroy,storm_spirit,31,2663,p,monkey_king,2536,127,0K,pangolier,1664,999,9110,9875,-765,1/1/2,league_roster,league_roster,league_roster
19696,DreamLeague Season 29,8810429061,BetBoom,PV,Dire,胜,1,p,monkey_king,27,2536,destroy,storm_spirit,2663,-127,strafe instructor,dawnbreaker,1961,575,9875,9110,765,0/0/0,league_roster,league_roster,league_roster
19696,DreamLeague Season 29,8810441572,RKX,NAVI,Radiant,负,0,pW,faceless_void,17,2218,winter,windrunner,3085,-867,ƬψƬ ☢ Sιrιus-妥,abyssal_underlord,2900,-682,8663,10988,-2325,1/0/3,league_roster,league_roster,league_roster
19696,DreamLeague Season 29,8810441572,NAVI,RKX,Dire,胜,1,winter,windrunner,24,3085,pW,faceless_void,2218,867,underrated,centaur,2025,1060,10988,8663,2325,3/0/3,league_roster,league_roster,league_roster
19696,DreamLeague Season 29,8810453731,NGX,PlayTime,Radiant,负,0,rin,terrorblade,28,3052,pxA,necrolyte,3378,-326,Qo,tidehunter,2184,868,9997,10537,-540,2/0/1,league_roster,league_roster,league_roster
19696,DreamLeague Season 29,8810453731,PlayTime,NGX,Dire,胜,1,pxA,necrolyte,35,3378,rin,terrorblade,3052,326,҉,axe,1985,1393,10537,9997,540,1/0/0,league_roster,league_roster,league_roster
19696,DreamLeague Season 29,8810506148,PV,BetBoom,Radiant,胜,1,destroy,terrorblade,26,2344,`;,alchemist,2317,27,L,tidehunter,1928,416,9676,8015,1661,0/0/0,league_roster,league_roster,league_roster
19696,DreamLeague Season 29,8810506148,BetBoom,PV,Dire,负,0,`;,alchemist,19,2317,destroy,terrorblade,2344,-27,strafe instructor,largo,2601,-284,8015,9676,-1661,0/0/0,league_roster,league_roster,league_roster
19696,DreamLeague Season 29,8810508497,RKX,NAVI,Radiant,负,0,,tiny,27,2625,winter,windrunner,2086,539,ƬψƬ ☢ Sιrιus-妥,axe,2960,-335,10381,10043,338,0/0/3,league_roster,league_roster,league_roster
19696,DreamLeague Season 29,8810508497,NAVI,RKX,Dire,胜,1,winter,windrunner,17,2086,,tiny,2625,-539,underrated,slardar,2553,-467,10043,10381,-338,0/1/2,league_roster,league_roster,league_roster
19696,DreamLeague Season 29,8810452708,Tundra,XG,Radiant,负,0,Last Call,muerta,29,2576,`ҹ,kez,2734,-158,@p,brewmaster,1985,591,8976,9428,-452,0/0/3,league_roster,league_roster,league_roster
19696,DreamLeague Season 29,8810452708,XG,Tundra,Dire,胜,1,`ҹ,kez,26,2734,Last Call,muerta,2576,158,not human (животное),largo,1984,750,9428,8976,452,0/1/1,league_roster,league_roster,league_roster
19696,DreamLeague Season 29,8810600432,TSpirit,Aurora,Radiant,胜,1,兜圈。,kez,32,3202,Pĩ,doom_bringer,2066,1136,pP,magnataur,1718,1484,10045,8022,2023,1/0/0,league_roster,league_roster,league_roster
19696,DreamLeague Season 29,8810600432,Aurora,TSpirit,Dire,负,0,Pĩ,doom_bringer,19,2066,兜圈。,kez,3202,-1136,pos3jungler,largo,2163,-97,8022,10045,-2023,0/1/0,league_roster,league_roster,league_roster
19696,DreamLeague Season 29,8810636217,VP,VG,Radiant,胜,1,nokia,life_stealer,24,2908,>,juggernaut,2210,698,=,pangolier,2337,571,9381,8991,390,2/0/0,league_roster,league_roster,league_roster
19696,DreamLeague Season 29,8810636217,VG,VP,Dire,负,0,>,juggernaut,21,2210,nokia,life_stealer,2908,-698,saberlight,tidehunter,2362,-152,8991,9381,-390,0/0/0,league_roster,league_roster,league_roster
19696,DreamLeague Season 29,8810614945,EX-HERO,FLCN,Radiant,负,0,.tv/yumadota2,ursa,21,2117,1,windrunner,2592,-475,YeS signature player,razor,2780,-663,7963,10322,-2359,0/1/0,league_roster,league_roster,league_roster
19696,DreamLeague Season 29,8810614945,FLCN,EX-HERO,Dire,胜,1,1,windrunner,28,2592,.tv/yumadota2,ursa,2117,475,GAMBOT-PARIS,shredder,1989,603,10322,7963,2359,0/0/1,league_roster,league_roster,league_roster
19696,DreamLeague Season 29,8810642364,GL,Liquid,Radiant,负,0,鬼,luna,18,2041,yondaime,kez,2446,-405,,centaur,2369,-328,8410,9252,-842,0/1/0,league_roster,league_roster,league_roster
19696,DreamLeague Season 29,8810642364,Liquid,GL,Dire,胜,1,yondaime,kez,23,2446,鬼,luna,2041,405,помойка,doom_bringer,2093,353,9252,8410,842,0/1/0,league_roster,league_roster,league_roster
19696,DreamLeague Season 29,8810706519,Aurora,TSpirit,Radiant,负,0,,faceless_void,16,1860,兜圈。,alchemist,2394,-534,pos3jungler,doom_bringer,2304,-444,8682,8804,-122,0/0/1,league_roster,league_roster,league_roster
19696,DreamLeague Season 29,8810706519,TSpirit,Aurora,Dire,胜,1,兜圈。,alchemist,22,2394,,faceless_void,1860,534,pf,centaur,2097,297,8804,8682,122,0/0/1,league_roster,league_roster,league_roster
19696,DreamLeague Season 29,8810741766,VP,VG,Radiant,胜,1,nokia,tiny,28,2642,,faceless_void,2068,574,T,dawnbreaker,2332,310,10130,8435,1695,0/0/0,league_roster,league_roster,league_roster
19696,DreamLeague Season 29,8810741766,VG,VP,Dire,负,0,,faceless_void,21,2068,nokia,tiny,2642,-574,saberlight,magnataur,2540,-472,8435,10130,-1695,0/0/0,league_roster,league_roster,league_roster
19696,DreamLeague Season 29,8810753165,EX-HERO,FLCN,Radiant,负,0,.tv/yumadota2,terrorblade,19,2133,D,life_stealer,2193,-60,PZe,abyssal_underlord,2562,-429,9272,10032,-760,0/1/0,league_roster,league_roster,league_roster
19696,DreamLeague Season 29,8810753165,FLCN,EX-HERO,Dire,胜,1,D,life_stealer,26,2193,.tv/yumadota2,terrorblade,2133,60,GAMBOT-PARIS,kunkka,2795,-602,10032,9272,760,0/0/0,league_roster,league_roster,league_roster
19696,DreamLeague Season 29,8810792178,Liquid,GL,Radiant,胜,1,*,troll_warlord,28,2915,鬼,faceless_void,2261,654,помойка,lycan,1864,1051,11350,8282,3068,0/0/0,league_roster,league_roster,league_roster
19696,DreamLeague Season 29,8810792178,GL,Liquid,Dire,负,0,鬼,faceless_void,19,2261,*,troll_warlord,2915,-654,,dawnbreaker,2886,-625,8282,11350,-3068,0/0/0,league_roster,league_roster,league_roster
19696,DreamLeague Season 29,8810894235,PV,XG,Radiant,负,0,destroy,monkey_king,29,3099,!gD,lone_druid,2589,510,J,shredder,2203,896,9672,8533,1139,1/1/0,league_roster,league_roster,league_roster
19696,DreamLeague Season 29,8810894235,XG,PV,Dire,胜,1,!gD,lone_druid,25,2589,destroy,monkey_king,3099,-510,strafe instructor,beastmaster,2555,34,8533,9672,-1139,0/0/1,league_roster,league_roster,league_roster
19696,DreamLeague Season 29,8810894092,NAVI,BetBoom,Radiant,胜,1,winter,ursa,15,1994,P(<,life_stealer,2706,-712,B,mars,2550,-556,8708,10003,-1295,0/0/0,league_roster,league_roster,league_roster
19696,DreamLeague Season 29,8810894092,BetBoom,NAVI,Dire,负,0,P(<,life_stealer,26,2706,winter,ursa,1994,712,ƬψƬ ☢ Sιrιus-妥,axe,2782,-76,10003,8708,1295,0/0/0,league_roster,league_roster,league_roster
19696,DreamLeague Season 29,8810895940,NGX,Tundra,Radiant,负,0,P6,templar_assassin,13,1771,Last Call,kez,2533,-762,not human (животное),doom_bringer,2641,-870,8790,9917,-1127,0/0/1,league_roster,league_roster,league_roster
19696,DreamLeague Season 29,8810895940,Tundra,NGX,Dire,胜,1,Last Call,kez,25,2533,P6,templar_assassin,1771,762,GA,slardar,2296,237,9917,8790,1127,1/0/1,league_roster,league_roster,league_roster
19696,DreamLeague Season 29,8810894132,RKX,PlayTime,Radiant,负,0,!?,necrolyte,29,3399,(<,tiny,2709,690,`m¼,axe,1393,2006,11671,8937,2734,2/0/0,league_roster,league_roster,league_roster
19696,DreamLeague Season 29,8810894132,PlayTime,RKX,Dire,胜,1,(<,tiny,24,2709,!?,necrolyte,3399,-690,underrated,pangolier,2753,-44,8937,11671,-2734,1/0/1,league_roster,league_roster,league_roster
19696,DreamLeague Season 29,8810990695,BetBoom,NAVI,Radiant,负,0,0K<,necrolyte,29,3092,winter,faceless_void,2083,1009,ƬψƬ ☢ Sιrιus-妥,axe,2272,820,10627,8505,2122,1/0/0,league_roster,league_roster,league_roster
19696,DreamLeague Season 29,8810990695,NAVI,BetBoom,Dire,胜,1,winter,faceless_void,18,2083,0K<,necrolyte,3092,-1009,17 mind,dawnbreaker,2716,-633,8505,10627,-2122,0/0/0,league_roster,league_roster,league_roster
19696,DreamLeague Season 29,8810991986,NGX,Tundra,Radiant,胜,1,97,tiny,24,2434,Last Call,kez,2831,-397,not human (животное),largo,2508,-74,9487,9646,-159,0/0/0,league_roster,league_roster,league_roster
19696,DreamLeague Season 29,8810991986,Tundra,NGX,Dire,负,0,Last Call,kez,25,2831,97,tiny,2434,397,@,tidehunter,2378,453,9646,9487,159,1/0/2,league_roster,league_roster,league_roster
19696,DreamLeague Season 29,8811000876,RKX,PlayTime,Radiant,负,0,'MC,terrorblade,20,2456,`b,monkey_king,2336,120,,doom_bringer,2070,386,9586,10314,-728,1/1/1,league_roster,league_roster,league_roster
19696,DreamLeague Season 29,8811000876,PlayTime,RKX,Dire,胜,1,`b,monkey_king,21,2336,'MC,terrorblade,2456,-120,underrated,slardar,2376,-40,10314,9586,728,0/0/3,league_roster,league_roster,league_roster
19696,DreamLeague Season 29,8810989536,PV,XG,Radiant,胜,1,destroy,tiny,23,2311,区,lone_druid,2265,46,pՌ,bristleback,2179,132,8806,8276,530,0/0/0,league_roster,league_roster,league_roster
19696,DreamLeague Season 29,8810989536,XG,PV,Dire,负,0,区,lone_druid,17,2265,destroy,tiny,2311,-46,strafe instructor,dawnbreaker,1952,313,8276,8806,-530,0/0/0,league_roster,league_roster,league_roster
19696,DreamLeague Season 29,8811075585,Tundra,NGX,Radiant,胜,1,Last Call,windrunner,20,2331,8,tiny,2957,-626,@zW,magnataur,2169,162,9834,9127,707,1/0/1,league_roster,league_roster,league_roster
19696,DreamLeague Season 29,8811075585,NGX,Tundra,Dire,负,0,8,tiny,27,2957,Last Call,windrunner,2331,626,not human (животное),largo,2179,778,9127,9834,-707,1/0/0,league_roster,league_roster,league_roster
19696,DreamLeague Season 29,8811095968,PV,XG,Radiant,胜,1,destroy,muerta,30,2751,慖,phantom_assassin,2817,-66,0V,slardar,1770,981,9554,9187,367,0/0/0,league_roster,league_roster,league_roster
19696,DreamLeague Season 29,8811095968,XG,PV,Dire,负,0,慖,phantom_assassin,31,2817,destroy,muerta,2751,66,strafe instructor,beastmaster,2145,672,9187,9554,-367,0/0/1,league_roster,league_roster,league_roster
19696,DreamLeague Season 29,8811620119,Aurora,EX-HERO,Radiant,胜,1,6,tiny,19,2326,.tv/yumadota2,alchemist,2242,84,GAMBOT-PARIS,viper,1988,338,9716,7970,1746,1/0/2,league_roster,league_roster,league_roster
19696,DreamLeague Season 29,8811620119,EX-HERO,Aurora,Dire,负,0,.tv/yumadota2,alchemist,19,2242,6,tiny,2326,-84,Shenorita`,doom_bringer,2377,-135,7970,9716,-1746,1/0/0,league_roster,league_roster,league_roster
19696,DreamLeague Season 29,8811618959,Liquid,VP,Radiant,胜,1,yondaime,bristleback,34,3012,nokia,terrorblade,2201,811,saberlight,dawnbreaker,2279,733,11053,9010,2043,1/0/1,league_roster,league_roster,league_roster
19696,DreamLeague Season 29,8811618959,VP,Liquid,Dire,负,0,nokia,terrorblade,23,2201,yondaime,bristleback,3012,-811,50centaur,abyssal_underlord,2537,-336,9010,11053,-2043,0/3/1,league_roster,league_roster,league_roster
19696,DreamLeague Season 29,8811618995,VG,FLCN,Radiant,负,0,],drow_ranger,23,2457,I m Going To Be The Best Carry,lone_druid,2728,-271,YeS signature player,shredder,1983,474,10304,9626,678,0/1/3,league_roster,league_roster,league_roster
19696,DreamLeague Season 29,8811618995,FLCN,VG,Dire,胜,1,I m Going To Be The Best Carry,lone_druid,28,2728,],drow_ranger,2457,271,,beastmaster,2409,319,9626,10304,-678,0/0/0,league_roster,league_roster,league_roster
19696,DreamLeague Season 29,8811618989,TSpirit,GL,Radiant,胜,1,w_,tiny,24,2681,鬼,kez,2540,141,помойка,doom_bringer,2586,95,9059,8955,104,1/0/0,league_roster,league_roster,league_roster
19696,DreamLeague Season 29,8811618989,GL,TSpirit,Dire,负,0,鬼,kez,20,2540,w_,tiny,2681,-141,,largo,2059,481,8955,9059,-104,1/1/0,league_roster,league_roster,league_roster
19696,DreamLeague Season 29,8811683230,VP,Liquid,Radiant,负,0,nokia,kez,25,2408,yondaime,muerta,2883,-475,50centaur,bristleback,2450,-42,8624,10184,-1560,0/0/1,league_roster,league_roster,league_roster
19696,DreamLeague Season 29,8811683230,Liquid,VP,Dire,胜,1,yondaime,muerta,32,2883,nokia,kez,2408,475,saberlight,kunkka,1662,1221,10184,8624,1560,1/0/1,league_roster,league_roster,league_roster
19696,DreamLeague Season 29,8811680490,EX-HERO,Aurora,Radiant,负,0,.tv/yumadota2,alchemist,16,3094,P,windrunner,2806,288,Shenorita`,tidehunter,2272,822,9359,10007,-648,3/0/0,league_roster,league_roster,league_roster
19696,DreamLeague Season 29,8811680490,Aurora,EX-HERO,Dire,胜,1,P,windrunner,29,2806,.tv/yumadota2,alchemist,3094,-288,GAMBOT-PARIS,primal_beast,1894,912,10007,9359,648,0/0/1,league_roster,league_roster,league_roster
19696,DreamLeague Season 29,8811706161,GL,TSpirit,Radiant,负,0,鬼,luna,27,2450,Pv,furion,2670,-220,pos3jungler,largo,2371,79,9304,9733,-429,0/2/1,league_roster,league_roster,league_roster
19696,DreamLeague Season 29,8811706161,TSpirit,GL,Dire,胜,1,Pv,furion,28,2670,鬼,luna,2450,220,помойка,dawnbreaker,1931,739,9733,9304,429,0/1/1,league_roster,league_roster,league_roster
19696,DreamLeague Season 29,8811687114,FLCN,VG,Radiant,胜,1,I m Going To Be The Best Carry,tiny,25,2357,Roselia,kez,2529,-172,F',mars,2378,-21,9022,9792,-770,0/0/0,league_roster,league_roster,league_roster
19696,DreamLeague Season 29,8811687114,VG,FLCN,Dire,负,0,Roselia,kez,24,2529,I m Going To Be The Best Carry,tiny,2357,172,YeS signature player,doom_bringer,2388,141,9792,9022,770,0/0/0,league_roster,league_roster,league_roster
19696,DreamLeague Season 29,8811838021,NGX,XG,Radiant,胜,1,`^@,lone_druid,23,2500,区,kez,2968,-468,¿,abyssal_underlord,2569,-69,10102,11161,-1059,1/1/0,league_roster,league_roster,league_roster
19696,DreamLeague Season 29,8811838021,XG,NGX,Dire,负,0,区,kez,36,2968,`^@,lone_druid,2500,468,malrincyq,largo,2552,416,11161,10102,1059,0/0/2,league_roster,league_roster,league_roster
19696,DreamLeague Season 29,8811838048,PV,NAVI,Radiant,胜,1,destroy,lone_druid,41,3250,winter,terrorblade,2691,559,ƬψƬ ☢ Sιrιus-妥,axe,1566,1684,10743,8979,1764,0/0/0,league_roster,league_roster,league_roster
19696,DreamLeague Season 29,8811838048,NAVI,PV,Dire,负,0,winter,terrorblade,25,2691,destroy,lone_druid,3250,-559,strafe instructor,brewmaster,2180,511,8979,10743,-1764,0/0/0,league_roster,league_roster,league_roster
19696,DreamLeague Season 29,8811845697,BetBoom,PlayTime,Radiant,负,0,Naruto~,tiny,22,2229,VE,doom_bringer,2080,149,^,abyssal_underlord,2449,-220,9859,9660,199,0/1/0,league_roster,league_roster,league_roster
19696,DreamLeague Season 29,8811845697,PlayTime,BetBoom,Dire,胜,1,VE,doom_bringer,18,2080,Naruto~,tiny,2229,-149,Badwater,magnataur,2520,-440,9660,9859,-199,0/1/0,league_roster,league_roster,league_roster
19696,DreamLeague Season 29,8811839782,Tundra,RKX,Radiant,负,0,Last Call,beastmaster,32,2711,abi eja,luna,2912,-201,underrated,kunkka,2564,147,9204,9823,-619,1/1/1,league_roster,league_roster,league_roster
19696,DreamLeague Season 29,8811839782,RKX,Tundra,Dire,胜,1,abi eja,luna,25,2912,Last Call,beastmaster,2711,201,not human (животное),shredder,2345,567,9823,9204,619,2/1/0,league_roster,league_roster,league_roster
19696,DreamLeague Season 29,8811941658,PV,NAVI,Radiant,胜,1,destroy,muerta,28,2725,winter,ursa,2500,225,ƬψƬ ☢ Sιrιus-妥,slardar,2059,666,9823,9077,746,0/0/0,league_roster,league_roster,league_roster
19696,DreamLeague Season 29,8811941658,NAVI,PV,Dire,负,0,winter,ursa,26,2500,destroy,muerta,2725,-225,strafe instructor,axe,2839,-339,9077,9823,-746,0/0/0,league_roster,league_roster,league_roster
19696,DreamLeague Season 29,8811958377,PlayTime,BetBoom,Radiant,负,0,VE,tiny,23,2358,Naruto~,kez,2841,-483,>ݒ,pangolier,2604,-246,8865,10103,-1238,0/1/0,league_roster,league_roster,league_roster
19696,DreamLeague Season 29,8811958377,BetBoom,PlayTime,Dire,胜,1,Naruto~,kez,31,2841,VE,tiny,2358,483,^,abyssal_underlord,2070,771,10103,8865,1238,0/0/0,league_roster,league_roster,league_roster
19696,DreamLeague Season 29,8811930872,NGX,XG,Radiant,胜,1,rin,nevermore,28,2995,@,clinkz,2600,395,¿,shredder,1700,1295,9687,8756,931,3/1/1,league_roster,league_roster,league_roster
19696,DreamLeague Season 29,8811930872,XG,NGX,Dire,负,0,@,clinkz,30,2600,rin,nevermore,2995,-395,malrincyq,doom_bringer,2130,470,8756,9687,-931,1/0/0,league_roster,league_roster,league_roster
19696,DreamLeague Season 29,8811974004,RKX,Tundra,Radiant,胜,1,"""w",naga_siren,20,2142,Last Call,monkey_king,2357,-215,not human (животное),beastmaster,2072,70,9606,8750,856,0/0/0,league_roster,league_roster,league_roster
19696,DreamLeague Season 29,8811974004,Tundra,RKX,Dire,负,0,Last Call,monkey_king,27,2357,"""w",naga_siren,2142,215,underrated,kunkka,2430,-73,8750,9606,-856,0/2/0,league_roster,league_roster,league_roster
19696,DreamLeague Season 29,8812041728,BetBoom,PlayTime,Radiant,胜,1,Naruto~,kez,23,1969,VE,doom_bringer,2629,-660,^,axe,3034,-1065,8198,9907,-1709,0/3/0,league_roster,league_roster,league_roster
19696,DreamLeague Season 29,8812041728,PlayTime,BetBoom,Dire,负,0,VE,doom_bringer,24,2629,Naruto~,kez,1969,660,Badwater,largo,2420,209,9907,8198,1709,0/0/0,league_roster,league_roster,league_roster
19696,DreamLeague Season 29,8812138585,TSpirit,VP,Radiant,胜,1,兜圈。,kez,30,2640,nokia,life_stealer,1788,852,saberlight,axe,2386,254,9822,8306,1516,0/0/1,league_roster,league_roster,league_roster
19696,DreamLeague Season 29,8812138585,VP,TSpirit,Dire,负,0,nokia,life_stealer,17,1788,兜圈。,kez,2640,-852,pos3jungler,death_prophet,2366,-578,8306,9822,-1516,0/0/1,league_roster,league_roster,league_roster
19696,DreamLeague Season 29,8812138635,FLCN,Liquid,Radiant,胜,1,`7y,ursa,28,2977,yondaime,nevermore,2285,692,50centaur,centaur,2113,864,10293,8681,1612,2/0/0,league_roster,league_roster,league_roster
19696,DreamLeague Season 29,8812138635,Liquid,FLCN,Dire,负,0,yondaime,nevermore,27,2285,`7y,ursa,2977,-692,YeS signature player,mars,2459,-174,8681,10293,-1612,0/1/0,league_roster,league_roster,league_roster
19696,DreamLeague Season 29,8812155277,Aurora,GL,Radiant,胜,1,tragic,doom_bringer,21,2143,鬼,drow_ranger,2886,-743,помойка,night_stalker,2063,80,7960,9501,-1541,0/0/0,league_roster,league_roster,league_roster
19696,DreamLeague Season 29,8812155277,GL,Aurora,Dire,负,0,鬼,drow_ranger,24,2886,tragic,doom_bringer,2143,743,Shenorita`,shredder,1424,1462,9501,7960,1541,1/0/1,league_roster,league_roster,league_roster
19696,DreamLeague Season 29,8812138607,VG,EX-HERO,Radiant,胜,1,,tiny,22,2211,.tv/yumadota2,muerta,2244,-33,GAMBOT-PARIS,tidehunter,2433,-222,9803,10047,-244,0/0/0,league_roster,league_roster,league_roster
19696,DreamLeague Season 29,8812138607,EX-HERO,VG,Dire,负,0,.tv/yumadota2,muerta,25,2244,,tiny,2211,33,Bach,beastmaster,2370,-126,10047,9803,244,0/0/0,league_roster,league_roster,league_roster
19696,DreamLeague Season 29,8812233361,VP,TSpirit,Radiant,负,0,nokia,muerta,24,2233,pJf,alchemist,3014,-781,pos3jungler,slardar,1954,279,8423,10442,-2019,0/1/0,league_roster,league_roster,league_roster
19696,DreamLeague Season 29,8812233361,TSpirit,VP,Dire,胜,1,pJf,alchemist,26,3014,nokia,muerta,2233,781,saberlight,beastmaster,2387,627,10442,8423,2019,0/0/0,league_roster,league_roster,league_roster
19696,DreamLeague Season 29,8812263063,Aurora,GL,Radiant,胜,1,tragic,windrunner,25,3038,鬼,drow_ranger,2470,568,помойка,doom_bringer,1858,1180,10096,8106,1990,2/0/0,league_roster,league_roster,league_roster
19696,DreamLeague Season 29,8812263063,GL,Aurora,Dire,负,0,鬼,drow_ranger,18,2470,tragic,windrunner,3038,-568,Shenorita`,largo,2016,454,8106,10096,-1990,1/2/0,league_roster,league_roster,league_roster
19696,DreamLeague Season 29,8812258249,FLCN,Liquid,Radiant,胜,1,m$,tiny,30,2465,yondaime,muerta,2426,39,50centaur,dawnbreaker,2673,-208,9803,10049,-246,0/0/0,league_roster,league_roster,league_roster
19696,DreamLeague Season 29,8812258249,Liquid,FLCN,Dire,负,0,yondaime,muerta,23,2426,m$,tiny,2465,-39,YeS signature player,viper,2771,-345,10049,9803,246,0/2/1,league_roster,league_roster,league_roster
19696,DreamLeague Season 29,8812274718,EX-HERO,VG,Radiant,负,0,.tv/yumadota2,life_stealer,22,2149,Roselia,drow_ranger,2862,-713,Bach,axe,2450,-301,7663,10083,-2420,0/0/0,league_roster,league_roster,league_roster
19696,DreamLeague Season 29,8812274718,VG,EX-HERO,Dire,胜,1,Roselia,drow_ranger,22,2862,.tv/yumadota2,life_stealer,2149,713,GAMBOT-PARIS,shredder,1897,965,10083,7663,2420,2/0/1,league_roster,league_roster,league_roster
19696,DreamLeague Season 29,8812989097,NAVI,PlayTime,Radiant,胜,1,winter,terrorblade,32,2885,VE,alchemist,2516,369,^,largo,2172,713,10612,8805,1807,0/0/0,league_roster,league_roster,league_roster
19696,DreamLeague Season 29,8812989097,PlayTime,NAVI,Dire,负,0,VE,alchemist,19,2516,winter,terrorblade,2885,-369,ƬψƬ ☢ Sιrιus-妥,abyssal_underlord,2385,131,8805,10612,-1807,0/1/1,league_roster,league_roster,league_roster
19696,DreamLeague Season 29,8812989027,NGX,PV,Radiant,负,0,rin,luna,24,2506,destroy,kez,2271,235,strafe instructor,axe,2233,273,7702,9739,-2037,0/0/0,league_roster,league_roster,league_roster
19696,DreamLeague Season 29,8812989027,PV,NGX,Dire,胜,1,destroy,kez,25,2271,rin,luna,2506,-235,malrincyq,largo,2027,244,9739,7702,2037,1/0/0,league_roster,league_roster,league_roster
19696,DreamLeague Season 29,8812990272,XG,RKX,Radiant,胜,1,区,faceless_void,25,2659,abi eja,sven,2323,336,underrated,axe,2667,-8,9387,8725,662,0/0/0,league_roster,league_roster,league_roster
19696,DreamLeague Season 29,8812990272,RKX,XG,Dire,负,0,abi eja,sven,22,2323,区,faceless_void,2659,-336,¿,dawnbreaker,2326,-3,8725,9387,-662,1/0/0,league_roster,league_roster,league_roster
19696,DreamLeague Season 29,8812989544,Tundra,BetBoom,Radiant,胜,1,Last Call,kez,25,2184,Naruto~,luna,2396,-212,Rs,tidehunter,1761,423,9235,8614,621,1/1/1,league_roster,league_roster,league_roster
19696,DreamLeague Season 29,8812989544,BetBoom,Tundra,Dire,负,0,Naruto~,luna,26,2396,Last Call,kez,2184,212,not human (животное),shredder,2185,211,8614,9235,-621,0/0/0,league_roster,league_roster,league_roster
19696,DreamLeague Season 29,8813059358,RKX,XG,Radiant,负,0,abi eja,tiny,12,1948,区,alchemist,3127,-1179,¿,dawnbreaker,2187,-239,9072,9854,-782,0/2/2,league_roster,league_roster,league_roster
19696,DreamLeague Season 29,8813059358,XG,RKX,Dire,胜,1,区,alchemist,37,3127,abi eja,tiny,1948,1179,underrated,abyssal_underlord,2518,609,9854,9072,782,0/0/1,league_roster,league_roster,league_roster
19696,DreamLeague Season 29,8813051930,PlayTime,NAVI,Radiant,负,0,VE,beastmaster,27,2903,winter,windrunner,2650,253,ƬψƬ ☢ Sιrιus-妥,axe,2211,692,9294,10081,-787,0/0/2,league_roster,league_roster,league_roster
19696,DreamLeague Season 29,8813051930,NAVI,PlayTime,Dire,胜,1,winter,windrunner,24,2650,VE,beastmaster,2903,-253,Ps,slardar,1724,926,10081,9294,787,0/0/0,league_roster,league_roster,league_roster
19696,DreamLeague Season 29,8813055101,PV,NGX,Radiant,胜,1,destroy,kez,28,2641,rin,gyrocopter,2497,144,malrincyq,largo,2109,532,9177,9364,-187,1/0/0,league_roster,league_roster,league_roster
19696,DreamLeague Season 29,8813055101,NGX,PV,Dire,负,0,rin,gyrocopter,27,2497,destroy,kez,2641,-144,strafe instructor,axe,1876,621,9364,9177,187,1/1/1,league_roster,league_roster,league_roster
19696,DreamLeague Season 29,8813075789,BetBoom,Tundra,Radiant,胜,1,u,muerta,26,2592,Last Call,kez,2701,-109,not human (животное),doom_bringer,2450,142,10516,10285,231,1/1/2,league_roster,league_roster,league_roster
19696,DreamLeague Season 29,8813075789,Tundra,BetBoom,Dire,负,0,Last Call,kez,27,2701,u,muerta,2592,109,Badwater,tidehunter,2240,461,10285,10516,-231,1/0/0,league_roster,league_roster,league_roster
19696,DreamLeague Season 29,8813156153,Tundra,BetBoom,Radiant,胜,1,Last Call,windrunner,23,2371,Naruto~,dawnbreaker,1838,533,Badwater,largo,2058,313,9528,8453,1075,0/0/2,league_roster,league_roster,league_roster
19696,DreamLeague Season 29,8813156153,BetBoom,Tundra,Dire,负,0,Naruto~,dawnbreaker,18,1838,Last Call,windrunner,2371,-533,not human (животное),lycan,2750,-912,8453,9528,-1075,0/1/2,league_roster,league_roster,league_roster
19696,DreamLeague Season 29,8813239365,EX-HERO,Liquid,Radiant,负,0,.tv/yumadota2,faceless_void,26,2487,ᄔ,kez,2708,-221,50centaur,doom_bringer,2651,-164,8173,10209,-2036,1/0/0,league_roster,league_roster,league_roster
19696,DreamLeague Season 29,8813239365,Liquid,EX-HERO,Dire,胜,1,ᄔ,kez,27,2708,.tv/yumadota2,faceless_void,2487,221,GAMBOT-PARIS,tidehunter,1661,1047,10209,8173,2036,0/0/1,league_roster,league_roster,league_roster
19696,DreamLeague Season 29,8813239180,GL,VP,Radiant,负,0,鬼,ursa,24,2822,nokia,alchemist,2665,157,saberlight,tidehunter,2089,733,9153,8932,221,2/0/0,league_roster,league_roster,league_roster
19696,DreamLeague Season 29,8813239180,VP,GL,Dire,胜,1,nokia,alchemist,23,2665,鬼,ursa,2822,-157,помойка,largo,2209,456,8932,9153,-221,1/0/0,league_roster,league_roster,league_roster
19696,DreamLeague Season 29,8813240600,Aurora,VG,Radiant,胜,1,tragic,ursa,27,2536,ԓ,drow_ranger,2876,-340,Bach,death_prophet,2432,104,9887,9554,333,0/0/0,league_roster,league_roster,league_roster
19696,DreamLeague Season 29,8813240600,VG,Aurora,Dire,负,0,ԓ,drow_ranger,32,2876,tragic,ursa,2536,340,:,doom_bringer,2390,486,9554,9887,-333,0/0/1,league_roster,league_roster,league_roster
19696,DreamLeague Season 29,8813287573,TSpirit,FLCN,Radiant,胜,1,兜圈。,alchemist,16,1829,I m Going To Be The Best Carry,weaver,2402,-573,YeS signature player,doom_bringer,2238,-409,8546,9690,-1144,1/1/0,league_roster,league_roster,league_roster
19696,DreamLeague Season 29,8813287573,FLCN,TSpirit,Dire,负,0,I m Going To Be The Best Carry,weaver,28,2402,兜圈。,alchemist,1829,573,pos3jungler,largo,2972,-570,9690,8546,1144,0/0/0,league_roster,league_roster,league_roster
19696,DreamLeague Season 29,8813352678,Liquid,EX-HERO,Radiant,胜,1,yondaime,tiny,26,2678,.tv/yumadota2,monkey_king,2173,505,GAMBOT-PARIS,shredder,2513,165,9900,9004,896,0/0/0,league_roster,league_roster,league_roster
19696,DreamLeague Season 29,8813352678,EX-HERO,Liquid,Dire,负,0,.tv/yumadota2,monkey_king,18,2173,yondaime,tiny,2678,-505,50centaur,doom_bringer,2512,-339,9004,9900,-896,0/2/2,league_roster,league_roster,league_roster
19696,DreamLeague Season 29,8813352696,VP,GL,Radiant,负,0,nokia,windrunner,27,2494,鬼,life_stealer,2649,-155,помойка,slardar,2331,163,8586,9760,-1174,0/0/1,league_roster,league_roster,league_roster
19696,DreamLeague Season 29,8813352696,GL,VP,Dire,胜,1,鬼,life_stealer,24,2649,nokia,windrunner,2494,155,saberlight,abyssal_underlord,2210,439,9760,8586,1174,0/0/1,league_roster,league_roster,league_roster
19696,DreamLeague Season 29,8813355676,VG,Aurora,Radiant,胜,1,Roselia,muerta,28,2503,tragic,ursa,2507,-4,`,slardar,2308,195,9825,9114,711,0/0/1,league_roster,league_roster,league_roster
19696,DreamLeague Season 29,8813355676,Aurora,VG,Dire,负,0,tragic,ursa,26,2507,Roselia,muerta,2503,4,Bach,axe,2491,16,9114,9825,-711,0/0/1,league_roster,league_roster,league_roster
19696,DreamLeague Season 29,8813398413,FLCN,TSpirit,Radiant,胜,1,I m Going To Be The Best Carry,windrunner,31,3044,兜圈。,terrorblade,2444,600,pos3jungler,axe,2038,1006,10237,9188,1049,0/0/1,league_roster,league_roster,league_roster
19696,DreamLeague Season 29,8813398413,TSpirit,FLCN,Dire,负,0,兜圈。,terrorblade,21,2444,I m Going To Be The Best Carry,windrunner,3044,-600,YeS signature player,shredder,2549,-105,9188,10237,-1049,1/0/0,league_roster,league_roster,league_roster
19696,DreamLeague Season 29,8813441620,VP,GL,Radiant,负,0,nokia,tiny,25,2772,鬼,luna,2353,419,помойка,abyssal_underlord,2446,326,9215,9834,-619,1/0/0,league_roster,league_roster,league_roster
19696,DreamLeague Season 29,8813441620,GL,VP,Dire,胜,1,鬼,luna,18,2353,nokia,tiny,2772,-419,saberlight,primal_beast,2077,276,9834,9215,619,1/1/1,league_roster,league_roster,league_roster
19696,DreamLeague Season 29,8813453376,VG,Aurora,Radiant,负,0,Roselia,medusa,22,2712,tragic,ursa,2716,-4,Shenorita`,doom_bringer,2613,99,9639,9655,-16,1/1/2,league_roster,league_roster,league_roster
19696,DreamLeague Season 29,8813453376,Aurora,VG,Dire,胜,1,tragic,ursa,31,2716,Roselia,medusa,2712,4,Bach,bristleback,2061,655,9655,9639,16,0/0/0,league_roster,league_roster,league_roster
19696,DreamLeague Season 29,8813536582,TSpirit,FLCN,Radiant,负,0,兜圈。,kez,31,2953,I m Going To Be The Best Carry,tiny,2983,-30,YeS signature player,shredder,2400,553,9830,10321,-491,1/0/0,league_roster,league_roster,league_roster
19696,DreamLeague Season 29,8813536582,FLCN,TSpirit,Dire,胜,1,I m Going To Be The Best Carry,tiny,26,2983,兜圈。,kez,2953,30,R,primal_beast,2380,603,10321,9830,491,1/0/0,league_roster,league_roster,league_roster
19696,DreamLeague Season 29,8813551147,NAVI,Tundra,Radiant,胜,1,winter,ursa,27,2567,Last Call,windrunner,2307,260,not human (животное),shredder,1813,754,8759,8927,-168,0/0/0,league_roster,league_roster,league_roster
19696,DreamLeague Season 29,8813551147,Tundra,NAVI,Dire,负,0,Last Call,windrunner,27,2307,winter,ursa,2567,-260,ƬψƬ ☢ Sιrιus-妥,centaur,2500,-193,8927,8759,168,0/1/1,league_roster,league_roster,league_roster
19696,DreamLeague Season 29,8813556518,RKX,NGX,Radiant,负,0,abi eja,kez,23,2493,0,monkey_king,2609,-116,malrincyq,axe,2250,243,9223,9275,-52,2/1/0,league_roster,league_roster,league_roster
19696,DreamLeague Season 29,8813556518,NGX,RKX,Dire,胜,1,0,monkey_king,23,2609,abi eja,kez,2493,116,underrated,dawnbreaker,2120,489,9275,9223,52,1/0/0,league_roster,league_roster,league_roster
19696,DreamLeague Season 29,8813604844,PV,PlayTime,Radiant,负,0,destroy,drow_ranger,29,2369,@:UЕ,doom_bringer,2776,-407,WZ,axe,2163,206,9416,10674,-1258,0/1/0,league_roster,league_roster,league_roster
19696,DreamLeague Season 29,8813604844,PlayTime,PV,Dire,胜,1,@:UЕ,doom_bringer,28,2776,destroy,drow_ranger,2369,407,strafe instructor,slardar,1975,801,10674,9416,1258,1/1/0,league_roster,league_roster,league_roster
19696,DreamLeague Season 29,8813650766,Tundra,NAVI,Radiant,胜,1,Last Call,templar_assassin,26,2520,winter,broodmother,1919,601,ƬψƬ ☢ Sιrιus-妥,axe,2499,21,9023,8899,124,0/1/0,league_roster,league_roster,league_roster
19696,DreamLeague Season 29,8813650766,NAVI,Tundra,Dire,负,0,winter,broodmother,20,1919,Last Call,templar_assassin,2520,-601,not human (животное),largo,2561,-642,8899,9023,-124,0/1/1,league_roster,league_roster,league_roster
19696,DreamLeague Season 29,8813657190,NGX,RKX,Radiant,胜,1,rin,muerta,32,3142,P,mirana,2879,263,underrated,slardar,1686,1456,10707,9013,1694,2/0/3,league_roster,league_roster,league_roster
19696,DreamLeague Season 29,8813657190,RKX,NGX,Dire,负,0,P,mirana,26,2879,rin,muerta,3142,-263,malrincyq,tidehunter,2524,355,9013,10707,-1694,2/1/3,league_roster,league_roster,league_roster
19696,DreamLeague Season 29,8813653439,BetBoom,XG,Radiant,胜,1,ܔ,kez,25,2286,区,tiny,2015,271,¿,doom_bringer,2552,-266,9528,8424,1104,0/0/1,league_roster,league_roster,league_roster
19696,DreamLeague Season 29,8813653439,XG,BetBoom,Dire,负,0,区,tiny,17,2015,ܔ,kez,2286,-271,,abyssal_underlord,2636,-621,8424,9528,-1104,0/1/0,league_roster,league_roster,league_roster
19696,DreamLeague Season 29,8813707883,PlayTime,PV,Radiant,负,0,J,alchemist,13,2095,destroy,tiny,3064,-969,strafe instructor,dawnbreaker,2571,-476,10150,10062,88,0/1/0,league_roster,league_roster,league_roster
19696,DreamLeague Season 29,8813707883,PV,PlayTime,Dire,胜,1,destroy,tiny,39,3064,J,alchemist,2095,969,`Kt,axe,2941,123,10062,10150,-88,0/0/0,league_roster,league_roster,league_roster
19696,DreamLeague Season 29,8813745846,Tundra,NAVI,Radiant,负,0,Last Call,templar_assassin,26,1907,winter,monkey_king,2743,-836,ƬψƬ ☢ Sιrιus-妥,magnataur,2586,-679,8777,10515,-1738,0/0/0,league_roster,league_roster,league_roster
19696,DreamLeague Season 29,8813745846,NAVI,Tundra,Dire,胜,1,winter,monkey_king,24,2743,Last Call,templar_assassin,1907,836,not human (животное),brewmaster,2347,396,10515,8777,1738,1/1/2,league_roster,league_roster,league_roster
19696,DreamLeague Season 29,8813775647,XG,BetBoom,Radiant,负,0,区,phantom_lancer,31,2618,Naruto~,kez,2718,-100,Badwater,primal_beast,2463,155,8347,10085,-1738,0/0/0,league_roster,league_roster,league_roster
19696,DreamLeague Season 29,8813775647,BetBoom,XG,Dire,胜,1,Naruto~,kez,29,2718,区,phantom_lancer,2618,100,¿,shredder,2419,299,10085,8347,1738,0/0/1,league_roster,league_roster,league_roster
19696,DreamLeague Season 29,8813802531,PlayTime,PV,Radiant,胜,1,VE,necrolyte,27,2719,destroy,lone_druid,3331,-612,strafe instructor,dawnbreaker,2211,508,9869,9686,183,0/0/0,league_roster,league_roster,league_roster
19696,DreamLeague Season 29,8813802531,PV,PlayTime,Dire,负,0,destroy,lone_druid,34,3331,VE,necrolyte,2719,612,p6l,beastmaster,1783,1548,9686,9869,-183,1/0/0,league_roster,league_roster,league_roster
19696,DreamLeague Season 29,8814473986,TSpirit,EX-HERO,Radiant,胜,1,兜圈。,juggernaut,28,2791,Yuma,ursa,1935,856,GAMBOT-PARIS,pangolier,2104,687,10824,8511,2313,0/0/1,league_roster,league_roster,league_roster
19696,DreamLeague Season 29,8814473986,EX-HERO,TSpirit,Dire,负,0,Yuma,ursa,17,1935,兜圈。,juggernaut,2791,-856,hV,slardar,2672,-737,8511,10824,-2313,1/1/1,league_roster,league_roster,league_roster
19696,DreamLeague Season 29,8814473655,VG,Liquid,Radiant,胜,1,Roselia,terrorblade,26,2887,yondaime,furion,2469,418,),slardar,2339,548,9984,9309,675,1/0/0,league_roster,league_roster,league_roster
19696,DreamLeague Season 29,8814473655,Liquid,VG,Dire,负,0,yondaime,furion,24,2469,Roselia,terrorblade,2887,-418,Bach,doom_bringer,2400,69,9309,9984,-675,0/1/0,league_roster,league_roster,league_roster
19696,DreamLeague Season 29,8814473618,VP,Aurora,Radiant,负,0,nokia,life_stealer,25,2618,tragic,phantom_lancer,2498,120,@f#,axe,2396,222,9599,9448,151,0/0/3,league_roster,league_roster,league_roster
19696,DreamLeague Season 29,8814473618,Aurora,VP,Dire,胜,1,tragic,phantom_lancer,22,2498,nokia,life_stealer,2618,-120,saberlight,slardar,2036,462,9448,9599,-151,0/1/1,league_roster,league_roster,league_roster
19696,DreamLeague Season 29,8814475396,GL,FLCN,Radiant,胜,1,鬼,lone_druid,26,2567,*~h,ursa,2711,-144,YeS signature player,shredder,1801,766,9941,9149,792,0/0/2,league_roster,league_roster,league_roster
19696,DreamLeague Season 29,8814475396,FLCN,GL,Dire,负,0,*~h,ursa,31,2711,鬼,lone_druid,2567,144,помойка,largo,2350,361,9149,9941,-792,0/1/0,league_roster,league_roster,league_roster
19696,DreamLeague Season 29,8814549253,EX-HERO,TSpirit,Radiant,负,0,Yuma,meepo,27,2324,N,tiny,1947,377,#y,pangolier,2937,-613,9304,8904,400,1/0/0,league_roster,league_roster,league_roster
19696,DreamLeague Season 29,8814549253,TSpirit,EX-HERO,Dire,胜,1,N,tiny,23,1947,Yuma,meepo,2324,-377,GAMBOT-PARIS,bristleback,2297,-350,8904,9304,-400,0/0/0,league_roster,league_roster,league_roster
19696,DreamLeague Season 29,8814554021,VG,Liquid,Radiant,负,0,Roselia,windrunner,24,2991,yondaime,tiny,2100,891,50centaur,doom_bringer,2341,650,10343,8418,1925,2/0/1,league_roster,league_roster,league_roster
19696,DreamLeague Season 29,8814554021,Liquid,VG,Dire,胜,1,yondaime,tiny,22,2100,Roselia,windrunner,2991,-891,Bach,batrider,2527,-427,8418,10343,-1925,0/0/0,league_roster,league_roster,league_roster
19696,DreamLeague Season 29,8814558995,Aurora,VP,Radiant,负,0,tragic,windrunner,24,2288,nokia,luna,1904,384,saberlight,centaur,1912,376,8831,7941,890,0/0/1,league_roster,league_roster,league_roster
19696,DreamLeague Season 29,8814558995,VP,Aurora,Dire,胜,1,nokia,luna,22,1904,tragic,windrunner,2288,-384,p6n,beastmaster,2641,-737,7941,8831,-890,0/0/0,league_roster,league_roster,league_roster
19696,DreamLeague Season 29,8814561483,FLCN,GL,Radiant,胜,1,I m Going To Be The Best Carry,luna,46,3300,鬼,clinkz,2429,871,помойка,lycan,2179,1121,10928,8852,2076,2/0/2,league_roster,league_roster,league_roster
19696,DreamLeague Season 29,8814561483,GL,FLCN,Dire,负,0,鬼,clinkz,24,2429,I m Going To Be The Best Carry,luna,3300,-871,YeS signature player,shredder,2391,38,8852,10928,-2076,1/1/1,league_roster,league_roster,league_roster
19696,DreamLeague Season 29,8814642533,VG,Liquid,Radiant,负,0,Roselia,alchemist,24,2284,A,luna,2795,-511,50centaur,pangolier,2527,-243,7829,10116,-2287,0/0/0,league_roster,league_roster,league_roster
19696,DreamLeague Season 29,8814642533,Liquid,VG,Dire,胜,1,A,luna,33,2795,Roselia,alchemist,2284,511,Bach,primal_beast,1826,969,10116,7829,2287,0/0/0,league_roster,league_roster,league_roster
19696,DreamLeague Season 29,8814645393,VP,Aurora,Radiant,负,0,nokia,kez,14,2212,tragic,tiny,2782,-570,Shenorita`,dawnbreaker,2667,-455,8736,9978,-1242,2/1/0,league_roster,league_roster,league_roster
19696,DreamLeague Season 29,8814645393,Aurora,VP,Dire,胜,1,tragic,tiny,26,2782,nokia,kez,2212,570,saberlight,tidehunter,2140,642,9978,8736,1242,1/0/0,league_roster,league_roster,league_roster
19696,DreamLeague Season 29,8814673909,FLCN,GL,Radiant,胜,1,I m Going To Be The Best Carry,luna,28,2436,鬼,muerta,2477,-41,помойка,lycan,2663,-227,9924,9141,783,0/0/0,league_roster,league_roster,league_roster
19696,DreamLeague Season 29,8814673909,GL,FLCN,Dire,负,0,鬼,muerta,27,2477,I m Going To Be The Best Carry,luna,2436,41,YeS signature player,mars,2619,-142,9141,9924,-783,1/0/0,league_roster,league_roster,league_roster
19696,DreamLeague Season 29,8814748706,PV,RKX,Radiant,胜,1,destroy,tiny,19,2146,abi eja,lone_druid,2137,9,underrated,dawnbreaker,2318,-172,10024,8784,1240,1/1/1,league_roster,league_roster,league_roster
19696,DreamLeague Season 29,8814748706,RKX,PV,Dire,负,0,abi eja,lone_druid,20,2137,destroy,tiny,2146,-9,strafe instructor,abyssal_underlord,2288,-151,8784,10024,-1240,0/1/0,league_roster,league_roster,league_roster
19696,DreamLeague Season 29,8814775838,PlayTime,Tundra,Radiant,胜,1,VE,windrunner,28,2340,Damn,ursa,2128,212,not human (животное),batrider,2144,196,9658,9007,651,0/1/0,league_roster,league_roster,league_roster
19696,DreamLeague Season 29,8814775838,Tundra,PlayTime,Dire,负,0,Damn,ursa,20,2128,VE,windrunner,2340,-212,^,doom_bringer,2406,-278,9007,9658,-651,0/1/1,league_roster,league_roster,league_roster
19696,DreamLeague Season 29,8814800807,XG,NAVI,Radiant,负,0,区,drow_ranger,27,2774,winter,doom_bringer,2249,525,ƬψƬ ☢ Sιrιus-妥,centaur,2197,577,10559,9034,1525,1/0/0,league_roster,league_roster,league_roster
19696,DreamLeague Season 29,8814800807,NAVI,XG,Dire,胜,1,winter,doom_bringer,26,2249,区,drow_ranger,2774,-525,¿,dawnbreaker,2747,-498,9034,10559,-1525,0/1/0,league_roster,league_roster,league_roster
19696,DreamLeague Season 29,8814771003,NGX,BetBoom,Radiant,负,0,S,terrorblade,23,2391,Naruto~,kez,2129,262,Badwater,beastmaster,2353,38,10085,9244,841,2/0/0,league_roster,league_roster,league_roster
19696,DreamLeague Season 29,8814771003,BetBoom,NGX,Dire,胜,1,Naruto~,kez,23,2129,S,terrorblade,2391,-262,malrincyq,axe,2986,-857,9244,10085,-841,0/2/0,league_roster,league_roster,league_roster
19696,DreamLeague Season 29,8814858474,RKX,PV,Radiant,胜,1,abi eja,kez,20,2360,destroy,muerta,3472,-1112,strafe instructor,slardar,1903,457,8835,10606,-1771,1/0/0,league_roster,league_roster,league_roster
19696,DreamLeague Season 29,8814858474,PV,RKX,Dire,负,0,destroy,muerta,35,3472,abi eja,kez,2360,1112,underrated,primal_beast,2136,1336,10606,8835,1771,2/0/0,league_roster,league_roster,league_roster
19696,DreamLeague Season 29,8814932055,XG,NAVI,Radiant,负,0,,kez,26,2144,winter,faceless_void,2397,-253,ƬψƬ ☢ Sιrιus-妥,abyssal_underlord,2680,-536,10311,9749,562,0/0/0,league_roster,league_roster,league_roster
19696,DreamLeague Season 29,8814932055,NAVI,XG,Dire,胜,1,winter,faceless_void,24,2397,,kez,2144,253,%y,largo,3040,-643,9749,10311,-562,0/0/0,league_roster,league_roster,league_roster
19696,DreamLeague Season 29,8814885502,Tundra,PlayTime,Radiant,胜,1,Damn,windrunner,29,2847,VE,muerta,2664,183,^,abyssal_underlord,1837,1010,9173,9698,-525,2/1/1,league_roster,league_roster,league_roster
19696,DreamLeague Season 29,8814885502,PlayTime,Tundra,Dire,负,0,VE,muerta,24,2664,Damn,windrunner,2847,-183,not human (животное),tidehunter,1862,802,9698,9173,525,0/0/2,league_roster,league_roster,league_roster
19696,DreamLeague Season 29,8814944245,NGX,BetBoom,Radiant,负,0,rin,medusa,21,2164,Naruto~,muerta,2144,20,Badwater,beastmaster,2993,-829,8540,10102,-1562,0/0/1,league_roster,league_roster,league_roster
19696,DreamLeague Season 29,8814944245,BetBoom,NGX,Dire,胜,1,Naruto~,muerta,26,2144,rin,medusa,2164,-20,cQR,centaur,2406,-262,10102,8540,1562,0/0/1,league_roster,league_roster,league_roster
19696,DreamLeague Season 29,8814994202,RKX,PV,Radiant,负,0,kj,necrolyte,28,2687,destroy,kez,2975,-288,strafe instructor,axe,3435,-748,9900,11722,-1822,0/2/1,league_roster,league_roster,league_roster
19696,DreamLeague Season 29,8814994202,PV,RKX,Dire,胜,1,destroy,kez,30,2975,kj,necrolyte,2687,288,underrated,death_prophet,2366,609,11722,9900,1822,2/0/0,league_roster,league_roster,league_roster
19696,DreamLeague Season 29,8815026096,PlayTime,Tundra,Radiant,负,0,VE,windrunner,29,2609,Damn,kez,2533,76,not human (животное),shredder,2779,-170,9830,9765,65,0/0/0,league_roster,league_roster,league_roster
19696,DreamLeague Season 29,8815026096,Tundra,PlayTime,Dire,胜,1,Damn,kez,22,2533,VE,windrunner,2609,-76,^,tidehunter,2365,168,9765,9830,-65,0/0/0,league_roster,league_roster,league_roster
19696,DreamLeague Season 29,8815801127,PlayTime,XG,Radiant,胜,1,VE,necrolyte,33,3083,区,terrorblade,2308,775,¿,axe,2225,858,10451,8755,1696,1/0/0,league_roster,league_roster,league_roster
19696,DreamLeague Season 29,8815801127,XG,PlayTime,Dire,负,0,区,terrorblade,25,2308,VE,necrolyte,3083,-775,o,brewmaster,2075,233,8755,10451,-1696,0/1/0,league_roster,league_roster,league_roster
19696,DreamLeague Season 29,8815854223,PlayTime,Tundra,Radiant,负,0,VE,nevermore,26,2760,Damn,phantom_assassin,2193,567,not human (животное),largo,2573,187,9302,8683,619,1/0/0,league_roster,league_roster,league_roster
19696,DreamLeague Season 29,8815854223,Tundra,PlayTime,Dire,胜,1,Damn,phantom_assassin,23,2193,VE,nevermore,2760,-567,^,beastmaster,1508,685,8683,9302,-619,0/1/1,league_roster,league_roster,league_roster
19696,DreamLeague Season 29,8815912139,Tundra,XG,Radiant,胜,1,Damn,muerta,23,2335,区,luna,1993,342,¿,abyssal_underlord,1948,387,9388,8101,1287,1/1/1,league_roster,league_roster,league_roster
19696,DreamLeague Season 29,8815912139,XG,Tundra,Dire,负,0,区,luna,21,1993,Damn,muerta,2335,-342,not human (животное),doom_bringer,2604,-611,8101,9388,-1287,0/1/0,league_roster,league_roster,league_roster
19696,DreamLeague Season 29,8817062805,FLCN,Tundra,Radiant,胜,1,,windrunner,32,2324,Damn,phantom_assassin,2696,-372,not human (животное),doom_bringer,2594,-270,8948,9513,-565,0/0/1,league_roster,league_roster,league_roster
19696,DreamLeague Season 29,8817062805,Tundra,FLCN,Dire,负,0,Damn,phantom_assassin,32,2696,,windrunner,2324,372,YeS signature player,tidehunter,2709,-13,9513,8948,565,0/0/1,league_roster,league_roster,league_roster
19696,DreamLeague Season 29,8817145578,Tundra,FLCN,Radiant,负,0,Damn,windrunner,24,2344,I m Going To Be The Best Carry,life_stealer,2613,-269,YeS signature player,shredder,2289,55,8619,9311,-692,0/0/0,league_roster,league_roster,league_roster
19696,DreamLeague Season 29,8817145578,FLCN,Tundra,Dire,胜,1,I m Going To Be The Best Carry,life_stealer,33,2613,Damn,windrunner,2344,269,not human (животное),sand_king,2647,-34,9311,8619,692,0/0/0,league_roster,league_roster,league_roster
19696,DreamLeague Season 29,8817248835,Liquid,PV,Radiant,负,0,[(,windrunner,33,3219,destroy,kez,2843,376,strafe instructor,beastmaster,2165,1054,9920,10328,-408,0/0/2,league_roster,league_roster,league_roster
19696,DreamLeague Season 29,8817248835,PV,Liquid,Dire,胜,1,destroy,kez,27,2843,[(,windrunner,3219,-376,50centaur,tidehunter,2146,697,10328,9920,408,0/0/0,league_roster,league_roster,league_roster
19696,DreamLeague Season 29,8817309538,TSpirit,BB,Radiant,胜,1,兜圈。,drow_ranger,30,3137,e,monkey_king,2430,707,Badwater,axe,1921,1216,9393,9028,365,3/0/0,league_roster,league_roster,league_roster
19696,DreamLeague Season 29,8817309538,BB,TSpirit,Dire,负,0,e,monkey_king,29,2430,兜圈。,drow_ranger,3137,-707,n<,pangolier,1971,459,9028,9393,-365,0/0/1,league_roster,league_roster,league_roster
19696,DreamLeague Season 29,8817364827,PV,Liquid,Radiant,负,0,destroy,necrolyte,31,3463,yondaime,kez,2352,1111,50centaur,night_stalker,1696,1767,10527,8034,2493,3/0/2,league_roster,league_roster,league_roster
19696,DreamLeague Season 29,8817364827,Liquid,PV,Dire,胜,1,yondaime,kez,26,2352,destroy,necrolyte,3463,-1111,strafe instructor,shredder,2263,89,8034,10527,-2493,0/1/1,league_roster,league_roster,league_roster
19696,DreamLeague Season 29,8817437213,TSpirit,BB,Radiant,胜,1,Pѵ,nevermore,27,2544,Naruto~,monkey_king,2113,431,Badwater,largo,2473,71,8981,8836,145,0/0/0,league_roster,league_roster,league_roster
19696,DreamLeague Season 29,8817437213,BB,TSpirit,Dire,负,0,Naruto~,monkey_king,21,2113,Pѵ,nevermore,2544,-431,!/,pangolier,2234,-121,8836,8981,-145,0/1/1,league_roster,league_roster,league_roster
19696,DreamLeague Season 29,8817480844,PV,Liquid,Radiant,胜,1,destroy,terrorblade,30,2729,,nevermore,2856,-127,50centaur,abyssal_underlord,1939,790,9380,9598,-218,1/0/2,league_roster,league_roster,league_roster
19696,DreamLeague Season 29,8817480844,Liquid,PV,Dire,负,0,,nevermore,31,2856,destroy,terrorblade,2729,127,strafe instructor,shredder,1861,995,9598,9380,218,1/0/0,league_roster,league_roster,league_roster
19696,DreamLeague Season 29,8817588541,NAVI,Aurora,Radiant,胜,1,PC+,templar_assassin,24,2837,C+,ursa,2623,214,C+,phoenix,2336,501,9791,9759,32,2/0/0,league_roster,league_roster,league_roster
19696,DreamLeague Season 29,8817588541,Aurora,NAVI,Dire,负,0,C+,ursa,24,2623,PC+,templar_assassin,2837,-214,C+,axe,2490,133,9759,9791,-32,0/0/2,league_roster,league_roster,league_roster
19696,DreamLeague Season 29,8817670980,Aurora,NAVI,Radiant,胜,1,tragic,ursa,24,2506,winter,faceless_void,1576,930,ƬψƬ ☢ Sιrιus-妥,magnataur,2018,488,9429,8103,1326,0/0/0,league_roster,league_roster,league_roster
19696,DreamLeague Season 29,8817670980,NAVI,Aurora,Dire,负,0,winter,faceless_void,14,1576,tragic,ursa,2506,-930,Shenorita`,dawnbreaker,2538,-962,8103,9429,-1326,0/1/1,league_roster,league_roster,league_roster
19696,DreamLeague Season 29,8817760291,Aurora,NAVI,Radiant,胜,1,tragic,tiny,19,2246,winter,monkey_king,2194,52,N,shredder,2055,191,10197,8681,1516,0/0/2,league_roster,league_roster,league_roster
19696,DreamLeague Season 29,8817760291,NAVI,Aurora,Dire,负,0,winter,monkey_king,26,2194,tragic,tiny,2246,-52,Shenorita`,dawnbreaker,2947,-753,8681,10197,-1516,0/0/0,league_roster,league_roster,league_roster
19696,DreamLeague Season 29,8818236072,Tundra,VP,Radiant,负,0,l\,alchemist,27,2650,nokia,muerta,2876,-226,saberlight,axe,2113,537,9028,9389,-361,0/0/1,league_roster,league_roster,league_roster
19696,DreamLeague Season 29,8818236072,VP,Tundra,Dire,胜,1,nokia,muerta,30,2876,l\,alchemist,2650,226,not human (животное),shredder,2342,534,9389,9028,361,0/0/0,league_roster,league_roster,league_roster
19696,DreamLeague Season 29,8818298714,VP,Tundra,Radiant,负,0,nokia,luna,22,2200,Damn,muerta,2195,5,not human (животное),lycan,2811,-611,8324,8441,-117,0/1/0,league_roster,league_roster,league_roster
19696,DreamLeague Season 29,8818298714,Tundra,VP,Dire,胜,1,Damn,muerta,19,2195,nokia,luna,2200,-5,saberlight,centaur,1879,316,8441,8324,117,0/1/1,league_roster,league_roster,league_roster
19696,DreamLeague Season 29,8818365999,VP,Tundra,Radiant,负,0,nokia,windrunner,31,2920,g\,muerta,2320,600,Z,tidehunter,1964,956,9572,8835,737,0/0/1,league_roster,league_roster,league_roster
19696,DreamLeague Season 29,8818365999,Tundra,VP,Dire,胜,1,g\,muerta,22,2320,nokia,windrunner,2920,-600,saberlight,axe,2311,9,8835,9572,-737,0/0/4,league_roster,league_roster,league_roster
19696,DreamLeague Season 29,8818469042,VG,BB,Radiant,负,0,\,lone_druid,28,2885,`\,drow_ranger,2727,158,Badwater,dawnbreaker,2103,782,9193,9455,-262,1/0/0,league_roster,league_roster,league_roster
19696,DreamLeague Season 29,8818469042,BB,VG,Dire,胜,1,`\,drow_ranger,28,2727,\,lone_druid,2885,-158,\,doom_bringer,1756,971,9455,9193,262,0/0/1,league_roster,league_roster,league_roster
19696,DreamLeague Season 29,8818592824,BB,VG,Radiant,负,0,Naruto~,muerta,26,2628,Roselia,tiny,1916,712,Bach,pangolier,2413,215,9199,8510,689,0/0/0,league_roster,league_roster,league_roster
19696,DreamLeague Season 29,8818592824,VG,BB,Dire,胜,1,Roselia,tiny,18,1916,Naruto~,muerta,2628,-712,p\,dawnbreaker,2372,-456,8510,9199,-689,0/0/0,league_roster,league_roster,league_roster
19696,DreamLeague Season 29,8818701153,VG,BB,Radiant,负,0,Roselia,terrorblade,25,2279,Naruto~,monkey_king,2736,-457,Badwater,brewmaster,2010,269,8574,9316,-742,0/0/0,league_roster,league_roster,league_roster
19696,DreamLeague Season 29,8818701153,BB,VG,Dire,胜,1,Naruto~,monkey_king,28,2736,Roselia,terrorblade,2279,457,Bach,shredder,1865,871,9316,8574,742,0/0/0,league_roster,league_roster,league_roster
19696,DreamLeague Season 29,8818801707,Liquid,XG,Radiant,负,0,yondaime,tiny,19,2105,区,drow_ranger,2348,-243,¿,dawnbreaker,2667,-562,7888,10030,-2142,1/1/0,league_roster,league_roster,league_roster
19696,DreamLeague Season 29,8818801707,XG,Liquid,Dire,胜,1,区,drow_ranger,23,2348,yondaime,tiny,2105,243,50centaur,slardar,1824,524,10030,7888,2142,0/0/1,league_roster,league_roster,league_roster
19696,DreamLeague Season 29,8818882603,XG,Liquid,Radiant,负,0,区,faceless_void,20,2282,yondaime,tiny,2318,-36,50centaur,tidehunter,1757,525,9955,8266,1689,0/0/0,league_roster,league_roster,league_roster
19696,DreamLeague Season 29,8818882603,Liquid,XG,Dire,胜,1,yondaime,tiny,20,2318,区,faceless_void,2282,36,¿,dawnbreaker,2633,-315,8266,9955,-1689,1/0/0,league_roster,league_roster,league_roster
19696,DreamLeague Season 29,8818947976,XG,Liquid,Radiant,胜,1,区,drow_ranger,22,2671,yondaime,windrunner,2763,-92,50centaur,doom_bringer,1810,861,10421,9333,1088,3/1/2,league_roster,league_roster,league_roster
19696,DreamLeague Season 29,8818947976,Liquid,XG,Dire,负,0,yondaime,windrunner,27,2763,区,drow_ranger,2671,92,¿,centaur,2593,170,9333,10421,-1088,0/0/0,league_roster,league_roster,league_roster
19696,DreamLeague Season 29,8819416362,NAVI,PlayTime,Radiant,胜,1,obsession,muerta,26,2689,VE,necrolyte,2976,-287,^,largo,2222,467,10137,11038,-901,1/1/1,league_roster,league_roster,league_roster
19696,DreamLeague Season 29,8819416362,PlayTime,NAVI,Dire,负,0,VE,necrolyte,35,2976,obsession,muerta,2689,287,,axe,2389,587,11038,10137,901,0/1/1,league_roster,league_roster,league_roster
19696,DreamLeague Season 29,8819488294,PlayTime,NAVI,Radiant,胜,1,VE,nevermore,21,2400,obsession,terrorblade,2108,292,ƬψƬ ☢ Sιrιus-妥,abyssal_underlord,2265,135,11964,8875,3089,0/2/2,league_roster,league_roster,league_roster
19696,DreamLeague Season 29,8819488294,NAVI,PlayTime,Dire,负,0,obsession,terrorblade,23,2108,VE,nevermore,2400,-292,ڎ,dark_seer,3034,-926,8875,11964,-3089,0/1/1,league_roster,league_roster,league_roster
19696,DreamLeague Season 29,8819559937,PlayTime,NAVI,Radiant,胜,1,VE,nevermore,24,2082,E,windrunner,2055,27,kp,abyssal_underlord,2202,-120,10556,8570,1986,0/0/0,league_roster,league_roster,league_roster
19696,DreamLeague Season 29,8819559937,NAVI,PlayTime,Dire,负,0,E,windrunner,17,2055,VE,nevermore,2082,-27,^,enigma,3209,-1154,8570,10556,-1986,0/1/1,league_roster,league_roster,league_roster
19696,DreamLeague Season 29,8819659855,FLCN,PV,Radiant,胜,1,I m Going To Be The Best Carry,tiny,26,2464,destroy,viper,2769,-305,strafe instructor,dawnbreaker,2496,-32,9991,9011,980,1/0/0,league_roster,league_roster,league_roster
19696,DreamLeague Season 29,8819659855,PV,FLCN,Dire,负,0,destroy,viper,31,2769,I m Going To Be The Best Carry,tiny,2464,305,YeS signature player,shredder,1593,1176,9011,9991,-980,0/0/0,league_roster,league_roster,league_roster
19696,DreamLeague Season 29,8819762321,PV,FLCN,Radiant,胜,1,destroy,tiny,28,2954,I m Going To Be The Best Carry,lone_druid,2943,11,YeS signature player,mars,1777,1177,8664,8496,168,2/0/0,league_roster,league_roster,league_roster
19696,DreamLeague Season 29,8819762321,FLCN,PV,Dire,负,0,I m Going To Be The Best Carry,lone_druid,27,2943,destroy,tiny,2954,-11,J6,shredder,1400,1543,8496,8664,-168,1/0/0,league_roster,league_roster,league_roster
19696,DreamLeague Season 29,8819831686,FLCN,PV,Radiant,负,0,0,luna,29,2395,destroy,tiny,2412,-17,strafe instructor,shredder,1977,418,9276,8855,421,0/0/1,league_roster,league_roster,league_roster
19696,DreamLeague Season 29,8819831686,PV,FLCN,Dire,胜,1,destroy,tiny,21,2412,0,luna,2395,17,@Ѷ,doom_bringer,2322,90,8855,9276,-421,0/0/0,league_roster,league_roster,league_roster
19696,DreamLeague Season 29,8819933287,Aurora,TSpirit,Radiant,负,0,tragic,life_stealer,19,1918,兜圈。,nevermore,3041,-1123,pos3jungler,snapfire,2415,-497,8002,9701,-1699,0/0/0,league_roster,league_roster,league_roster
19696,DreamLeague Season 29,8819933287,TSpirit,Aurora,Dire,胜,1,兜圈。,nevermore,32,3041,tragic,life_stealer,1918,1123,-,doom_bringer,1921,1120,9701,8002,1699,1/0/0,league_roster,league_roster,league_roster
19696,DreamLeague Season 29,8820011939,TSpirit,Aurora,Radiant,负,0,兜圈。,furion,22,2329,tragic,doom_bringer,2615,-286,HD,axe,2980,-651,8660,9848,-1188,0/0/0,league_roster,league_roster,league_roster
19696,DreamLeague Season 29,8820011939,Aurora,TSpirit,Dire,胜,1,tragic,doom_bringer,27,2615,兜圈。,furion,2329,286,pos3jungler,mars,2487,128,9848,8660,1188,1/0/0,league_roster,league_roster,league_roster
19696,DreamLeague Season 29,8820090629,TSpirit,Aurora,Radiant,胜,1,p9,alchemist,28,2846,z,windrunner,2853,-7,Shenorita`,dawnbreaker,2904,-58,9377,10637,-1260,0/0/2,league_roster,league_roster,league_roster
19696,DreamLeague Season 29,8820090629,Aurora,TSpirit,Dire,负,0,z,windrunner,28,2853,p9,alchemist,2846,7,`3,primal_beast,1985,868,10637,9377,1260,1/0/0,league_roster,league_roster,league_roster
19696,DreamLeague Season 29,8820614299,XG,Tundra,Radiant,负,0,,terrorblade,22,2315,lA,kez,1943,372,PE,shredder,2000,315,9409,7920,1489,0/0/0,league_roster,league_roster,league_roster
19696,DreamLeague Season 29,8820614299,Tundra,XG,Dire,胜,1,lA,kez,18,1943,,terrorblade,2315,-372,r,beastmaster,2842,-899,7920,9409,-1489,0/1/0,league_roster,league_roster,league_roster
19696,DreamLeague Season 29,8820696424,Tundra,XG,Radiant,负,0,0,muerta,27,2228,,furion,2560,-332,x$,shredder,2101,127,8787,8933,-146,0/0/0,league_roster,league_roster,league_roster
19696,DreamLeague Season 29,8820696424,XG,Tundra,Dire,胜,1,,furion,19,2560,0,muerta,2228,332,%,necrolyte,2384,176,8933,8787,146,1/0/1,league_roster,league_roster,league_roster
19696,DreamLeague Season 29,8820791846,XG,Tundra,Radiant,负,0,"""7",terrorblade,15,1736,Pr+,doom_bringer,2510,-774,not human (животное),necrolyte,2805,-1069,8878,9810,-932,0/1/0,league_roster,league_roster,league_roster
19696,DreamLeague Season 29,8820791846,Tundra,XG,Dire,胜,1,Pr+,doom_bringer,21,2510,"""7",terrorblade,1736,774,+,axe,2647,-137,9810,8878,932,0/0/2,league_roster,league_roster,league_roster
19696,DreamLeague Season 29,8820939983,PlayTime,BB,Radiant,负,0,p5/,tiny,19,2455,07,alchemist,2588,-133,0g7,beastmaster,2062,393,9521,9371,150,0/0/1,league_roster,league_roster,league_roster
19696,DreamLeague Season 29,8820939983,BB,PlayTime,Dire,胜,1,07,alchemist,20,2588,p5/,tiny,2455,133,k,dawnbreaker,2531,57,9371,9521,-150,2/1/1,league_roster,league_roster,league_roster
19696,DreamLeague Season 29,8821039753,PlayTime,BB,Radiant,胜,1,0o,monkey_king,26,2578,,tiny,2649,-71,+)܎,beastmaster,2548,30,9443,10404,-961,0/0/0,league_roster,league_roster,league_roster
19696,DreamLeague Season 29,8821039753,BB,PlayTime,Dire,负,0,,tiny,26,2649,0o,monkey_king,2578,71,8)܎,abyssal_underlord,2476,173,10404,9443,961,1/0/1,league_roster,league_roster,league_roster
19696,DreamLeague Season 29,8821169334,PlayTime,BB,Radiant,胜,1,p؎,necrolyte,22,2321,,monkey_king,2117,204,I6a,abyssal_underlord,2394,-73,9971,10102,-131,0/0/0,league_roster,league_roster,league_roster
19696,DreamLeague Season 29,8821169334,BB,PlayTime,Dire,负,0,,monkey_king,20,2117,p؎,necrolyte,2321,-204,O,lycan,2687,-570,10102,9971,131,0/1/2,league_roster,league_roster,league_roster
19696,DreamLeague Season 29,8821255705,Aurora,Tundra,Radiant,胜,1,`r,windrunner,26,2572,Damn,ursa,2612,-40,@,largo,2206,366,8887,8851,36,0/0/3,league_roster,league_roster,league_roster
19696,DreamLeague Season 29,8821255705,Tundra,Aurora,Dire,负,0,Damn,ursa,27,2612,`r,windrunner,2572,40,_n,shredder,2032,580,8851,8887,-36,0/0/1,league_roster,league_roster,league_roster
19696,DreamLeague Season 29,8821342421,Tundra,Aurora,Radiant,负,0,@,nevermore,25,3031,@Ò,tiny,2799,232,?,shredder,2062,969,9395,9527,-132,3/1/0,league_roster,league_roster,league_roster
19696,DreamLeague Season 29,8821342421,Aurora,Tundra,Dire,胜,1,@Ò,tiny,27,2799,@,nevermore,3031,-232,`@,lycan,2085,714,9527,9395,132,0/0/0,league_roster,league_roster,league_roster
19696,DreamLeague Season 29,8821954344,PlayTime,FLCN,Radiant,负,0,@+S,nevermore,24,2658,@arR,life_stealer,2637,21,YeS signature player,doom_bringer,1836,822,10069,9744,325,0/0/0,league_roster,league_roster,league_roster
19696,DreamLeague Season 29,8821954344,FLCN,PlayTime,Dire,胜,1,@arR,life_stealer,30,2637,@+S,nevermore,2658,-21,^,largo,2056,581,9744,10069,-325,0/0/0,league_roster,league_roster,league_roster
19696,DreamLeague Season 29,8822088303,PlayTime,FLCN,Radiant,负,0,P2S,nevermore,27,2889,I m Going To Be The Best Carry,tiny,2024,865,YeS signature player,tidehunter,1499,1390,10097,8092,2005,1/0/0,league_roster,league_roster,league_roster
19696,DreamLeague Season 29,8822088303,FLCN,PlayTime,Dire,胜,1,I m Going To Be The Best Carry,tiny,24,2024,P2S,nevermore,2889,-865,^,viper,2630,-606,8092,10097,-2005,0/1/0,league_roster,league_roster,league_roster
19696,DreamLeague Season 29,8822238357,TSpirit,PV,Radiant,胜,1,V,faceless_void,18,2180,destroy,kez,2696,-516,strafe instructor,dawnbreaker,2195,-15,8931,8912,19,0/0/1,league_roster,league_roster,league_roster
19696,DreamLeague Season 29,8822238357,PV,TSpirit,Dire,负,0,destroy,kez,28,2696,V,faceless_void,2180,516,pos3jungler,doom_bringer,2021,675,8912,8931,-19,1/0/0,league_roster,league_roster,league_roster
19696,DreamLeague Season 29,8822330030,PV,TSpirit,Radiant,胜,1,destroy,kez,32,2823,兜圈。,alchemist,1668,1155,pos3jungler,largo,1923,900,10407,7507,2900,0/0/0,league_roster,league_roster,league_roster
19696,DreamLeague Season 29,8822330030,TSpirit,PV,Dire,负,0,兜圈。,alchemist,16,1668,destroy,kez,2823,-1155,strafe instructor,beastmaster,2395,-727,7507,10407,-2900,0/0/0,league_roster,league_roster,league_roster
19696,DreamLeague Season 29,8822412074,PV,TSpirit,Radiant,胜,1,destroy,kez,27,2772,兜圈。,doom_bringer,2503,269,pos3jungler,slardar,1991,781,10085,8602,1483,1/0/1,league_roster,league_roster,league_roster
19696,DreamLeague Season 29,8822412074,TSpirit,PV,Dire,负,0,兜圈。,doom_bringer,18,2503,destroy,kez,2772,-269,strafe instructor,viper,2443,60,8602,10085,-1483,1/0/0,league_roster,league_roster,league_roster
19696,DreamLeague Season 29,8822520406,Aurora,FLCN,Radiant,胜,1,CV,lone_druid,27,3107,I m Going To Be The Best Carry,windrunner,2772,335,YeS signature player,shredder,2040,1067,10255,8591,1664,1/0/1,league_roster,league_roster,league_roster
19696,DreamLeague Season 29,8822520406,FLCN,Aurora,Dire,负,0,I m Going To Be The Best Carry,windrunner,35,2772,CV,lone_druid,3107,-335,Shenorita`,slardar,1996,776,8591,10255,-1664,0/0/0,league_roster,league_roster,league_roster
19696,DreamLeague Season 29,8822593932,FLCN,Aurora,Radiant,负,0,I m Going To Be The Best Carry,life_stealer,26,2428,tragic,ursa,2615,-187,`eV,axe,2844,-416,8937,10090,-1153,0/0/0,league_roster,league_roster,league_roster
19696,DreamLeague Season 29,8822593932,Aurora,FLCN,Dire,胜,1,tragic,ursa,26,2615,I m Going To Be The Best Carry,life_stealer,2428,187,\V,tidehunter,1961,654,10090,8937,1153,0/0/0,league_roster,league_roster,league_roster
19696,DreamLeague Season 29,8823502263,Aurora,TSpirit,Radiant,胜,1,A Narrow Escape,faceless_void,25,2754,WV,alchemist,2761,-7,V,primal_beast,1615,1139,9890,8571,1319,0/0/0,league_roster,league_roster,league_roster
19696,DreamLeague Season 29,8823502263,TSpirit,Aurora,Dire,负,0,WV,alchemist,23,2761,A Narrow Escape,faceless_void,2754,7,=S,doom_bringer,2443,318,8571,9890,-1319,1/0/1,league_roster,league_roster,league_roster
19696,DreamLeague Season 29,8823581121,TSpirit,Aurora,Radiant,负,0,V,faceless_void,22,1908,V,naga_siren,2079,-171,R>S,shredder,3070,-1162,8668,9687,-1019,0/1/1,league_roster,league_roster,league_roster
19696,DreamLeague Season 29,8823581121,Aurora,TSpirit,Dire,胜,1,V,naga_siren,19,2079,V,faceless_void,1908,171,ĆV,legion_commander,2486,-407,9687,8668,1019,0/1/0,league_roster,league_roster,league_roster
19696,DreamLeague Season 29,8823789680,PV,Aurora,Radiant,胜,1,4T,nevermore,28,2606,БV,tiny,2652,-46,V,shredder,1243,1363,8684,8759,-75,1/0/1,league_roster,league_roster,league_roster
19696,DreamLeague Season 29,8823789680,Aurora,PV,Dire,负,0,БV,tiny,24,2652,4T,nevermore,2606,46,D4T,slardar,1981,671,8759,8684,75,1/0/0,league_roster,league_roster,league_roster
19696,DreamLeague Season 29,8823904596,PV,Aurora,Radiant,负,0,4U,nevermore,28,2990,;S,tiny,2273,717,Shenorita`,shredder,1279,1711,9528,8441,1087,1/0/0,league_roster,league_roster,league_roster
19696,DreamLeague Season 29,8823904596,Aurora,PV,Dire,胜,1,;S,tiny,19,2273,4U,nevermore,2990,-717,64U,slardar,2549,-276,8441,9528,-1087,0/0/0,league_roster,league_roster,league_roster
19696,DreamLeague Season 29,8824011004,PV,Aurora,Radiant,胜,1,ٌU,muerta,29,2553,*S,tiny,2667,-114,9S,largo,2239,314,10171,10047,124,0/0/0,league_roster,league_roster,league_roster
19696,DreamLeague Season 29,8824011004,Aurora,PV,Dire,负,0,*S,tiny,28,2667,ٌU,muerta,2553,114,UT,dawnbreaker,2263,404,10047,10171,-124,0/0/1,league_roster,league_roster,league_roster
19696,DreamLeague Season 29,8824123966,PV,Aurora,Radiant,负,0,HV,faceless_void,24,2402,0HV,alchemist,2956,-554,`{T,largo,2411,-9,8516,9907,-1391,0/0/0,league_roster,league_roster,league_roster
19696,DreamLeague Season 29,8824123966,Aurora,PV,Dire,胜,1,0HV,alchemist,27,2956,HV,faceless_void,2402,554,# V,axe,2145,811,9907,8516,1391,0/0/0,league_roster,league_roster,league_roster
19696,DreamLeague Season 29,8824218541,PV,Aurora,Radiant,胜,1,rV,gyrocopter,30,2592,A Narrow Escape,necrolyte,2933,-341,pSV,dawnbreaker,2477,115,9889,10681,-792,0/0/0,league_roster,league_roster,league_roster
19696,DreamLeague Season 29,8824218541,Aurora,PV,Dire,负,0,A Narrow Escape,necrolyte,30,2933,rV,gyrocopter,2592,341,vV,axe,2625,308,10681,9889,792,0/0/0,league_roster,league_roster,league_roster
19101,BLAST Slam VII,8825996999,PARI,OG,Radiant,胜,1,`eY,terrorblade,38,3040,СW,windrunner,2895,145,∩ (◣_◢) ∩,phoenix,1859,1181,9706,9511,195,0/0/0,league_roster,league_roster,league_roster
19101,BLAST Slam VII,8825996999,OG,PARI,Dire,负,0,СW,windrunner,24,2895,`eY,terrorblade,3040,-145,strafe instructor,beastmaster,2015,880,9511,9706,-195,1/0/0,league_roster,league_roster,league_roster
19101,BLAST Slam VII,8825993964,FLCN,GLYPH,Radiant,负,0,[X,tiny,23,2419,TOXIC,windrunner,2878,-459,wsm,brewmaster,2170,249,9096,9283,-187,0/0/0,league_roster,league_roster,league_roster
19101,BLAST Slam VII,8825993964,GLYPH,FLCN,Dire,胜,1,TOXIC,windrunner,29,2878,[X,tiny,2419,459,6U,mars,2005,873,9283,9096,187,1/0/0,league_roster,league_roster,league_roster
19101,BLAST Slam VII,8826042346,BB,LGD,Radiant,负,0,Naruto~,necrolyte,19,2211,Yuma,naga_siren,2498,-287,Wisper,snapfire,2412,-201,8666,10158,-1492,0/0/1,league_roster,league_roster,league_roster
19101,BLAST Slam VII,8826042346,LGD,BB,Dire,胜,1,Yuma,naga_siren,24,2498,Naruto~,necrolyte,2211,287,Badwater,lycan,2268,230,10158,8666,1492,0/0/0,league_roster,league_roster,league_roster
19101,BLAST Slam VII,8826052816,XG,Liquid,Radiant,负,0,区,faceless_void,26,2539,yondaime,tiny,2649,-110,50centaur,night_stalker,2406,133,9743,9114,629,0/0/0,league_roster,league_roster,league_roster
19101,BLAST Slam VII,8826052816,Liquid,XG,Dire,胜,1,yondaime,tiny,25,2649,区,faceless_void,2539,110,¿,abyssal_underlord,2191,458,9114,9743,-629,1/0/1,league_roster,league_roster,league_roster
19101,BLAST Slam VII,8826110206,TY,TSpirit,Radiant,胜,1,arima-,nevermore,26,2524,0#Y,lone_druid,2426,98,pos3jungler,axe,2322,202,9922,8927,995,0/0/0,league_roster,league_roster,league_roster
19101,BLAST Slam VII,8826110206,TSpirit,TY,Dire,负,0,0#Y,lone_druid,26,2426,arima-,nevermore,2524,-98,bangkok,enigma,2584,-158,8927,9922,-995,0/0/0,league_roster,league_roster,league_roster
19101,BLAST Slam VII,8826099852,Aurora,Tundra,Radiant,胜,1,Ъ>PS,tiny,33,2815,Damn,nevermore,2032,783,not human (животное),tidehunter,2089,726,9360,8320,1040,0/0/1,league_roster,league_roster,league_roster
19101,BLAST Slam VII,8826099852,Tundra,Aurora,Dire,负,0,Damn,nevermore,23,2032,Ъ>PS,tiny,2815,-783,Shenorita`,axe,1872,160,8320,9360,-1040,0/0/2,league_roster,league_roster,league_roster
19101,BLAST Slam VII,8826168772,FLCN,OG,Radiant,胜,1,I m Going To Be The Best Carry,necrolyte,31,2898,>>>>>>>><<<<<<<<<,muerta,2693,205,S,shredder,1768,1130,10318,8223,2095,0/0/0,league_roster,league_roster,league_roster
19101,BLAST Slam VII,8826168772,OG,FLCN,Dire,负,0,>>>>>>>><<<<<<<<<,muerta,29,2693,I m Going To Be The Best Carry,necrolyte,2898,-205,YeS signature player,pangolier,2673,20,8223,10318,-2095,1/1/0,league_roster,league_roster,league_roster
19101,BLAST Slam VII,8826189006,LGD,GLYPH,Radiant,胜,1,Yuma,necrolyte,40,3265,TOXIC,terrorblade,2609,656,wsm,bristleback,2425,840,11244,9359,1885,0/0/0,league_roster,league_roster,league_roster
19101,BLAST Slam VII,8826189006,GLYPH,LGD,Dire,负,0,TOXIC,terrorblade,24,2609,Yuma,necrolyte,3265,-656,Wisper,snapfire,3063,-454,9359,11244,-1885,0/0/0,league_roster,league_roster,league_roster
19101,BLAST Slam VII,8826258112,PARI,XG,Radiant,胜,1,destroy,juggernaut,18,2302,区,muerta,2101,201,¿,mars,2517,-215,10468,8007,2461,0/0/0,league_roster,league_roster,league_roster
19101,BLAST Slam VII,8826258112,XG,PARI,Dire,负,0,区,muerta,20,2101,destroy,juggernaut,2302,-201,strafe instructor,slardar,2521,-420,8007,10468,-2461,0/1/0,league_roster,league_roster,league_roster
19101,BLAST Slam VII,8826268112,Aurora,BB,Radiant,负,0,mode: m0NESY,tiny,28,2275,Naruto~,windrunner,2469,-194,Badwater,largo,2655,-380,9318,9147,171,0/0/0,league_roster,league_roster,league_roster
19101,BLAST Slam VII,8826268112,BB,Aurora,Dire,胜,1,Naruto~,windrunner,21,2469,mode: m0NESY,tiny,2275,194,Shenorita`,centaur,2561,-92,9147,9318,-171,0/0/0,league_roster,league_roster,league_roster
19101,BLAST Slam VII,8826347921,TY,Liquid,Radiant,胜,1,arima-,nevermore,25,2619,@RV,windrunner,2432,187,50centaur,doom_bringer,1790,829,9254,8278,976,1/0/0,league_roster,league_roster,league_roster
19101,BLAST Slam VII,8826347921,Liquid,TY,Dire,负,0,@RV,windrunner,29,2432,arima-,nevermore,2619,-187,bangkok,beastmaster,2089,343,8278,9254,-976,0/0/0,league_roster,league_roster,league_roster
19101,BLAST Slam VII,8826341985,TSpirit,Tundra,Radiant,胜,1,yatoro,nevermore,32,3253,cinderella,drow_ranger,2284,969,not human (животное),shredder,1985,1268,9314,9438,-124,1/0/0,league_roster,league_roster,league_roster
19101,BLAST Slam VII,8826341985,Tundra,TSpirit,Dire,负,0,cinderella,drow_ranger,22,2284,yatoro,nevermore,3253,-969,pos3jungler,doom_bringer,2255,29,9438,9314,124,0/2/4,league_roster,league_roster,league_roster
19101,BLAST Slam VII,8826437838,XG,OG,Radiant,胜,1,区,tiny,25,2389,>>>>>>>><<<<<<<<<,luna,2720,-331,∩ (◣_◢) ∩,dawnbreaker,2294,95,8728,9069,-341,1/0/0,league_roster,league_roster,league_roster
19101,BLAST Slam VII,8826437838,OG,XG,Dire,负,0,>>>>>>>><<<<<<<<<,luna,31,2720,区,tiny,2389,331,¿,beastmaster,2252,468,9069,8728,341,0/0/0,league_roster,league_roster,league_roster
19101,BLAST Slam VII,8826468180,LGD,FLCN,Radiant,负,0,Yuma,night_stalker,26,2339,I m Going To Be The Best Carry,tiny,2634,-295,Darkness,doom_bringer,2450,-111,9319,9840,-521,0/1/1,league_roster,league_roster,league_roster
19101,BLAST Slam VII,8826468180,FLCN,LGD,Dire,胜,1,I m Going To Be The Best Carry,tiny,28,2634,Yuma,night_stalker,2339,295,S,axe,2341,293,9840,9319,521,0/0/0,league_roster,league_roster,league_roster
19101,BLAST Slam VII,8826537048,Aurora,GLYPH,Radiant,负,0,mode: m0NESY,tiny,20,2187,TOXIC,nevermore,2497,-310,wsm,omniknight,2459,-272,9294,9207,87,0/1/1,league_roster,league_roster,league_roster
19101,BLAST Slam VII,8826537048,GLYPH,Aurora,Dire,胜,1,TOXIC,nevermore,25,2497,mode: m0NESY,tiny,2187,310,Shenorita`,tidehunter,2076,421,9207,9294,-87,1/0/1,league_roster,league_roster,league_roster
19101,BLAST Slam VII,8826591758,PARI,TY,Radiant,负,0,destroy,necrolyte,31,2870,arima-,lone_druid,3221,-351,bangkok,phoenix,2329,541,9178,10415,-1237,0/0/0,league_roster,league_roster,league_roster
19101,BLAST Slam VII,8826591758,TY,PARI,Dire,胜,1,arima-,lone_druid,27,3221,destroy,necrolyte,2870,351,strafe instructor,shredder,1841,1380,10415,9178,1237,1/0/0,league_roster,league_roster,league_roster
19101,BLAST Slam VII,8826631538,Tundra,Liquid,Radiant,胜,1,cinderella,doom_bringer,13,1837,yondaime,drow_ranger,2868,-1031,50centaur,centaur,2792,-955,7639,10532,-2893,0/2/0,league_roster,league_roster,league_roster
19101,BLAST Slam VII,8826631538,Liquid,Tundra,Dire,负,0,yondaime,drow_ranger,29,2868,cinderella,doom_bringer,1837,1031,not human (животное),largo,2099,769,10532,7639,2893,1/0/1,league_roster,league_roster,league_roster
19101,BLAST Slam VII,8826691962,TSpirit,BB,Radiant,负,0,yatoro,terrorblade,35,2730,Naruto~,life_stealer,2620,110,Badwater,lycan,2232,498,9285,9721,-436,0/0/0,league_roster,league_roster,league_roster
19101,BLAST Slam VII,8826691962,BB,TSpirit,Dire,胜,1,Naruto~,life_stealer,28,2620,yatoro,terrorblade,2730,-110,pos3jungler,largo,2450,170,9721,9285,436,0/0/0,league_roster,league_roster,league_roster
19101,BLAST Slam VII,8827282767,XG,FLCN,Radiant,负,0,o,kez,24,2575,`b,alchemist,2934,-359,Darkness,pangolier,2272,303,10346,10256,90,0/0/0,league_roster,league_roster,league_roster
19101,BLAST Slam VII,8827282767,FLCN,XG,Dire,胜,1,`b,alchemist,33,2934,o,kez,2575,359,,night_stalker,2444,490,10256,10346,-90,0/0/0,league_roster,league_roster,league_roster
19101,BLAST Slam VII,8827289834,LGD,Aurora,Radiant,胜,1,C,nevermore,29,2969,mode: m0NESY,alchemist,2977,-8,Shenorita`,shredder,1454,1515,10090,8200,1890,1/0/0,league_roster,league_roster,league_roster
19101,BLAST Slam VII,8827289834,Aurora,LGD,Dire,负,0,mode: m0NESY,alchemist,31,2977,C,nevermore,2969,8,Wisper,batrider,2317,660,8200,10090,-1890,0/1/0,league_roster,league_roster,league_roster
19101,BLAST Slam VII,8827351366,OG,TY,Radiant,负,0,>>>>>>>><<<<<<<<<,tiny,26,2671,arima-,kez,3040,-369,bangkok,pangolier,2061,610,9189,10337,-1148,1/0/0,league_roster,league_roster,league_roster
19101,BLAST Slam VII,8827351366,TY,OG,Dire,胜,1,arima-,kez,26,3040,>>>>>>>><<<<<<<<<,tiny,2671,369,∩ (◣_◢) ∩,doom_bringer,1944,1096,10337,9189,1148,2/0/0,league_roster,league_roster,league_roster
19101,BLAST Slam VII,8827339763,TSpirit,GLYPH,Radiant,胜,1,yatoro,drow_ranger,28,3368,@Yx,nevermore,2719,649,wsm,batrider,1611,1757,9967,8936,1031,2/0/1,league_roster,league_roster,league_roster
19101,BLAST Slam VII,8827339763,GLYPH,TSpirit,Dire,负,0,@Yx,nevermore,27,2719,yatoro,drow_ranger,3368,-649,PO,mars,2224,495,8936,9967,-1031,0/0/0,league_roster,league_roster,league_roster
19101,BLAST Slam VII,8827394170,PARI,Tundra,Radiant,胜,1,destroy,faceless_void,24,2461,MdS,windrunner,2795,-334,not human (животное),lycan,2433,28,10247,8940,1307,0/0/0,league_roster,league_roster,league_roster
19101,BLAST Slam VII,8827394170,Tundra,PARI,Dire,负,0,MdS,windrunner,24,2795,destroy,faceless_void,2461,334,strafe instructor,pangolier,2195,600,8940,10247,-1307,2/1/0,league_roster,league_roster,league_roster
19101,BLAST Slam VII,8827398120,Liquid,BB,Radiant,胜,1,@*T,tiny,27,2566,,alchemist,1953,613,,lycan,2341,225,10887,8465,2422,1/0/1,league_roster,league_roster,league_roster
19101,BLAST Slam VII,8827398120,BB,Liquid,Dire,负,0,,alchemist,22,1953,@*T,tiny,2566,-613,50centaur,night_stalker,3393,-1440,8465,10887,-2422,0/3/0,league_roster,league_roster,league_roster
19101,BLAST Slam VII,8827464470,FLCN,Aurora,Radiant,胜,1,I m Going To Be The Best Carry,vengefulspirit,28,2107,mode: m0NESY,windrunner,2246,-139,Shenorita`,doom_bringer,2407,-300,8633,8862,-229,0/0/1,league_roster,league_roster,league_roster
19101,BLAST Slam VII,8827464470,Aurora,FLCN,Dire,负,0,mode: m0NESY,windrunner,27,2246,I m Going To Be The Best Carry,vengefulspirit,2107,139,Darkness,razor,2247,-1,8862,8633,229,0/0/0,league_roster,league_roster,league_roster
19101,BLAST Slam VII,8827492535,XG,TY,Radiant,负,0,区,kez,23,2111,s,windrunner,2737,-626,bangkok,slardar,3022,-911,8144,10136,-1992,0/0/0,league_roster,league_roster,league_roster
19101,BLAST Slam VII,8827492535,TY,XG,Dire,胜,1,s,windrunner,25,2737,区,kez,2111,626,¿,magnataur,2482,255,10136,8144,1992,1/0/3,league_roster,league_roster,league_roster
19101,BLAST Slam VII,8827534616,TSpirit,LGD,Radiant,负,0,PAMd,juggernaut,23,2733,Yuma,vengefulspirit,2624,109,Wisper,batrider,2375,358,10096,10123,-27,1/0/0,league_roster,league_roster,league_roster
19101,BLAST Slam VII,8827534616,LGD,TSpirit,Dire,胜,1,Yuma,vengefulspirit,30,2624,PAMd,juggernaut,2733,-109,pos3jungler,doom_bringer,2752,-128,10123,10096,27,0/0/1,league_roster,league_roster,league_roster
19101,BLAST Slam VII,8827591403,OG,Tundra,Radiant,胜,1,I,necrolyte,36,3423,cinderella,phantom_assassin,2089,1334,not human (животное),shredder,1697,1726,9677,7906,1771,1/0/1,league_roster,league_roster,league_roster
19101,BLAST Slam VII,8827591403,Tundra,OG,Dire,负,0,cinderella,phantom_assassin,18,2089,I,necrolyte,3423,-1334,∩ (◣_◢) ∩,beastmaster,1956,133,7906,9677,-1771,0/1/1,league_roster,league_roster,league_roster
19101,BLAST Slam VII,8827680462,Liquid,GLYPH,Radiant,胜,1,PF,bristleback,36,3014,TOXIC,faceless_void,2302,712,wsm,beastmaster,2541,473,9929,9274,655,0/1/0,league_roster,league_roster,league_roster
19101,BLAST Slam VII,8827680462,GLYPH,Liquid,Dire,负,0,TOXIC,faceless_void,21,2302,PF,bristleback,3014,-712,50centaur,axe,2557,-255,9274,9929,-655,0/0/0,league_roster,league_roster,league_roster
19101,BLAST Slam VII,8827613435,BB,PARI,Radiant,负,0,P7%,nevermore,28,2781,destroy,kez,3012,-231,strafe instructor,dawnbreaker,1906,875,10223,10161,62,0/2/1,league_roster,league_roster,league_roster
19101,BLAST Slam VII,8827613435,PARI,BB,Dire,胜,1,destroy,kez,31,3012,P7%,nevermore,2781,231,Badwater,tidehunter,2526,486,10161,10223,-62,0/0/1,league_roster,league_roster,league_roster
19101,BLAST Slam VII,8827769920,Aurora,TSpirit,Radiant,胜,1,mode: m0NESY,tiny,15,1607,yatoro,kez,3145,-1538,pos3jungler,omniknight,2907,-1300,8997,10660,-1663,0/2/1,league_roster,league_roster,league_roster
19101,BLAST Slam VII,8827769920,TSpirit,Aurora,Dire,负,0,yatoro,kez,29,3145,mode: m0NESY,tiny,1607,1538,Shenorita`,largo,2275,870,10660,8997,1663,3/0/0,league_roster,league_roster,league_roster
19101,BLAST Slam VII,8827784459,TY,FLCN,Radiant,负,0,*S,kez,23,2871,I m Going To Be The Best Carry,tiny,2670,201,Darkness,legion_commander,1780,1091,10030,9046,984,3/0/0,league_roster,league_roster,league_roster
19101,BLAST Slam VII,8827784459,FLCN,TY,Dire,胜,1,I m Going To Be The Best Carry,tiny,33,2670,*S,kez,2871,-201,bangkok,pangolier,2181,489,9046,10030,-984,0/0/0,league_roster,league_roster,league_roster
19101,BLAST Slam VII,8827888041,XG,Tundra,Radiant,负,0,)T,furion,30,2435,pT,doom_bringer,2466,-31,not human (животное),beastmaster,2525,-90,9208,9803,-595,0/0/0,league_roster,league_roster,league_roster
19101,BLAST Slam VII,8827888041,Tundra,XG,Dire,胜,1,pT,doom_bringer,25,2466,)T,furion,2435,31,¿,tidehunter,2368,98,9803,9208,595,2/0/1,league_roster,league_roster,league_roster
19101,BLAST Slam VII,8827875225,LGD,Liquid,Radiant,负,0,Yuma,necrolyte,32,2963,yondaime,nevermore,2611,352,50centaur,axe,3045,-82,9893,9891,2,0/0/0,league_roster,league_roster,league_roster
19101,BLAST Slam VII,8827875225,Liquid,LGD,Dire,胜,1,yondaime,nevermore,28,2611,Yuma,necrolyte,2963,-352,Wisper,batrider,2137,474,9891,9893,-2,1/2/0,league_roster,league_roster,league_roster
19101,BLAST Slam VII,8828562631,PARI,GLYPH,Radiant,胜,1,destroy,nevermore,31,2783,`cG,kez,2812,-29,wsm,lycan,1841,942,11234,8974,2260,0/0/1,league_roster,league_roster,league_roster
19101,BLAST Slam VII,8828562631,GLYPH,PARI,Dire,负,0,`cG,kez,27,2812,destroy,nevermore,2783,29,strafe instructor,axe,3170,-358,8974,11234,-2260,0/0/0,league_roster,league_roster,league_roster
19101,BLAST Slam VII,8828557643,OG,BB,Radiant,负,0,>>>>>>>><<<<<<<<<,kez,18,2005,@R%,terrorblade,2670,-665,p9,axe,2557,-552,7787,9681,-1894,0/1/1,league_roster,league_roster,league_roster
19101,BLAST Slam VII,8828557643,BB,OG,Dire,胜,1,@R%,terrorblade,25,2670,>>>>>>>><<<<<<<<<,kez,2005,665,@O,night_stalker,1888,782,9681,7787,1894,0/0/0,league_roster,league_roster,league_roster
19101,BLAST Slam VII,8828602222,FLCN,TSpirit,Radiant,胜,1,I m Going To Be The Best Carry,alchemist,25,2650,yatoro,windrunner,2342,308,pos3jungler,death_prophet,2775,-125,10691,9821,870,0/0/1,league_roster,league_roster,league_roster
19101,BLAST Slam VII,8828602222,TSpirit,FLCN,Dire,负,0,yatoro,windrunner,24,2342,I m Going To Be The Best Carry,alchemist,2650,-308,Darkness,razor,2650,-308,9821,10691,-870,0/0/1,league_roster,league_roster,league_roster
19101,BLAST Slam VII,8828608241,TY,Tundra,Radiant,胜,1,arima-,nevermore,29,2805,lost in the world,windrunner,1680,1125,not human (животное),largo,2122,683,10267,7460,2807,0/1/1,league_roster,league_roster,league_roster
19101,BLAST Slam VII,8828608241,Tundra,TY,Dire,负,0,lost in the world,windrunner,22,1680,arima-,nevermore,2805,-1125,6,undying,2528,-848,7460,10267,-2807,0/1/1,league_roster,league_roster,league_roster
19101,BLAST Slam VII,8828662524,Aurora,Liquid,Radiant,胜,1,mode: m0NESY,tiny,21,2332,yondaime,dragon_knight,2619,-287,50centaur,abyssal_underlord,2187,145,8607,9298,-691,0/0/0,league_roster,league_roster,league_roster
19101,BLAST Slam VII,8828662524,Liquid,Aurora,Dire,负,0,yondaime,dragon_knight,28,2619,mode: m0NESY,tiny,2332,287,,dawnbreaker,2000,619,9298,8607,691,0/0/0,league_roster,league_roster,league_roster
19101,BLAST Slam VII,8828679235,BB,XG,Radiant,胜,1,Naruto~,kez,28,2498,区,alchemist,2779,-281,¿,shredder,2249,249,8452,9590,-1138,0/0/0,league_roster,league_roster,league_roster
19101,BLAST Slam VII,8828679235,XG,BB,Dire,负,0,区,alchemist,23,2779,Naruto~,kez,2498,281,Badwater,slardar,2113,666,9590,8452,1138,0/0/0,league_roster,league_roster,league_roster
19101,BLAST Slam VII,8828733774,GLYPH,OG,Radiant,负,0,TOXIC,monkey_king,31,2772,>>>>>>>><<<<<<<<<,terrorblade,2802,-30,@e,axe,2683,89,10245,9283,962,0/0/0,league_roster,league_roster,league_roster
19101,BLAST Slam VII,8828733774,OG,GLYPH,Dire,胜,1,>>>>>>>><<<<<<<<<,terrorblade,30,2802,TOXIC,monkey_king,2772,30,wsm,dark_seer,3086,-284,9283,10245,-962,0/0/0,league_roster,league_roster,league_roster
19101,BLAST Slam VII,8828731237,PARI,LGD,Radiant,负,0,;,muerta,23,2268,Yuma,necrolyte,3682,-1414,Wisper,enigma,2560,-292,8457,10745,-2288,0/1/0,league_roster,league_roster,league_roster
19101,BLAST Slam VII,8828731237,LGD,PARI,Dire,胜,1,Yuma,necrolyte,30,3682,;,muerta,2268,1414,strafe instructor,axe,2171,1511,10745,8457,2288,3/0/0,league_roster,league_roster,league_roster
19101,BLAST Slam VII,8828810013,XG,TSpirit,Radiant,胜,1,区,kez,28,2538,@m,tiny,1950,588,pos3jungler,slardar,1925,613,9788,7598,2190,0/0/0,league_roster,league_roster,league_roster
19101,BLAST Slam VII,8828810013,TSpirit,XG,Dire,负,0,@m,tiny,24,1950,区,kez,2538,-588,¿,beastmaster,2775,-825,7598,9788,-2190,0/0/0,league_roster,league_roster,league_roster
19101,BLAST Slam VII,8828847743,TY,Aurora,Radiant,负,0,arima-,luna,24,2048,P,gyrocopter,3380,-1332,Shenorita`,axe,2557,-509,8599,10843,-2244,0/1/0,league_roster,league_roster,league_roster
19101,BLAST Slam VII,8828847743,Aurora,TY,Dire,胜,1,P,gyrocopter,37,3380,arima-,luna,2048,1332,bangkok,enigma,1991,1389,10843,8599,2244,1/0/0,league_roster,league_roster,league_roster
19101,BLAST Slam VII,8828912690,Tundra,FLCN,Radiant,负,0,lost in the world,nevermore,22,2190,I m Going To Be The Best Carry,tiny,2650,-460,Darkness,doom_bringer,2200,-10,8305,9906,-1601,1/0/0,league_roster,league_roster,league_roster
19101,BLAST Slam VII,8828912690,FLCN,Tundra,Dire,胜,1,I m Going To Be The Best Carry,tiny,27,2650,lost in the world,nevermore,2190,460,not human (животное),centaur,2215,435,9906,8305,1601,0/0/1,league_roster,league_roster,league_roster
19101,BLAST Slam VII,8828964848,LGD,OG,Radiant,负,0,Yuma,nevermore,27,2689,>>>>>>>><<<<<<<<<,abaddon,2506,183,∩ (◣_◢) ∩,shredder,1851,838,9548,8619,929,1/0/0,league_roster,league_roster,league_roster
19101,BLAST Slam VII,8828964848,OG,LGD,Dire,胜,1,>>>>>>>><<<<<<<<<,abaddon,24,2506,Yuma,nevermore,2689,-183,FC,axe,2186,320,8619,9548,-929,0/1/2,league_roster,league_roster,league_roster
19101,BLAST Slam VII,8828993295,TY,BB,Radiant,负,0,`˽,tiny,24,2585,Naruto~,windrunner,2960,-375,w,shredder,2373,212,8767,10838,-2071,0/0/0,league_roster,league_roster,league_roster
19101,BLAST Slam VII,8828993295,BB,TY,Dire,胜,1,Naruto~,windrunner,25,2960,`˽,tiny,2585,375,@,phoenix,1807,1153,10838,8767,2071,1/0/3,league_roster,league_roster,league_roster
19101,BLAST Slam VII,8829074990,PARI,Aurora,Radiant,胜,1,destroy,nevermore,24,2552,mode: m0NESY,tiny,2157,395,Shenorita`,dawnbreaker,2349,203,9917,8676,1241,0/1/2,league_roster,league_roster,league_roster
19101,BLAST Slam VII,8829074990,Aurora,PARI,Dire,负,0,mode: m0NESY,tiny,20,2157,destroy,nevermore,2552,-395,strafe instructor,axe,2522,-365,8676,9917,-1241,0/0/0,league_roster,league_roster,league_roster
19101,BLAST Slam VII,8829095250,TSpirit,Liquid,Radiant,胜,1,yatoro,drow_ranger,27,3162,yondaime,nevermore,2563,599,50centaur,axe,1825,1337,9126,9037,89,4/0/0,league_roster,league_roster,league_roster
19101,BLAST Slam VII,8829095250,Liquid,TSpirit,Dire,负,0,yondaime,nevermore,24,2563,yatoro,drow_ranger,3162,-599,pos3jungler,batrider,1764,799,9037,9126,-89,0/0/1,league_roster,league_roster,league_roster
19101,BLAST Slam VII,8829158433,GLYPH,XG,Radiant,负,0,TOXIC,terrorblade,29,2451,],muerta,2353,98,¿,doom_bringer,2804,-353,9507,10068,-561,0/2/1,league_roster,league_roster,league_roster
19101,BLAST Slam VII,8829158433,XG,GLYPH,Dire,胜,1,],muerta,24,2353,TOXIC,terrorblade,2451,-98,0A,largo,2156,197,10068,9507,561,0/2/2,league_roster,league_roster,league_roster
19101,BLAST Slam VII,8829839467,FLCN,Liquid,Radiant,负,0,I m Going To Be The Best Carry,tiny,14,1760,y,drow_ranger,3069,-1309,50centaur,dawnbreaker,2186,-426,7758,9300,-1542,0/0/0,league_roster,league_roster,league_roster
19101,BLAST Slam VII,8829839467,Liquid,FLCN,Dire,胜,1,y,drow_ranger,25,3069,I m Going To Be The Best Carry,tiny,1760,1309,Darkness,pangolier,1530,1539,9300,7758,1542,2/0/1,league_roster,league_roster,league_roster
19101,BLAST Slam VII,8829839456,Tundra,BB,Radiant,负,0,lost in the world,kez,20,1846,(,tiny,2253,-407,T,largo,2312,-466,8796,8880,-84,0/0/0,league_roster,league_roster,league_roster
19101,BLAST Slam VII,8829839456,BB,Tundra,Dire,胜,1,(,tiny,25,2253,lost in the world,kez,1846,407,?Z,necrolyte,2781,-528,8880,8796,84,0/1/0,league_roster,league_roster,league_roster
19101,BLAST Slam VII,8829882210,PARI,TSpirit,Radiant,负,0,destroy,nevermore,26,2472,1.1,drow_ranger,2199,273,f,batrider,1869,603,9254,7736,1518,0/1/0,league_roster,league_roster,league_roster
19101,BLAST Slam VII,8829882210,TSpirit,PARI,Dire,胜,1,1.1,drow_ranger,20,2199,destroy,nevermore,2472,-273,strafe instructor,axe,2221,-22,7736,9254,-1518,0/0/1,league_roster,league_roster,league_roster
19101,BLAST Slam VII,8829902323,TY,GLYPH,Radiant,胜,1,arima-,clinkz,33,2937,TOXIC,windrunner,2845,92,8,beastmaster,1810,1127,10394,9168,1226,0/0/1,league_roster,league_roster,league_roster
19101,BLAST Slam VII,8829902323,GLYPH,TY,Dire,负,0,TOXIC,windrunner,28,2845,arima-,clinkz,2937,-92,bangkok,lycan,2040,805,9168,10394,-1226,1/0/0,league_roster,league_roster,league_roster
19101,BLAST Slam VII,8829947467,LGD,XG,Radiant,胜,1,9N,tiny,21,2275,`f,lone_druid,3213,-938,J,axe,2901,-626,8351,10703,-2352,0/0/2,league_roster,league_roster,league_roster
19101,BLAST Slam VII,8829947467,XG,LGD,Dire,负,0,`f,lone_druid,28,3213,9N,tiny,2275,938,@z@,shredder,1542,1671,10703,8351,2352,1/0/2,league_roster,league_roster,league_roster
19101,BLAST Slam VII,8829947329,Aurora,OG,Radiant,胜,1,̟,phantom_lancer,26,2539,),drow_ranger,3071,-532,∩ (◣_◢) ∩,doom_bringer,2472,67,8787,9299,-512,0/0/0,league_roster,league_roster,league_roster
19101,BLAST Slam VII,8829947329,OG,Aurora,Dire,负,0,),drow_ranger,31,3071,̟,phantom_lancer,2539,532,^,axe,2261,810,9299,8787,512,1/0/0,league_roster,league_roster,league_roster
19101,BLAST Slam VII,8830011623,FLCN,BB,Radiant,负,0,I m Going To Be The Best Carry,windrunner,28,2488,Naruto~,kez,2545,-57,N,centaur,2361,127,9500,9238,262,0/0/0,league_roster,league_roster,league_roster
19101,BLAST Slam VII,8830011623,BB,FLCN,Dire,胜,1,Naruto~,kez,26,2545,I m Going To Be The Best Carry,windrunner,2488,57,Darkness,viper,2513,32,9238,9500,-262,1/0/2,league_roster,league_roster,league_roster
19101,BLAST Slam VII,8830022703,PARI,Liquid,Radiant,胜,1,"@""",kez,25,2067,"G,",drow_ranger,2695,-628,50centaur,doom_bringer,2444,-377,8878,9253,-375,0/1/1,league_roster,league_roster,league_roster
19101,BLAST Slam VII,8830022703,Liquid,PARI,Dire,负,0,"G,",drow_ranger,33,2695,"@""",kez,2067,628,,beastmaster,2081,614,9253,8878,375,0/0/0,league_roster,league_roster,league_roster
19101,BLAST Slam VII,8830092075,TSpirit,OG,Radiant,胜,1,1.1,necrolyte,27,2491,>>>>>>>><<<<<<<<<,vengefulspirit,2311,180,∩ (◣_◢) ∩,axe,2308,183,8705,9004,-299,0/0/0,league_roster,league_roster,league_roster
19101,BLAST Slam VII,8830092075,OG,TSpirit,Dire,负,0,>>>>>>>><<<<<<<<<,vengefulspirit,21,2311,1.1,necrolyte,2491,-180,pos3jungler,doom_bringer,2254,57,9004,8705,299,0/1/0,league_roster,league_roster,league_roster
19101,BLAST Slam VII,8830097448,GLYPH,Tundra,Radiant,负,0,#V,nevermore,22,2558,lost in the world,templar_assassin,2730,-172,not human (животное),doom_bringer,2310,248,8269,8956,-687,1/0/0,league_roster,league_roster,league_roster
19101,BLAST Slam VII,8830097448,Tundra,GLYPH,Dire,胜,1,lost in the world,templar_assassin,30,2730,#V,nevermore,2558,172,wsm,snapfire,2051,679,8956,8269,687,1/0/0,league_roster,league_roster,league_roster
19101,BLAST Slam VII,8830175194,XG,Aurora,Radiant,负,0,SY,tiny,19,1898,,furion,2575,-677,Shenorita`,axe,2467,-569,8883,10125,-1242,0/0/0,league_roster,league_roster,league_roster
19101,BLAST Slam VII,8830175194,Aurora,XG,Dire,胜,1,,furion,28,2575,SY,tiny,1898,677,¿,dawnbreaker,2026,549,10125,8883,1242,0/0/0,league_roster,league_roster,league_roster
19101,BLAST Slam VII,8830280454,PARI,FLCN,Radiant,胜,1,PjJY,nevermore,26,2462,I m Going To Be The Best Carry,vengefulspirit,1572,890,Darkness,mars,2071,391,9703,8358,1345,0/2/1,league_roster,league_roster,league_roster
19101,BLAST Slam VII,8830280454,FLCN,PARI,Dire,负,0,I m Going To Be The Best Carry,vengefulspirit,21,1572,PjJY,nevermore,2462,-890,,axe,2666,-1094,8358,9703,-1345,0/0/0,league_roster,league_roster,league_roster
19101,BLAST Slam VII,8830206341,LGD,TY,Radiant,胜,1,E1,gyrocopter,35,2990,arima-,nevermore,2780,210,bangkok,beastmaster,1845,1145,10734,8241,2493,0/0/1,league_roster,league_roster,league_roster
19101,BLAST Slam VII,8830206341,TY,LGD,Dire,负,0,arima-,nevermore,33,2780,E1,gyrocopter,2990,-210,Wisper,snapfire,2314,466,8241,10734,-2493,1/1/0,league_roster,league_roster,league_roster
19101,BLAST Slam VII,8830423116,BB,GLYPH,Radiant,胜,1,0,monkey_king,32,2925,TOXIC,windrunner,2544,381,wsm,omniknight,1728,1197,9279,8346,933,0/0/0,league_roster,league_roster,league_roster
19101,BLAST Slam VII,8830423116,GLYPH,BB,Dire,负,0,TOXIC,windrunner,28,2544,0,monkey_king,2925,-381,Badwater,largo,2406,138,8346,9279,-933,0/0/0,league_roster,league_roster,league_roster
19101,BLAST Slam VII,8830442388,LGD,Tundra,Radiant,胜,1,Yuma,drow_ranger,30,3077,ׂ,nevermore,2169,908,not human (животное),tidehunter,1610,1467,9676,8315,1361,1/0/2,league_roster,league_roster,league_roster
19101,BLAST Slam VII,8830442388,Tundra,LGD,Dire,负,0,ׂ,nevermore,18,2169,Yuma,drow_ranger,3077,-908,,largo,2033,136,8315,9676,-1361,2/2/2,league_roster,league_roster,league_roster
19101,BLAST Slam VII,8830529631,Liquid,OG,Radiant,胜,1,yondaime,drow_ranger,24,3157,>>>>>>>><<<<<<<<<,phantom_lancer,2414,743,∩ (◣_◢) ∩,shredder,1575,1582,10315,8235,2080,3/0/0,league_roster,league_roster,league_roster
19101,BLAST Slam VII,8830529631,OG,Liquid,Dire,负,0,>>>>>>>><<<<<<<<<,phantom_lancer,22,2414,yondaime,drow_ranger,3157,-743,50centaur,slardar,2188,226,8235,10315,-2080,0/0/1,league_roster,league_roster,league_roster
19101,BLAST Slam VII,8831470213,TSpirit,OG,Radiant,胜,1,1.1,tiny,23,2385,>>>>>>>><<<<<<<<<,windrunner,2216,169,∩ (◣_◢) ∩,doom_bringer,2341,44,9476,9135,341,0/0/0,league_roster,league_roster,league_roster
19101,BLAST Slam VII,8831470213,OG,TSpirit,Dire,负,0,>>>>>>>><<<<<<<<<,windrunner,20,2216,1.1,tiny,2385,-169,pn,largo,2874,-658,9135,9476,-341,0/1/1,league_roster,league_roster,league_roster
19101,BLAST Slam VII,8831470350,Aurora,Tundra,Radiant,负,0,mode: m0NESY,windrunner,27,2502,lost in the world,ursa,3028,-526,not human (животное),largo,2373,129,8845,9926,-1081,0/0/0,league_roster,league_roster,league_roster
19101,BLAST Slam VII,8831470350,Tundra,Aurora,Dire,胜,1,lost in the world,ursa,25,3028,mode: m0NESY,windrunner,2502,526,Shenorita`,shredder,1427,1601,9926,8845,1081,3/0/1,league_roster,league_roster,league_roster
19101,BLAST Slam VII,8831571711,OG,TSpirit,Radiant,负,0,>>>>>>>><<<<<<<<<,kez,27,2345,1.1,drow_ranger,2691,-346,pos3jungler,tidehunter,2302,43,7854,9453,-1599,0/0/0,league_roster,league_roster,league_roster
19101,BLAST Slam VII,8831571711,TSpirit,OG,Dire,胜,1,1.1,drow_ranger,31,2691,>>>>>>>><<<<<<<<<,kez,2345,346,∩ (◣_◢) ∩,lycan,1586,1105,9453,7854,1599,0/0/1,league_roster,league_roster,league_roster
19101,BLAST Slam VII,8831571549,Aurora,Tundra,Radiant,胜,1,mode: m0NESY,alchemist,22,2823,E~u,dragon_knight,2405,418,not human (животное),beastmaster,2379,444,9089,9091,-2,1/0/0,league_roster,league_roster,league_roster
19101,BLAST Slam VII,8831571549,Tundra,Aurora,Dire,负,0,E~u,dragon_knight,23,2405,mode: m0NESY,alchemist,2823,-418,Shenorita`,dawnbreaker,1850,555,9091,9089,2,0/0/1,league_roster,league_roster,league_roster
19101,BLAST Slam VII,8831663527,TSpirit,TY,Radiant,负,0,1.1,nevermore,27,2446,arima-,templar_assassin,2164,282,bangkok,abyssal_underlord,1821,625,9167,8697,470,0/0/1,league_roster,league_roster,league_roster
19101,BLAST Slam VII,8831663527,TY,TSpirit,Dire,胜,1,arima-,templar_assassin,17,2164,1.1,nevermore,2446,-282,pos3jungler,largo,2460,-296,8697,9167,-470,0/1/1,league_roster,league_roster,league_roster
19101,BLAST Slam VII,8831674830,Aurora,Tundra,Radiant,胜,1,e,nevermore,37,3087,),necrolyte,3639,-552,not human (животное),brewmaster,1395,1692,9510,9123,387,0/0/0,league_roster,league_roster,league_roster
19101,BLAST Slam VII,8831674830,Tundra,Aurora,Dire,负,0,),necrolyte,32,3639,e,nevermore,3087,552,P,axe,1683,1956,9123,9510,-387,3/0/1,league_roster,league_roster,league_roster
19101,BLAST Slam VII,8831810450,TY,TSpirit,Radiant,胜,1,,lone_druid,29,2687,1.1,alchemist,2435,252,pos3jungler,pangolier,1822,865,10956,8419,2537,1/1/1,league_roster,league_roster,league_roster
19101,BLAST Slam VII,8831810450,TSpirit,TY,Dire,负,0,1.1,alchemist,20,2435,,lone_druid,2687,-252,,axe,2866,-431,8419,10956,-2537,1/2/1,league_roster,league_roster,league_roster
19101,BLAST Slam VII,8831817474,Liquid,Aurora,Radiant,负,0,yondaime,life_stealer,18,2158,,windrunner,2315,-157,Shenorita`,axe,2379,-221,9144,9822,-678,1/1/0,league_roster,league_roster,league_roster
19101,BLAST Slam VII,8831817474,Aurora,Liquid,Dire,胜,1,,windrunner,27,2315,yondaime,life_stealer,2158,157,50centaur,dawnbreaker,2200,115,9822,9144,678,0/0/0,league_roster,league_roster,league_roster
19101,BLAST Slam VII,8831927547,Aurora,Liquid,Radiant,胜,1,mode: m0NESY,phantom_lancer,21,2264,,drow_ranger,3080,-816,50centaur,slardar,2039,225,8240,8983,-743,1/0/0,league_roster,league_roster,league_roster
19101,BLAST Slam VII,8831927547,Liquid,Aurora,Dire,负,0,,drow_ranger,32,3080,mode: m0NESY,phantom_lancer,2264,816,Z,axe,2158,922,8983,8240,743,2/0/0,league_roster,league_roster,league_roster
19543,PGL Wallachia 2026 Season 8,8775954955,TSpirit,VG,Radiant,负,0,我讨厌这个世界,monkey_king,28,2619,綢,muerta,2422,197,@e,slardar,2460,159,9251,9775,-524,0/0/0,league_roster,league_roster,league_roster
19543,PGL Wallachia 2026 Season 8,8775954955,VG,TSpirit,Dire,胜,1,綢,muerta,23,2422,我讨厌这个世界,monkey_king,2619,-197,GAMBOT-PARIS,void_spirit,2413,9,9775,9251,524,0/1/1,league_roster,league_roster,league_roster
19543,PGL Wallachia 2026 Season 8,8775954888,XG,NAVI,Radiant,胜,1,y,monkey_king,35,2962,"pA,",tiny,1972,990,whaler,lycan,2159,803,10325,9066,1259,0/0/0,league_roster,league_roster,league_roster
19543,PGL Wallachia 2026 Season 8,8775954888,NAVI,XG,Dire,负,0,"pA,",tiny,13,1972,y,monkey_king,2962,-990,P$,magnataur,2472,-500,9066,10325,-1259,1/1/0,league_roster,league_roster,league_roster
19543,PGL Wallachia 2026 Season 8,8776019262,XG,NAVI,Radiant,胜,1,0,tiny,26,2576,rejected,medusa,2607,-31,whaler,mars,2007,569,10593,9783,810,1/0/0,league_roster,league_roster,league_roster
19543,PGL Wallachia 2026 Season 8,8776019262,NAVI,XG,Dire,负,0,rejected,medusa,26,2607,0,tiny,2576,31,`yv,doom_bringer,2864,-257,9783,10593,-810,0/2/0,league_roster,league_roster,league_roster
19543,PGL Wallachia 2026 Season 8,8776009613,VG,TSpirit,Radiant,负,0,Roselia,windrunner,26,2888,我讨厌这个世界,tiny,2640,248,GAMBOT-PARIS,largo,2459,429,9977,9685,292,1/0/0,league_roster,league_roster,league_roster
19543,PGL Wallachia 2026 Season 8,8776009613,TSpirit,VG,Dire,胜,1,我讨厌这个世界,tiny,28,2640,Roselia,windrunner,2888,-248,Bach,abyssal_underlord,2275,365,9685,9977,-292,0/0/0,league_roster,league_roster,league_roster
19543,PGL Wallachia 2026 Season 8,8776077999,GL,Liquid,Radiant,负,0,鬼,viper,25,2880,yondaime,lone_druid,2811,69,50centaur,bristleback,2566,314,9354,10057,-703,1/1/0,league_roster,league_roster,league_roster
19543,PGL Wallachia 2026 Season 8,8776077999,Liquid,GL,Dire,胜,1,yondaime,lone_druid,27,2811,鬼,viper,2880,-69,помойка,tidehunter,1861,950,10057,9354,703,0/0/0,league_roster,league_roster,league_roster
19543,PGL Wallachia 2026 Season 8,8776094912,TSpirit,VG,Radiant,胜,1,我讨厌这个世界,terrorblade,29,2984,,beastmaster,2396,588,Bach,doom_bringer,1684,1300,9755,8286,1469,1/0/0,league_roster,league_roster,league_roster
19543,PGL Wallachia 2026 Season 8,8776094912,VG,TSpirit,Dire,负,0,,beastmaster,26,2396,我讨厌这个世界,terrorblade,2984,-588,GAMBOT-PARIS,tidehunter,2429,-33,8286,9755,-1469,0/0/0,league_roster,league_roster,league_roster
19543,PGL Wallachia 2026 Season 8,8776157596,Liquid,GL,Radiant,负,0,yondaime,luna,25,2647,p|,muerta,2380,267,помойка,beastmaster,2605,42,9184,9418,-234,1/0/0,league_roster,league_roster,league_roster
19543,PGL Wallachia 2026 Season 8,8776157596,GL,Liquid,Dire,胜,1,p|,muerta,23,2380,yondaime,luna,2647,-267,50centaur,pangolier,1935,445,9418,9184,234,0/0/1,league_roster,league_roster,league_roster
19543,PGL Wallachia 2026 Season 8,8776170934,SAR,Aurora,Radiant,负,0,VE,muerta,24,2785,bored,lone_druid,3040,-255,Shenorita`,slardar,2551,234,9066,10487,-1421,1/0/0,league_roster,league_roster,league_roster
19543,PGL Wallachia 2026 Season 8,8776170934,Aurora,SAR,Dire,胜,1,bored,lone_druid,34,3040,VE,muerta,2785,255,^,abyssal_underlord,1724,1316,10487,9066,1421,0/1/0,league_roster,league_roster,league_roster
19543,PGL Wallachia 2026 Season 8,8776238601,SAR,Aurora,Radiant,胜,1,VE,monkey_king,22,2595,`&,tiny,2728,-133,Shenorita`,pangolier,1989,606,8709,9626,-917,0/0/0,league_roster,league_roster,league_roster
19543,PGL Wallachia 2026 Season 8,8776238601,Aurora,SAR,Dire,负,0,`&,tiny,26,2728,VE,monkey_king,2595,133,^,slardar,1504,1224,9626,8709,917,0/0/2,league_roster,league_roster,league_roster
19543,PGL Wallachia 2026 Season 8,8776236178,GL,Liquid,Radiant,负,0,鬼,muerta,27,2622,a,tiny,1971,651,50centaur,abyssal_underlord,2396,226,9546,8842,704,0/0/0,league_roster,league_roster,league_roster
19543,PGL Wallachia 2026 Season 8,8776236178,Liquid,GL,Dire,胜,1,a,tiny,26,1971,鬼,muerta,2622,-651,помойка,night_stalker,2692,-721,8842,9546,-704,0/1/1,league_roster,league_roster,league_roster
19543,PGL Wallachia 2026 Season 8,8776302295,SAR,Aurora,Radiant,负,0,VE,windrunner,17,2047,bored,ursa,2666,-619,Shenorita`,pangolier,3030,-983,9086,10628,-1542,1/1/0,league_roster,league_roster,league_roster
19543,PGL Wallachia 2026 Season 8,8776302295,Aurora,SAR,Dire,胜,1,bored,ursa,23,2666,VE,windrunner,2047,619,^,abyssal_underlord,2715,-49,10628,9086,1542,1/0/1,league_roster,league_roster,league_roster
19543,PGL Wallachia 2026 Season 8,8776345901,PV,MOUZ,Radiant,胜,1,.....,kez,33,3103,KITR,phantom_lancer,2455,648,>,sand_king,1649,1454,10180,8104,2076,1/0/1,league_roster,league_roster,league_roster
19543,PGL Wallachia 2026 Season 8,8776345901,MOUZ,PV,Dire,负,0,KITR,phantom_lancer,27,2455,.....,kez,3103,-648,"Nah, I'd adapt",slardar,2562,-107,8104,10180,-2076,0/0/0,league_roster,league_roster,league_roster
19543,PGL Wallachia 2026 Season 8,8776380784,BetBoom,VP,Radiant,胜,1,Naruto~,tiny,26,2622,nokia,muerta,2642,-20,PE(,primal_beast,1994,628,10892,8832,2060,0/0/1,league_roster,league_roster,league_roster
19543,PGL Wallachia 2026 Season 8,8776380784,VP,BetBoom,Dire,负,0,nokia,muerta,27,2642,Naruto~,tiny,2622,20,17 mind,axe,3099,-457,8832,10892,-2060,0/0/0,league_roster,league_roster,league_roster
19543,PGL Wallachia 2026 Season 8,8776432038,PV,MOUZ,Radiant,胜,1,.....,monkey_king,31,2820,k(,muerta,2698,122,D3,slardar,1600,1220,9291,9427,-136,1/1/2,league_roster,league_roster,league_roster
19543,PGL Wallachia 2026 Season 8,8776432038,MOUZ,PV,Dire,负,0,k(,muerta,24,2698,.....,monkey_king,2820,-122,lD,tidehunter,2367,331,9427,9291,136,1/1/3,league_roster,league_roster,league_roster
19543,PGL Wallachia 2026 Season 8,8776484403,BetBoom,VP,Radiant,胜,1,`5E,life_stealer,30,2721,nokia,muerta,2719,2,granny got hit by a bazooka,night_stalker,2095,626,9740,10121,-381,0/0/0,league_roster,league_roster,league_roster
19543,PGL Wallachia 2026 Season 8,8776484403,VP,BetBoom,Dire,负,0,nokia,muerta,30,2719,`5E,life_stealer,2721,-2,17 mind,abyssal_underlord,2510,209,10121,9740,381,0/0/0,league_roster,league_roster,league_roster
19543,PGL Wallachia 2026 Season 8,8776543835,FLCN,TY,Radiant,胜,1,I m Going To Be The Best Carry,tiny,33,2718,1000-7,alchemist,2497,221,!!!,largo,2352,366,9851,9506,345,0/0/0,league_roster,league_roster,league_roster
19543,PGL Wallachia 2026 Season 8,8776543835,TY,FLCN,Dire,负,0,1000-7,alchemist,24,2497,I m Going To Be The Best Carry,tiny,2718,-221,YeS signature player,tidehunter,2526,-29,9506,9851,-345,0/0/0,league_roster,league_roster,league_roster
19543,PGL Wallachia 2026 Season 8,8776583882,HEROIC,Tundra,Radiant,胜,1,Yuma,tiny,21,2525,1+1=11,phantom_assassin,2896,-371,not human (животное),largo,1926,599,10460,9412,1048,1/0/0,league_roster,league_roster,league_roster
19543,PGL Wallachia 2026 Season 8,8776583882,Tundra,HEROIC,Dire,负,0,1+1=11,phantom_assassin,25,2896,Yuma,tiny,2525,371,E.,bristleback,3350,-454,9412,10460,-1048,2/2/0,league_roster,league_roster,league_roster
19543,PGL Wallachia 2026 Season 8,8776664516,TY,FLCN,Radiant,负,0,PW<,alchemist,24,2465,I m Going To Be The Best Carry,lone_druid,3066,-601,Pv,bristleback,3021,-556,9056,10881,-1825,0/0/0,league_roster,league_roster,league_roster
19543,PGL Wallachia 2026 Season 8,8776664516,FLCN,TY,Dire,胜,1,I m Going To Be The Best Carry,lone_druid,36,3066,PW<,alchemist,2465,601,!!!,centaur,2063,1003,10881,9056,1825,0/0/0,league_roster,league_roster,league_roster
19543,PGL Wallachia 2026 Season 8,8776679266,Tundra,HEROIC,Radiant,胜,1,1+1=11,muerta,26,2414,Yuma,gyrocopter,2475,-61,Wisper,dark_seer,2136,278,8880,8412,468,0/0/0,league_roster,league_roster,league_roster
19543,PGL Wallachia 2026 Season 8,8776679266,HEROIC,Tundra,Dire,负,0,Yuma,gyrocopter,28,2475,1+1=11,muerta,2414,61,not human (животное),largo,2163,312,8412,8880,-468,0/0/0,league_roster,league_roster,league_roster
19543,PGL Wallachia 2026 Season 8,8776815882,Tundra,HEROIC,Radiant,负,0,1+1=11,gyrocopter,29,2981,@,tiny,2330,651,Wisper,pangolier,1920,1061,10043,7991,2052,2/0/0,league_roster,league_roster,league_roster
19543,PGL Wallachia 2026 Season 8,8776815882,HEROIC,Tundra,Dire,胜,1,@,tiny,22,2330,1+1=11,gyrocopter,2981,-651,not human (животное),largo,2710,-380,7991,10043,-2052,0/0/0,league_roster,league_roster,league_roster
19543,PGL Wallachia 2026 Season 8,8777439091,VG,NAVI,Radiant,负,0,Roselia,gyrocopter,24,2302,rejected,doom_bringer,2522,-220,lole,abyssal_underlord,3046,-744,8784,10410,-1626,0/1/0,league_roster,league_roster,league_roster
19543,PGL Wallachia 2026 Season 8,8777439091,NAVI,VG,Dire,胜,1,rejected,doom_bringer,22,2522,Roselia,gyrocopter,2302,220,Pq,pangolier,2334,188,10410,8784,1626,0/0/1,league_roster,league_roster,league_roster
19543,PGL Wallachia 2026 Season 8,8777432261,XG,Aurora,Radiant,胜,1,ZmjjKK,weaver,25,2267,bored,lone_druid,1997,270,Shenorita`,pangolier,2332,-65,10281,8444,1837,0/0/0,league_roster,league_roster,league_roster
19543,PGL Wallachia 2026 Season 8,8777432261,Aurora,XG,Dire,负,0,bored,lone_druid,19,1997,ZmjjKK,weaver,2267,-270,¿,abyssal_underlord,2383,-386,8444,10281,-1837,0/2/0,league_roster,league_roster,league_roster
19543,PGL Wallachia 2026 Season 8,8777495739,Aurora,XG,Radiant,胜,1,bored,lone_druid,26,2339,ZmjjKK,beastmaster,2004,335,¿,bristleback,1705,634,10788,8537,2251,0/1/0,league_roster,league_roster,league_roster
19543,PGL Wallachia 2026 Season 8,8777495739,XG,Aurora,Dire,负,0,ZmjjKK,beastmaster,16,2004,bored,lone_druid,2339,-335,,abyssal_underlord,3215,-1211,8537,10788,-2251,0/1/0,league_roster,league_roster,league_roster
19543,PGL Wallachia 2026 Season 8,8777492128,NAVI,VG,Radiant,负,0,rejected,gyrocopter,32,2840,P,monkey_king,2651,189,Bach,beastmaster,1962,878,10375,9801,574,0/0/1,league_roster,league_roster,league_roster
19543,PGL Wallachia 2026 Season 8,8777492128,VG,NAVI,Dire,胜,1,P,monkey_king,26,2651,rejected,gyrocopter,2840,-189,i,bristleback,2259,392,9801,10375,-574,0/0/0,league_roster,league_roster,league_roster
19543,PGL Wallachia 2026 Season 8,8777560892,XG,Aurora,Radiant,负,0,ZmjjKK,weaver,24,2171,pf,lone_druid,3074,-903,Shenorita`,centaur,2339,-168,8836,9879,-1043,0/0/0,league_roster,league_roster,league_roster
19543,PGL Wallachia 2026 Season 8,8777560892,Aurora,XG,Dire,胜,1,pf,lone_druid,21,3074,ZmjjKK,weaver,2171,903,¿,primal_beast,2179,895,9879,8836,1043,2/0/1,league_roster,league_roster,league_roster
19543,PGL Wallachia 2026 Season 8,8777570720,VG,NAVI,Radiant,胜,1,;ȴ,tiny,27,2724,rejected,beastmaster,2794,-70,lole,centaur,2312,412,9586,9505,81,0/0/0,league_roster,league_roster,league_roster
19543,PGL Wallachia 2026 Season 8,8777570720,NAVI,VG,Dire,负,0,rejected,beastmaster,31,2794,;ȴ,tiny,2724,70,"0""",batrider,2105,689,9505,9586,-81,0/0/0,league_roster,league_roster,league_roster
19543,PGL Wallachia 2026 Season 8,8777630244,Liquid,BetBoom,Radiant,负,0,yondaime,windrunner,32,3063,Naruto~,monkey_king,2649,414,17 mind,axe,1962,1101,8862,9318,-456,1/0/0,league_roster,league_roster,league_roster
19543,PGL Wallachia 2026 Season 8,8777630244,BetBoom,Liquid,Dire,胜,1,Naruto~,monkey_king,29,2649,yondaime,windrunner,3063,-414,50centaur,brewmaster,1645,1004,9318,8862,456,0/0/0,league_roster,league_roster,league_roster
19543,PGL Wallachia 2026 Season 8,8777652578,GL,MOUZ,Radiant,胜,1,鬼,necrolyte,22,2387,,tiny,2066,321,TAXMAN,slardar,2363,24,9629,7815,1814,0/1/0,league_roster,league_roster,league_roster
19543,PGL Wallachia 2026 Season 8,8777652578,MOUZ,GL,Dire,负,0,,tiny,16,2066,鬼,necrolyte,2387,-321,помойка,doom_bringer,2578,-512,7815,9629,-1814,0/0/0,league_roster,league_roster,league_roster
19543,PGL Wallachia 2026 Season 8,8777714725,BetBoom,Liquid,Radiant,胜,1,Naruto~,kez,25,2574,yondaime,tiny,2224,350,7,lycan,2107,467,9331,9012,319,0/0/1,league_roster,league_roster,league_roster
19543,PGL Wallachia 2026 Season 8,8777714725,Liquid,BetBoom,Dire,负,0,yondaime,tiny,22,2224,Naruto~,kez,2574,-350,17 mind,dawnbreaker,2025,199,9012,9331,-319,0/0/0,league_roster,league_roster,league_roster
19543,PGL Wallachia 2026 Season 8,8777738576,GL,MOUZ,Radiant,胜,1,鬼,muerta,30,2615,KITR,windrunner,2576,39,TAXMAN,abyssal_underlord,2684,-69,9871,9381,490,0/1/1,league_roster,league_roster,league_roster
19543,PGL Wallachia 2026 Season 8,8777738576,MOUZ,GL,Dire,负,0,KITR,windrunner,26,2576,鬼,muerta,2615,-39,помойка,slardar,2567,9,9381,9871,-490,0/0/1,league_roster,league_roster,league_roster
19543,PGL Wallachia 2026 Season 8,8777800049,TSpirit,FLCN,Radiant,胜,1,我讨厌这个世界,terrorblade,22,2251,I m Going To Be The Best Carry,alchemist,2244,7,pǠ,shredder,2162,89,9558,8950,608,0/0/0,league_roster,league_roster,league_roster
19543,PGL Wallachia 2026 Season 8,8777800049,FLCN,TSpirit,Dire,负,0,I m Going To Be The Best Carry,alchemist,19,2244,我讨厌这个世界,terrorblade,2251,-7,GAMBOT-PARIS,slardar,2618,-374,8950,9558,-608,0/1/0,league_roster,league_roster,league_roster
19543,PGL Wallachia 2026 Season 8,8777838108,TY,SAR,Radiant,负,0,arima-,beastmaster,29,2673,VE,necrolyte,2575,98,^,slardar,1696,977,10336,8794,1542,0/0/0,league_roster,league_roster,league_roster
19543,PGL Wallachia 2026 Season 8,8777838108,SAR,TY,Dire,胜,1,VE,necrolyte,32,2575,arima-,beastmaster,2673,-98,!!!,bristleback,2230,345,8794,10336,-1542,0/1/0,league_roster,league_roster,league_roster
19543,PGL Wallachia 2026 Season 8,8777936470,FLCN,TSpirit,Radiant,胜,1,I m Going To Be The Best Carry,alchemist,29,2967,我讨厌这个世界,tiny,2262,705,GAMBOT-PARIS,bristleback,2404,563,10648,8827,1821,0/0/0,league_roster,league_roster,league_roster
19543,PGL Wallachia 2026 Season 8,8777936470,TSpirit,FLCN,Dire,负,0,我讨厌这个世界,tiny,20,2262,I m Going To Be The Best Carry,alchemist,2967,-705,Yͣ,tidehunter,2738,-476,8827,10648,-1821,0/0/0,league_roster,league_roster,league_roster
19543,PGL Wallachia 2026 Season 8,8777955132,SAR,TY,Radiant,胜,1,VE,tiny,22,2364,arima-,lone_druid,2692,-328,!!!,centaur,2768,-404,8828,10042,-1214,0/0/0,league_roster,league_roster,league_roster
19543,PGL Wallachia 2026 Season 8,8777955132,TY,SAR,Dire,负,0,arima-,lone_druid,26,2692,VE,tiny,2364,328,^,beastmaster,2244,448,10042,8828,1214,1/1/0,league_roster,league_roster,league_roster
19543,PGL Wallachia 2026 Season 8,8778045350,FLCN,TSpirit,Radiant,胜,1,!U,weaver,32,2725,我讨厌这个世界,monkey_king,2440,285,GAMBOT-PARIS,pangolier,2128,597,9660,9471,189,0/0/0,league_roster,league_roster,league_roster
19543,PGL Wallachia 2026 Season 8,8778045350,TSpirit,FLCN,Dire,负,0,我讨厌这个世界,monkey_king,27,2440,!U,weaver,2725,-285,YeS signature player,bristleback,2378,62,9471,9660,-189,0/1/0,league_roster,league_roster,league_roster
19543,PGL Wallachia 2026 Season 8,8778074211,Tundra,VP,Radiant,负,0,1+1=11,life_stealer,28,2616,nokia,alchemist,2219,397,granny got hit by a bazooka,enigma,2369,247,9168,10098,-930,0/0/0,league_roster,league_roster,league_roster
19543,PGL Wallachia 2026 Season 8,8778074211,VP,Tundra,Dire,胜,1,nokia,alchemist,21,2219,1+1=11,life_stealer,2616,-397,not human (животное),shredder,2365,-146,10098,9168,930,0/1/2,league_roster,league_roster,league_roster
19543,PGL Wallachia 2026 Season 8,8778168822,VP,Tundra,Radiant,负,0,nokia,faceless_void,23,2380,1+1=11,lone_druid,2773,-393,not human (животное),sand_king,2250,130,8496,10068,-1572,1/2/0,league_roster,league_roster,league_roster
19543,PGL Wallachia 2026 Season 8,8778168822,Tundra,VP,Dire,胜,1,1+1=11,lone_druid,24,2773,nokia,faceless_void,2380,393,granny got hit by a bazooka,primal_beast,1872,901,10068,8496,1572,0/0/0,league_roster,league_roster,league_roster
19543,PGL Wallachia 2026 Season 8,8778162915,PV,HEROIC,Radiant,胜,1,.....,phantom_lancer,24,2267,Yuma,luna,2477,-210,*,shredder,2237,30,9463,9235,228,0/0/0,league_roster,league_roster,league_roster
19543,PGL Wallachia 2026 Season 8,8778162915,HEROIC,PV,Dire,负,0,Yuma,luna,24,2477,.....,phantom_lancer,2267,210,"Nah, I'd adapt",night_stalker,2473,4,9235,9463,-228,0/1/0,league_roster,league_roster,league_roster
19543,PGL Wallachia 2026 Season 8,8778254726,PV,HEROIC,Radiant,胜,1,.....,kez,24,2593,Yuma,monkey_king,1836,757,Wisper,magnataur,2319,274,10551,8300,2251,0/0/1,league_roster,league_roster,league_roster
19543,PGL Wallachia 2026 Season 8,8778254726,HEROIC,PV,Dire,负,0,Yuma,monkey_king,19,1836,.....,kez,2593,-757,"Nah, I'd adapt",slardar,3170,-1334,8300,10551,-2251,0/1/0,league_roster,league_roster,league_roster
19543,PGL Wallachia 2026 Season 8,8778252071,Tundra,VP,Radiant,负,0,1+1=11,tiny,31,2900,nokia,windrunner,2721,179,granny got hit by a bazooka,dawnbreaker,1601,1299,9658,9358,300,0/0/2,league_roster,league_roster,league_roster
19543,PGL Wallachia 2026 Season 8,8778252071,VP,Tundra,Dire,胜,1,nokia,windrunner,27,2721,1+1=11,tiny,2900,-179,not human (животное),abyssal_underlord,2217,504,9358,9658,-300,0/0/0,league_roster,league_roster,league_roster
19543,PGL Wallachia 2026 Season 8,8778849866,GL,TSpirit,Radiant,胜,1,鬼,lone_druid,24,3651,我讨厌这个世界,luna,2456,1195,GAMBOT-PARIS,tidehunter,1743,1908,10424,7732,2692,6/0/0,league_roster,league_roster,league_roster
19543,PGL Wallachia 2026 Season 8,8778849866,TSpirit,GL,Dire,负,0,我讨厌这个世界,luna,25,2456,鬼,lone_druid,3651,-1195,помойка,sand_king,2272,184,7732,10424,-2692,0/0/0,league_roster,league_roster,league_roster
19543,PGL Wallachia 2026 Season 8,8778849893,Liquid,VG,Radiant,负,0,yondaime,bristleback,27,2658,Ph,tiny,2027,631,Ph,night_stalker,2280,378,10091,8922,1169,0/0/0,league_roster,league_roster,league_roster
19543,PGL Wallachia 2026 Season 8,8778849893,VG,Liquid,Dire,胜,1,Ph,tiny,20,2027,yondaime,bristleback,2658,-631,50centaur,pangolier,2543,-516,8922,10091,-1169,0/1/0,league_roster,league_roster,league_roster
19543,PGL Wallachia 2026 Season 8,8778896415,TSpirit,GL,Radiant,负,0,f,muerta,26,2208,鬼,tiny,2343,-135,помойка,slardar,2480,-272,8601,9904,-1303,0/1/0,league_roster,league_roster,league_roster
19543,PGL Wallachia 2026 Season 8,8778896415,GL,TSpirit,Dire,胜,1,鬼,tiny,21,2343,f,muerta,2208,135,GAMBOT-PARIS,largo,2472,-129,9904,8601,1303,0/1/0,league_roster,league_roster,league_roster
19543,PGL Wallachia 2026 Season 8,8778912772,VG,Liquid,Radiant,负,0,Roselia,monkey_king,22,2331,TC,kez,2576,-245,50centaur,bristleback,2326,5,9191,9602,-411,0/0/0,league_roster,league_roster,league_roster
19543,PGL Wallachia 2026 Season 8,8778912772,Liquid,VG,Dire,胜,1,TC,kez,27,2576,Roselia,monkey_king,2331,245,Bach,sand_king,2314,262,9602,9191,411,1/0/1,league_roster,league_roster,league_roster
19543,PGL Wallachia 2026 Season 8,8778960929,Liquid,VG,Radiant,胜,1,yondaime,windrunner,29,2803,Roselia,tiny,2358,445,Bach,bristleback,1928,875,10067,9096,971,1/0/0,league_roster,league_roster,league_roster
19543,PGL Wallachia 2026 Season 8,8778960929,VG,Liquid,Dire,负,0,Roselia,tiny,18,2358,yondaime,windrunner,2803,-445,50centaur,pangolier,2642,-284,9096,10067,-971,2/0/0,league_roster,league_roster,league_roster
19543,PGL Wallachia 2026 Season 8,8778945001,HEROIC,VP,Radiant,胜,1,Yuma,life_stealer,27,2781,nokia,tiny,2274,507,granny got hit by a bazooka,slardar,1869,912,10970,8765,2205,0/0/2,league_roster,league_roster,league_roster
19543,PGL Wallachia 2026 Season 8,8778945001,VP,HEROIC,Dire,负,0,nokia,tiny,24,2274,Yuma,life_stealer,2781,-507,Wisper,tidehunter,2648,-374,8765,10970,-2205,0/0/1,league_roster,league_roster,league_roster
19543,PGL Wallachia 2026 Season 8,8779004984,SAR,XG,Radiant,胜,1,VE,alchemist,16,2151,ZmjjKK,lone_druid,2763,-612,¿,bristleback,1939,212,9625,9554,71,0/1/2,league_roster,league_roster,league_roster
19543,PGL Wallachia 2026 Season 8,8779004984,XG,SAR,Dire,负,0,ZmjjKK,lone_druid,25,2763,VE,alchemist,2151,612,^,viper,2344,419,9554,9625,-71,1/1/1,league_roster,league_roster,league_roster
19543,PGL Wallachia 2026 Season 8,8779006190,HEROIC,VP,Radiant,胜,1,Yuma,tiny,22,2392,nokia,gyrocopter,2181,211,granny got hit by a bazooka,pangolier,2246,146,8908,8831,77,0/0/0,league_roster,league_roster,league_roster
19543,PGL Wallachia 2026 Season 8,8779006190,VP,HEROIC,Dire,负,0,nokia,gyrocopter,20,2181,Yuma,tiny,2392,-211,zr,batrider,2483,-302,8831,8908,-77,0/1/1,league_roster,league_roster,league_roster
19543,PGL Wallachia 2026 Season 8,8779057857,SAR,XG,Radiant,负,0,VE,beastmaster,22,2277,ZmjjKK,lone_druid,3224,-947,¿,slardar,2462,-185,8860,10989,-2129,0/1/1,league_roster,league_roster,league_roster
19543,PGL Wallachia 2026 Season 8,8779057857,XG,SAR,Dire,胜,1,ZmjjKK,lone_druid,32,3224,VE,beastmaster,2277,947,^,doom_bringer,1775,1449,10989,8860,2129,1/0/0,league_roster,league_roster,league_roster
19543,PGL Wallachia 2026 Season 8,8779067796,BetBoom,FLCN,Radiant,负,0,Naruto~,alchemist,24,2656,00,lone_druid,2660,-4,YeS signature player,tidehunter,2496,160,10637,9744,893,1/0/0,league_roster,league_roster,league_roster
19543,PGL Wallachia 2026 Season 8,8779067796,FLCN,BetBoom,Dire,胜,1,00,lone_druid,27,2660,Naruto~,alchemist,2656,4,17 mind,undying,2718,-58,9744,10637,-893,1/1/0,league_roster,league_roster,league_roster
19543,PGL Wallachia 2026 Season 8,8779123262,SAR,XG,Radiant,胜,1,VE,beastmaster,27,2520,ZmjjKK,monkey_king,1835,685,¿,abyssal_underlord,1992,528,10343,7558,2785,0/0/1,league_roster,league_roster,league_roster
19543,PGL Wallachia 2026 Season 8,8779123262,XG,SAR,Dire,负,0,ZmjjKK,monkey_king,18,1835,VE,beastmaster,2520,-685,^,enigma,2588,-753,7558,10343,-2785,0/0/0,league_roster,league_roster,league_roster
19543,PGL Wallachia 2026 Season 8,8779155491,FLCN,BetBoom,Radiant,负,0,I m Going To Be The Best Carry,lone_druid,33,2594,Naruto~,alchemist,2556,38,17 mind,dawnbreaker,2096,498,9486,9224,262,0/1/0,league_roster,league_roster,league_roster
19543,PGL Wallachia 2026 Season 8,8779155491,BetBoom,FLCN,Dire,胜,1,Naruto~,alchemist,25,2556,I m Going To Be The Best Carry,lone_druid,2594,-38,YeS signature player,abyssal_underlord,2426,130,9224,9486,-262,1/0/1,league_roster,league_roster,league_roster
19543,PGL Wallachia 2026 Season 8,8779214847,TY,NAVI,Radiant,胜,1,arima-,weaver,19,2101,rejected,monkey_king,2212,-111,cat/dog,tidehunter,2464,-363,9618,8545,1073,0/0/0,league_roster,league_roster,league_roster
19543,PGL Wallachia 2026 Season 8,8779214847,NAVI,TY,Dire,负,0,rejected,monkey_king,23,2212,arima-,weaver,2101,111,!!!,abyssal_underlord,2549,-337,8545,9618,-1073,0/0/0,league_roster,league_roster,league_roster
19543,PGL Wallachia 2026 Season 8,8779265864,BetBoom,FLCN,Radiant,胜,1,t,tiny,31,2926,`ܤ,lone_druid,2525,401,YeS signature player,abyssal_underlord,2192,734,10321,9465,856,1/0/0,league_roster,league_roster,league_roster
19543,PGL Wallachia 2026 Season 8,8779265864,FLCN,BetBoom,Dire,负,0,`ܤ,lone_druid,29,2525,t,tiny,2926,-401,17 mind,dawnbreaker,2248,277,9465,10321,-856,0/0/1,league_roster,league_roster,league_roster
19543,PGL Wallachia 2026 Season 8,8779297009,NAVI,TY,Radiant,胜,1,rejected,ursa,26,2294,arima-,lone_druid,3076,-782,!!!,abyssal_underlord,2564,-270,9169,9983,-814,0/0/0,league_roster,league_roster,league_roster
19543,PGL Wallachia 2026 Season 8,8779297009,TY,NAVI,Dire,负,0,arima-,lone_druid,27,3076,rejected,ursa,2294,782,cat/dog,sand_king,2014,1062,9983,9169,814,1/0/0,league_roster,league_roster,league_roster
19543,PGL Wallachia 2026 Season 8,8779372774,PV,Aurora,Radiant,负,0,.....,phantom_lancer,31,2652,Lۦ,windrunner,2196,456,0Oţ,slardar,2263,389,10322,9164,1158,0/0/0,league_roster,league_roster,league_roster
19543,PGL Wallachia 2026 Season 8,8779372774,Aurora,PV,Dire,胜,1,Lۦ,windrunner,24,2196,.....,phantom_lancer,2652,-456,"Nah, I'd adapt",axe,2895,-699,9164,10322,-1158,0/0/0,league_roster,league_roster,league_roster
19543,PGL Wallachia 2026 Season 8,8779396380,NAVI,TY,Radiant,胜,1,rejected,broodmother,18,1934,arima-,terrorblade,2438,-504,!!!,brewmaster,2295,-361,7965,9682,-1717,0/0/0,league_roster,league_roster,league_roster
19543,PGL Wallachia 2026 Season 8,8779396380,TY,NAVI,Dire,负,0,arima-,terrorblade,20,2438,rejected,broodmother,1934,504,cat/dog,slardar,2194,244,9682,7965,1717,0/0/0,league_roster,league_roster,league_roster
19543,PGL Wallachia 2026 Season 8,8779491334,MOUZ,Tundra,Radiant,胜,1,KITR,lone_druid,27,3318,1+1=11,tiny,2390,928,not human (животное),abyssal_underlord,1897,1421,9809,8464,1345,2/0/1,league_roster,league_roster,league_roster
19543,PGL Wallachia 2026 Season 8,8779491334,Tundra,MOUZ,Dire,负,0,1+1=11,tiny,24,2390,KITR,lone_druid,3318,-928,TAXMAN,shredder,2173,217,8464,9809,-1345,0/0/0,league_roster,league_roster,league_roster
19543,PGL Wallachia 2026 Season 8,8779478244,PV,Aurora,Radiant,胜,1,.....,kez,29,2780,bored,windrunner,2858,-78,Shenorita`,shredder,2846,-66,9964,10348,-384,0/0/0,league_roster,league_roster,league_roster
19543,PGL Wallachia 2026 Season 8,8779478244,Aurora,PV,Dire,负,0,bored,windrunner,31,2858,.....,kez,2780,78,"Nah, I'd adapt",slardar,1919,939,10348,9964,384,0/0/0,league_roster,league_roster,league_roster
19543,PGL Wallachia 2026 Season 8,8779574003,MOUZ,Tundra,Radiant,负,0,KITR,alchemist,27,2186,1+1=11,lone_druid,2791,-605,not human (животное),shredder,2248,-62,9112,9443,-331,0/0/1,league_roster,league_roster,league_roster
19543,PGL Wallachia 2026 Season 8,8779574003,Tundra,MOUZ,Dire,胜,1,1+1=11,lone_druid,19,2791,KITR,alchemist,2186,605,TAXMAN,tidehunter,2206,585,9443,9112,331,1/0/0,league_roster,league_roster,league_roster
19543,PGL Wallachia 2026 Season 8,8779581832,PV,Aurora,Radiant,负,0,.....,terrorblade,24,2487,bored,faceless_void,2381,106,Shenorita`,slardar,2102,385,8811,9577,-766,0/0/0,league_roster,league_roster,league_roster
19543,PGL Wallachia 2026 Season 8,8779581832,Aurora,PV,Dire,胜,1,bored,faceless_void,26,2381,.....,terrorblade,2487,-106,"Nah, I'd adapt",tidehunter,2365,16,9577,8811,766,0/0/0,league_roster,league_roster,league_roster
19543,PGL Wallachia 2026 Season 8,8779658823,MOUZ,Tundra,Radiant,胜,1,KITR,medusa,29,2657,1+1=11,life_stealer,2675,-18,not human (животное),doom_bringer,2125,532,9688,8595,1093,0/0/0,league_roster,league_roster,league_roster
19543,PGL Wallachia 2026 Season 8,8779658823,Tundra,MOUZ,Dire,负,0,1+1=11,life_stealer,26,2675,KITR,medusa,2657,18,TAXMAN,pangolier,2507,168,8595,9688,-1093,1/1/0,league_roster,league_roster,league_roster
19543,PGL Wallachia 2026 Season 8,8780072753,TSpirit,NAVI,Radiant,负,0,wuy72456敏捷,alchemist,21,2297,rejected,doom_bringer,2923,-626,cat/dog,abyssal_underlord,2636,-339,9433,10684,-1251,0/1/0,league_roster,league_roster,league_roster
19543,PGL Wallachia 2026 Season 8,8780072753,NAVI,TSpirit,Dire,胜,1,rejected,doom_bringer,28,2923,wuy72456敏捷,alchemist,2297,626,GAMBOT-PARIS,pangolier,2235,688,10684,9433,1251,0/0/0,league_roster,league_roster,league_roster
19543,PGL Wallachia 2026 Season 8,8780072726,Liquid,HEROIC,Radiant,胜,1,yondaime,kez,30,2794,`Vh5,tiny,2206,588,0W,enigma,2421,373,9844,9383,461,1/0/0,league_roster,league_roster,league_roster
19543,PGL Wallachia 2026 Season 8,8780072726,HEROIC,Liquid,Dire,负,0,`Vh5,tiny,21,2206,yondaime,kez,2794,-588,50centaur,slardar,2351,-145,9383,9844,-461,0/0/2,league_roster,league_roster,league_roster
19543,PGL Wallachia 2026 Season 8,8780111494,HEROIC,Liquid,Radiant,负,0,Yuma,alchemist,20,3176,1¢,tiny,2360,816,50centaur,batrider,2480,696,10274,9392,882,2/0/0,league_roster,league_roster,league_roster
19543,PGL Wallachia 2026 Season 8,8780111494,Liquid,HEROIC,Dire,胜,1,1¢,tiny,25,2360,Yuma,alchemist,3176,-816,˦,undying,2600,-240,9392,10274,-882,1/0/1,league_roster,league_roster,league_roster
19543,PGL Wallachia 2026 Season 8,8780111466,TSpirit,NAVI,Radiant,胜,1,wuy72456敏捷,lone_druid,31,3650,rejected,ursa,2089,1561,cat/dog,lycan,1913,1737,11556,8920,2636,3/0/0,league_roster,league_roster,league_roster
19543,PGL Wallachia 2026 Season 8,8780111466,NAVI,TSpirit,Dire,负,0,rejected,ursa,20,2089,wuy72456敏捷,lone_druid,3650,-1561,GAMBOT-PARIS,kunkka,2762,-673,8920,11556,-2636,0/2/2,league_roster,league_roster,league_roster
19543,PGL Wallachia 2026 Season 8,8780164509,NAVI,TSpirit,Radiant,负,0,rejected,doom_bringer,21,2201,wuy72456敏捷,monkey_king,2745,-544,GAMBOT-PARIS,kunkka,2729,-528,9096,9304,-208,0/0/1,league_roster,league_roster,league_roster
19543,PGL Wallachia 2026 Season 8,8780164509,TSpirit,NAVI,Dire,胜,1,wuy72456敏捷,monkey_king,30,2745,rejected,doom_bringer,2201,544,cat/dog,lycan,1896,849,9304,9096,208,2/0/0,league_roster,league_roster,league_roster
19543,PGL Wallachia 2026 Season 8,8780159415,GL,FLCN,Radiant,负,0,`K,alchemist,24,2687,I m Going To Be The Best Carry,weaver,3009,-322,YeS signature player,bristleback,2533,154,9329,9728,-399,0/0/1,league_roster,league_roster,league_roster
19543,PGL Wallachia 2026 Season 8,8780159415,FLCN,GL,Dire,胜,1,I m Going To Be The Best Carry,weaver,35,3009,`K,alchemist,2687,322,помойка,sand_king,1860,1149,9728,9329,399,0/0/1,league_roster,league_roster,league_roster
19543,PGL Wallachia 2026 Season 8,8780212309,VG,XG,Radiant,负,0,7,alchemist,20,2121,ZmjjKK,phantom_assassin,3205,-1084,¿,axe,2364,-243,8592,10484,-1892,0/1/0,league_roster,league_roster,league_roster
19543,PGL Wallachia 2026 Season 8,8780212309,XG,VG,Dire,胜,1,ZmjjKK,phantom_assassin,32,3205,7,alchemist,2121,1084,Bach,beastmaster,1650,1555,10484,8592,1892,0/0/0,league_roster,league_roster,league_roster
19543,PGL Wallachia 2026 Season 8,8780224945,GL,FLCN,Radiant,负,0,鬼,lone_druid,27,2548,PrK,tiny,2374,174,YeS signature player,bristleback,2456,92,9716,9695,21,0/1/1,league_roster,league_roster,league_roster
19543,PGL Wallachia 2026 Season 8,8780224945,FLCN,GL,Dire,胜,1,PrK,tiny,34,2374,鬼,lone_druid,2548,-174,помойка,doom_bringer,2218,156,9695,9716,-21,0/0/0,league_roster,league_roster,league_roster
19543,PGL Wallachia 2026 Season 8,8780270320,XG,VG,Radiant,胜,1,ZmjjKK,faceless_void,24,3064,Roselia,windrunner,2463,601,Bach,alchemist,2018,1046,10888,8836,2052,1/0/2,league_roster,league_roster,league_roster
19543,PGL Wallachia 2026 Season 8,8780270320,VG,XG,Dire,负,0,Roselia,windrunner,27,2463,ZmjjKK,faceless_void,3064,-601,¿,doom_bringer,2623,-160,8836,10888,-2052,0/0/0,league_roster,league_roster,league_roster
19543,PGL Wallachia 2026 Season 8,8780302268,SAR,PV,Radiant,胜,1,VE,alchemist,9,2165,.....,kez,2313,-148,"Nah, I'd adapt",shredder,2395,-230,9992,9432,560,0/0/0,league_roster,league_roster,league_roster
19543,PGL Wallachia 2026 Season 8,8780302268,PV,SAR,Dire,负,0,.....,kez,25,2313,VE,alchemist,2165,148,^,viper,2244,69,9432,9992,-560,0/0/1,league_roster,league_roster,league_roster
19543,PGL Wallachia 2026 Season 8,8780342142,MOUZ,VP,Radiant,负,0,^I,dragon_knight,24,2380,nokia,luna,2516,-136,granny got hit by a bazooka,dawnbreaker,1983,397,8962,9121,-159,0/0/0,league_roster,league_roster,league_roster
19543,PGL Wallachia 2026 Season 8,8780342142,VP,MOUZ,Dire,胜,1,nokia,luna,25,2516,^I,dragon_knight,2380,136,[K,brewmaster,1869,647,9121,8962,159,0/1/1,league_roster,league_roster,league_roster
19543,PGL Wallachia 2026 Season 8,8780381253,PV,SAR,Radiant,胜,1,g[,kez,31,2461,VE,windrunner,2079,382,^,bristleback,2568,-107,10566,9345,1221,0/1/1,league_roster,league_roster,league_roster
19543,PGL Wallachia 2026 Season 8,8780381253,SAR,PV,Dire,负,0,VE,windrunner,17,2079,g[,kez,2461,-382,"Nah, I'd adapt",beastmaster,2566,-487,9345,10566,-1221,0/0/2,league_roster,league_roster,league_roster
19543,PGL Wallachia 2026 Season 8,8780428772,MOUZ,VP,Radiant,胜,1,KITR,tiny,20,2268,nokia,windrunner,2491,-223,granny got hit by a bazooka,abyssal_underlord,1937,331,9753,8437,1316,0/0/1,league_roster,league_roster,league_roster
19543,PGL Wallachia 2026 Season 8,8780428772,VP,MOUZ,Dire,负,0,nokia,windrunner,22,2491,KITR,tiny,2268,223,TAXMAN,dark_seer,2117,374,8437,9753,-1316,0/0/0,league_roster,league_roster,league_roster
19543,PGL Wallachia 2026 Season 8,8780454747,SAR,PV,Radiant,负,0,VE,necrolyte,31,2778,.....,kez,3050,-272,"Nah, I'd adapt",largo,1782,996,9836,10824,-988,0/0/0,league_roster,league_roster,league_roster
19543,PGL Wallachia 2026 Season 8,8780454747,PV,SAR,Dire,胜,1,.....,kez,28,3050,VE,necrolyte,2778,272,^,dark_seer,1629,1421,10824,9836,988,2/0/0,league_roster,league_roster,league_roster
19543,PGL Wallachia 2026 Season 8,8780527869,MOUZ,VP,Radiant,胜,1,KITR,lone_druid,21,2680,nokia,tiny,2495,185,granny got hit by a bazooka,primal_beast,1759,921,9939,8796,1143,1/0/1,league_roster,league_roster,league_roster
19543,PGL Wallachia 2026 Season 8,8780527869,VP,MOUZ,Dire,负,0,nokia,tiny,23,2495,KITR,lone_druid,2680,-185,tV,tidehunter,2594,-99,8796,9939,-1143,0/0/0,league_roster,league_roster,league_roster
19543,PGL Wallachia 2026 Season 8,8781318601,GL,HEROIC,Radiant,负,0,`P,tiny,28,2563,pY,life_stealer,2628,-65,Wisper,doom_bringer,2343,220,9103,9431,-328,0/0/1,league_roster,league_roster,league_roster
19543,PGL Wallachia 2026 Season 8,8781318601,HEROIC,GL,Dire,胜,1,pY,life_stealer,25,2628,`P,tiny,2563,65,P,abyssal_underlord,2344,284,9431,9103,328,1/0/0,league_roster,league_roster,league_roster
19543,PGL Wallachia 2026 Season 8,8781366014,HEROIC,GL,Radiant,胜,1,Yuma,tiny,25,2493,!o,doom_bringer,2223,270,помойка,beastmaster,2481,12,9778,8995,783,0/0/0,league_roster,league_roster,league_roster
19543,PGL Wallachia 2026 Season 8,8781366014,GL,HEROIC,Dire,负,0,!o,doom_bringer,20,2223,Yuma,tiny,2493,-270,Wisper,kunkka,2459,-236,8995,9778,-783,0/1/0,league_roster,league_roster,league_roster
19543,PGL Wallachia 2026 Season 8,8781428124,SAR,MOUZ,Radiant,胜,1,VE,windrunner,30,2692,KITR,tiny,2211,481,`M!,pangolier,1952,740,10960,8402,2558,1/0/1,league_roster,league_roster,league_roster
19543,PGL Wallachia 2026 Season 8,8781428124,MOUZ,SAR,Dire,负,0,KITR,tiny,23,2211,VE,windrunner,2692,-481,^,doom_bringer,2255,-44,8402,10960,-2558,0/0/0,league_roster,league_roster,league_roster
19543,PGL Wallachia 2026 Season 8,8781484100,SAR,MOUZ,Radiant,负,0,VE,kez,13,1876,KITR,alchemist,2841,-965,0,largo,2776,-900,9912,10394,-482,0/1/1,league_roster,league_roster,league_roster
19543,PGL Wallachia 2026 Season 8,8781484100,MOUZ,SAR,Dire,胜,1,KITR,alchemist,21,2841,VE,kez,1876,965,^,slardar,2720,121,10394,9912,482,1/0/1,league_roster,league_roster,league_roster
19543,PGL Wallachia 2026 Season 8,8781560526,MOUZ,SAR,Radiant,负,0,0dj,ursa,19,2238,VE,doom_bringer,2974,-736,^,enigma,2416,-178,9216,10140,-924,1/1/2,league_roster,league_roster,league_roster
19543,PGL Wallachia 2026 Season 8,8781560526,SAR,MOUZ,Dire,胜,1,VE,doom_bringer,28,2974,0dj,ursa,2238,736,TAXMAN,dark_seer,2323,651,10140,9216,924,1/0/1,league_roster,league_roster,league_roster
19543,PGL Wallachia 2026 Season 8,8781669218,XG,TSpirit,Radiant,负,0,m,tiny,24,2249,-b,lone_druid,2329,-80,GAMBOT-PARIS,shredder,2145,104,9616,8387,1229,0/0/0,league_roster,league_roster,league_roster
19543,PGL Wallachia 2026 Season 8,8781669218,TSpirit,XG,Dire,胜,1,-b,lone_druid,17,2329,m,tiny,2249,80,¿,tidehunter,2719,-390,8387,9616,-1229,1/2/0,league_roster,league_roster,league_roster
19543,PGL Wallachia 2026 Season 8,8781808385,TSpirit,XG,Radiant,胜,1,wuy72456敏捷,faceless_void,23,2646,_,phantom_lancer,2500,146,¿,pangolier,2355,291,9198,9549,-351,1/0/1,league_roster,league_roster,league_roster
19543,PGL Wallachia 2026 Season 8,8781808385,XG,TSpirit,Dire,负,0,_,phantom_lancer,27,2500,wuy72456敏捷,faceless_void,2646,-146,GAMBOT-PARIS,batrider,1972,528,9549,9198,351,0/0/0,league_roster,league_roster,league_roster
19543,PGL Wallachia 2026 Season 8,8782527726,PV,SAR,Radiant,负,0,.....,meepo,15,3020,VE,monkey_king,2410,610,^,pangolier,2872,148,10458,10908,-450,4/0/1,league_roster,league_roster,league_roster
19543,PGL Wallachia 2026 Season 8,8782527726,SAR,PV,Dire,胜,1,VE,monkey_king,18,2410,.....,meepo,3020,-610,"Nah, I'd adapt",beastmaster,2862,-452,10908,10458,450,1/1/2,league_roster,league_roster,league_roster
19543,PGL Wallachia 2026 Season 8,8782581053,SAR,PV,Radiant,负,0,VE,monkey_king,27,2327,.....,kez,2251,76,s}r,largo,2991,-664,9864,9565,299,0/2/0,league_roster,league_roster,league_roster
19543,PGL Wallachia 2026 Season 8,8782581053,PV,SAR,Dire,胜,1,.....,kez,23,2251,VE,monkey_king,2327,-76,^,night_stalker,2131,120,9565,9864,-299,0/1/2,league_roster,league_roster,league_roster
19543,PGL Wallachia 2026 Season 8,8782625329,PV,SAR,Radiant,胜,1,.....,terrorblade,32,2639,VE,windrunner,3226,-587,^,pangolier,2338,301,9862,10610,-748,0/0/0,league_roster,league_roster,league_roster
19543,PGL Wallachia 2026 Season 8,8782625329,SAR,PV,Dire,负,0,VE,windrunner,30,3226,.....,terrorblade,2639,587,"Nah, I'd adapt",slardar,2164,1062,10610,9862,748,2/0/0,league_roster,league_roster,league_roster
19543,PGL Wallachia 2026 Season 8,8782678248,Aurora,HEROIC,Radiant,胜,1,bored,tiny,23,2410,Yuma,weaver,2482,-72,Wisper,abyssal_underlord,2349,61,9468,9620,-152,0/0/0,league_roster,league_roster,league_roster
19543,PGL Wallachia 2026 Season 8,8782678248,HEROIC,Aurora,Dire,负,0,Yuma,weaver,21,2482,bored,tiny,2410,72,@5,centaur,2389,93,9620,9468,152,1/0/1,league_roster,league_roster,league_roster
19543,PGL Wallachia 2026 Season 8,8782750796,HEROIC,Aurora,Radiant,负,0,Yuma,monkey_king,27,2704,bored,ursa,2626,78,Py,largo,2393,311,9097,8854,243,0/0/0,league_roster,league_roster,league_roster
19543,PGL Wallachia 2026 Season 8,8782750796,Aurora,HEROIC,Dire,胜,1,bored,ursa,30,2626,Yuma,monkey_king,2704,-78,Wisper,dawnbreaker,2226,400,8854,9097,-243,0/0/0,league_roster,league_roster,league_roster
19543,PGL Wallachia 2026 Season 8,8782870472,FLCN,Liquid,Radiant,负,0,I m Going To Be The Best Carry,alchemist,29,3016,~,lone_druid,2623,393,50centaur,abyssal_underlord,2392,624,10039,10636,-597,0/0/0,league_roster,league_roster,league_roster
19543,PGL Wallachia 2026 Season 8,8782870472,Liquid,FLCN,Dire,胜,1,~,lone_druid,26,2623,I m Going To Be The Best Carry,alchemist,3016,-393,YeS signature player,monkey_king,2600,23,10636,10039,597,0/0/0,league_roster,league_roster,league_roster
19543,PGL Wallachia 2026 Season 8,8783006717,FLCN,Liquid,Radiant,负,0,I m Going To Be The Best Carry,monkey_king,32,2688,`nR,windrunner,2544,144,50centaur,pangolier,2350,338,9774,9886,-112,1/0/2,league_roster,league_roster,league_roster
19543,PGL Wallachia 2026 Season 8,8783006717,Liquid,FLCN,Dire,胜,1,`nR,windrunner,25,2544,I m Going To Be The Best Carry,monkey_king,2688,-144,"^,",tidehunter,2407,137,9886,9774,112,0/0/0,league_roster,league_roster,league_roster
19543,PGL Wallachia 2026 Season 8,8783105237,TSpirit,BetBoom,Radiant,负,0,C,terrorblade,26,2191,Naruto~,life_stealer,2265,-74,17 mind,beastmaster,2730,-539,8656,10118,-1462,0/2/0,league_roster,league_roster,league_roster
19543,PGL Wallachia 2026 Season 8,8783105237,BetBoom,TSpirit,Dire,胜,1,Naruto~,life_stealer,26,2265,C,terrorblade,2191,74,GAMBOT-PARIS,abyssal_underlord,2576,-311,10118,8656,1462,0/0/0,league_roster,league_roster,league_roster
19543,PGL Wallachia 2026 Season 8,8783198427,BetBoom,TSpirit,Radiant,胜,1,Naruto~,muerta,28,2437,f),luna,1793,644,GAMBOT-PARIS,axe,2233,204,9714,8015,1699,0/0/0,league_roster,league_roster,league_roster
19543,PGL Wallachia 2026 Season 8,8783198427,TSpirit,BetBoom,Dire,负,0,f),luna,15,1793,Naruto~,muerta,2437,-644,17 mind,lycan,2715,-922,8015,9714,-1699,0/1/0,league_roster,league_roster,league_roster
19543,PGL Wallachia 2026 Season 8,8783810675,SAR,HEROIC,Radiant,胜,1,VE,monkey_king,19,2207,Yuma,muerta,2190,17,`z%[,mars,2595,-388,9073,9593,-520,0/0/0,league_roster,league_roster,league_roster
19543,PGL Wallachia 2026 Season 8,8783810675,HEROIC,SAR,Dire,负,0,Yuma,muerta,25,2190,VE,monkey_king,2207,-17,^,axe,2848,-658,9593,9073,520,0/2/0,league_roster,league_roster,league_roster
19543,PGL Wallachia 2026 Season 8,8783863589,SAR,HEROIC,Radiant,负,0,VE,kez,24,2435,Yuma,bloodseeker,2491,-56,Wisper,tidehunter,2504,-69,8855,9614,-759,0/0/0,league_roster,league_roster,league_roster
19543,PGL Wallachia 2026 Season 8,8783863589,HEROIC,SAR,Dire,胜,1,Yuma,bloodseeker,23,2491,VE,kez,2435,56,^,brewmaster,2040,451,9614,8855,759,0/0/0,league_roster,league_roster,league_roster
19543,PGL Wallachia 2026 Season 8,8783919534,SAR,HEROIC,Radiant,胜,1,VE,monkey_king,21,2479,@!ӻ],life_stealer,2351,128,ӻ],brewmaster,2340,139,9496,9372,124,0/0/1,league_roster,league_roster,league_roster
19543,PGL Wallachia 2026 Season 8,8783919534,HEROIC,SAR,Dire,负,0,@!ӻ],life_stealer,19,2351,VE,monkey_king,2479,-128,^,primal_beast,2078,273,9372,9496,-124,0/1/0,league_roster,league_roster,league_roster
19543,PGL Wallachia 2026 Season 8,8783980542,FLCN,TSpirit,Radiant,胜,1,I m Going To Be The Best Carry,tiny,24,2401,],monkey_king,2017,384,GAMBOT-PARIS,abyssal_underlord,2504,-103,9402,8829,573,0/0/0,league_roster,league_roster,league_roster
19543,PGL Wallachia 2026 Season 8,8783980542,TSpirit,FLCN,Dire,负,0,],monkey_king,22,2017,I m Going To Be The Best Carry,tiny,2401,-384,],doom_bringer,2666,-649,8829,9402,-573,0/0/1,league_roster,league_roster,league_roster
19543,PGL Wallachia 2026 Season 8,8784047386,TSpirit,FLCN,Radiant,负,0,wuy72456敏捷,monkey_king,29,2684,Pn^,tiny,2801,-117,YeS signature player,doom_bringer,2593,91,9350,10549,-1199,1/0/0,league_roster,league_roster,league_roster
19543,PGL Wallachia 2026 Season 8,8784047386,FLCN,TSpirit,Dire,胜,1,Pn^,tiny,29,2801,wuy72456敏捷,monkey_king,2684,117,GAMBOT-PARIS,primal_beast,2218,583,10549,9350,1199,0/0/1,league_roster,league_roster,league_roster
19543,PGL Wallachia 2026 Season 8,8784176993,Aurora,PV,Radiant,负,0,Ptz],faceless_void,21,2367,0?q[,meepo,2314,53,cP\,tidehunter,2854,-487,9472,9702,-230,0/0/0,league_roster,league_roster,league_roster
19543,PGL Wallachia 2026 Season 8,8784176993,PV,Aurora,Dire,胜,1,0?q[,meepo,18,2314,Ptz],faceless_void,2367,-53,Shenorita`,pangolier,2755,-441,9702,9472,230,0/0/1,league_roster,league_roster,league_roster
19543,PGL Wallachia 2026 Season 8,8784255815,PV,Aurora,Radiant,负,0,.....,terrorblade,25,2091,bored,ursa,2811,-720,Shenorita`,largo,2354,-263,8891,10956,-2065,0/2/0,league_roster,league_roster,league_roster
19543,PGL Wallachia 2026 Season 8,8784255815,Aurora,PV,Dire,胜,1,bored,ursa,31,2811,.....,terrorblade,2091,720,"Nah, I'd adapt",bristleback,2194,617,10956,8891,2065,0/0/1,league_roster,league_roster,league_roster
19543,PGL Wallachia 2026 Season 8,8784373796,PV,Aurora,Radiant,负,0,q\,medusa,19,1958,bored,windrunner,3234,-1276,Shenorita`,beastmaster,2927,-969,7324,10532,-3208,0/2/0,league_roster,league_roster,league_roster
19543,PGL Wallachia 2026 Season 8,8784373796,Aurora,PV,Dire,胜,1,bored,windrunner,26,3234,q\,medusa,1958,1276,"Nah, I'd adapt",night_stalker,1151,2083,10532,7324,3208,3/0/1,league_roster,league_roster,league_roster
19543,PGL Wallachia 2026 Season 8,8784508335,Liquid,BetBoom,Radiant,胜,1,yondaime,tiny,28,2613,Naruto~,life_stealer,1955,658,17 mind,shredder,2696,-83,9404,9160,244,0/0/0,league_roster,league_roster,league_roster
19543,PGL Wallachia 2026 Season 8,8784508335,BetBoom,Liquid,Dire,负,0,Naruto~,life_stealer,17,1955,yondaime,tiny,2613,-658,50centaur,dawnbreaker,2325,-370,9160,9404,-244,0/0/0,league_roster,league_roster,league_roster
19543,PGL Wallachia 2026 Season 8,8784597508,BetBoom,Liquid,Radiant,胜,1,Naruto~,kez,29,2663,yondaime,alchemist,3206,-543,50centaur,largo,2322,341,9699,9877,-178,0/1/2,league_roster,league_roster,league_roster
19543,PGL Wallachia 2026 Season 8,8784597508,Liquid,BetBoom,Dire,负,0,yondaime,alchemist,24,3206,Naruto~,kez,2663,543,@C^,tidehunter,1673,1533,9877,9699,178,0/0/2,league_roster,league_roster,league_roster
19543,PGL Wallachia 2026 Season 8,8784700248,Liquid,BetBoom,Radiant,负,0,yondaime,tiny,26,2452,[,kez,2940,-488,17 mind,tidehunter,2195,257,9370,9604,-234,0/0/0,league_roster,league_roster,league_roster
19543,PGL Wallachia 2026 Season 8,8784700248,BetBoom,Liquid,Dire,胜,1,[,kez,30,2940,yondaime,tiny,2452,488,Ph],dawnbreaker,2428,512,9604,9370,234,1/0/0,league_roster,league_roster,league_roster
19543,PGL Wallachia 2026 Season 8,8785243904,PV,FLCN,Radiant,负,0,@v],monkey_king,24,2368,I m Going To Be The Best Carry,alchemist,2426,-58,]?],viper,2451,-83,9500,9593,-93,1/1/0,league_roster,league_roster,league_roster
19543,PGL Wallachia 2026 Season 8,8785243904,FLCN,PV,Dire,胜,1,I m Going To Be The Best Carry,alchemist,26,2426,@v],monkey_king,2368,58,"Nah, I'd adapt",doom_bringer,2436,-10,9593,9500,93,1/0/0,league_roster,league_roster,league_roster
19543,PGL Wallachia 2026 Season 8,8785317017,FLCN,PV,Radiant,胜,1,I m Going To Be The Best Carry,tiny,23,2530,.....,lone_druid,2571,-41,"Nah, I'd adapt",necrolyte,2884,-354,9162,9982,-820,1/1/0,league_roster,league_roster,league_roster
19543,PGL Wallachia 2026 Season 8,8785317017,PV,FLCN,Dire,负,0,.....,lone_druid,32,2571,I m Going To Be The Best Carry,tiny,2530,41,YeS signature player,doom_bringer,2530,41,9982,9162,820,0/1/1,league_roster,league_roster,league_roster
19543,PGL Wallachia 2026 Season 8,8785399798,Liquid,SAR,Radiant,胜,1,@r^,queenofpain,32,2816,VE,tiny,2406,410,^,viper,2463,353,9705,10079,-374,0/0/0,league_roster,league_roster,league_roster
19543,PGL Wallachia 2026 Season 8,8785399798,SAR,Liquid,Dire,负,0,VE,tiny,28,2406,@r^,queenofpain,2816,-410,50centaur,pangolier,2505,-99,10079,9705,374,0/0/0,league_roster,league_roster,league_roster
19543,PGL Wallachia 2026 Season 8,8785463098,SAR,Liquid,Radiant,负,0,VE,kez,23,2380,yondaime,windrunner,2681,-301,50centaur,abyssal_underlord,2726,-346,10213,9369,844,0/0/0,league_roster,league_roster,league_roster
19543,PGL Wallachia 2026 Season 8,8785463098,Liquid,SAR,Dire,胜,1,yondaime,windrunner,31,2681,VE,kez,2380,301,^,slardar,2264,417,9369,10213,-844,0/0/1,league_roster,league_roster,league_roster
19543,PGL Wallachia 2026 Season 8,8785561247,Aurora,BetBoom,Radiant,负,0,bored,tiny,23,2414,[_,monkey_king,1944,470,P[J],dawnbreaker,2150,264,9386,8205,1181,0/1/0,league_roster,league_roster,league_roster
19543,PGL Wallachia 2026 Season 8,8785561247,BetBoom,Aurora,Dire,胜,1,[_,monkey_king,24,1944,bored,tiny,2414,-470,Shenorita`,mars,2571,-627,8205,9386,-1181,0/1/2,league_roster,league_roster,league_roster
19543,PGL Wallachia 2026 Season 8,8785712176,BetBoom,Aurora,Radiant,负,0,Naruto~,faceless_void,20,2006,bored,tiny,2300,-294,`f_,mars,2420,-414,8670,8756,-86,0/1/3,league_roster,league_roster,league_roster
19543,PGL Wallachia 2026 Season 8,8785712176,Aurora,BetBoom,Dire,胜,1,bored,tiny,25,2300,Naruto~,faceless_void,2006,294,17 mind,bristleback,2356,-56,8756,8670,86,0/0/0,league_roster,league_roster,league_roster
19543,PGL Wallachia 2026 Season 8,8785812275,BetBoom,Aurora,Radiant,胜,1,Љ6_,monkey_king,22,2040,bored,ursa,2412,-372,Shenorita`,mars,2556,-516,8255,8150,105,0/1/0,league_roster,league_roster,league_roster
19543,PGL Wallachia 2026 Season 8,8785812275,Aurora,BetBoom,Dire,负,0,bored,ursa,21,2412,Љ6_,monkey_king,2040,372,17 mind,batrider,2269,143,8150,8255,-105,0/1/1,league_roster,league_roster,league_roster
19543,PGL Wallachia 2026 Season 8,8785918300,FLCN,Liquid,Radiant,胜,1,I m Going To Be The Best Carry,tiny,28,2152,N_,furion,2228,-76,50centaur,pangolier,2396,-244,9534,9989,-455,0/0/0,league_roster,league_roster,league_roster
19543,PGL Wallachia 2026 Season 8,8785918300,Liquid,FLCN,Dire,负,0,N_,furion,25,2228,I m Going To Be The Best Carry,tiny,2152,76,YeS signature player,dawnbreaker,2640,-412,9989,9534,455,0/1/3,league_roster,league_roster,league_roster
19543,PGL Wallachia 2026 Season 8,8786038067,Liquid,FLCN,Radiant,胜,1,yondaime,kez,23,2344,I m Going To Be The Best Carry,tiny,1915,429,zy`,bristleback,2443,-99,9869,8839,1030,0/0/0,league_roster,league_roster,league_roster
19543,PGL Wallachia 2026 Season 8,8786038067,FLCN,Liquid,Dire,负,0,I m Going To Be The Best Carry,tiny,19,1915,yondaime,kez,2344,-429,p?[,batrider,2240,-325,8839,9869,-1030,0/1/1,league_roster,league_roster,league_roster
19543,PGL Wallachia 2026 Season 8,8786127499,FLCN,Liquid,Radiant,胜,1,I m Going To Be The Best Carry,tiny,25,2446,yondaime,monkey_king,2282,164,50centaur,batrider,1923,523,9786,9259,527,1/0/1,league_roster,league_roster,league_roster
19543,PGL Wallachia 2026 Season 8,8786127499,Liquid,FLCN,Dire,负,0,yondaime,monkey_king,23,2282,I m Going To Be The Best Carry,tiny,2446,-164,YeS signature player,doom_bringer,2788,-506,9259,9786,-527,0/2/2,league_roster,league_roster,league_roster
19543,PGL Wallachia 2026 Season 8,8786827560,FLCN,Aurora,Radiant,负,0,I m Going To Be The Best Carry,skeleton_king,27,2142,bored,lone_druid,2826,-684,Shenorita`,largo,2264,-122,8645,9863,-1218,0/1/0,league_roster,league_roster,league_roster
19543,PGL Wallachia 2026 Season 8,8786827560,Aurora,FLCN,Dire,胜,1,bored,lone_druid,27,2826,I m Going To Be The Best Carry,skeleton_king,2142,684,YeS signature player,bristleback,2127,699,9863,8645,1218,0/0/1,league_roster,league_roster,league_roster
19543,PGL Wallachia 2026 Season 8,8786902529,Aurora,FLCN,Radiant,胜,1,@],faceless_void,13,1713,I m Going To Be The Best Carry,kez,2371,-658,YeS signature player,axe,2825,-1112,8199,9777,-1578,0/1/0,league_roster,league_roster,league_roster
19543,PGL Wallachia 2026 Season 8,8786902529,FLCN,Aurora,Dire,负,0,I m Going To Be The Best Carry,kez,20,2371,@],faceless_void,1713,658,Shenorita`,largo,2223,148,9777,8199,1578,0/0/1,league_roster,league_roster,league_roster
19543,PGL Wallachia 2026 Season 8,8787054928,BetBoom,Aurora,Radiant,胜,1,Naruto~,muerta,24,2576,bored,faceless_void,2220,356,Shenorita`,largo,2039,537,10056,8765,1291,2/0/0,league_roster,league_roster,league_roster
19543,PGL Wallachia 2026 Season 8,8787054928,Aurora,BetBoom,Dire,负,0,bored,faceless_void,19,2220,Naruto~,muerta,2576,-356,17 mind,enigma,2675,-455,8765,10056,-1291,1/1/0,league_roster,league_roster,league_roster
19543,PGL Wallachia 2026 Season 8,8787185127,Aurora,BetBoom,Radiant,负,0,bored,doom_bringer,21,2372,Naruto~,monkey_king,2632,-260,P`,tidehunter,2491,-119,8756,10659,-1903,0/1/0,league_roster,league_roster,league_roster
19543,PGL Wallachia 2026 Season 8,8787185127,BetBoom,Aurora,Dire,胜,1,Naruto~,monkey_king,25,2632,bored,doom_bringer,2372,260,Shenorita`,mars,2306,326,10659,8756,1903,0/0/5,league_roster,league_roster,league_roster
19543,PGL Wallachia 2026 Season 8,8787299097,BetBoom,Aurora,Radiant,胜,1,Naruto~,muerta,25,2135,bored,tiny,2305,-170,0C^,abyssal_underlord,2614,-479,9938,9565,373,0/2/1,league_roster,league_roster,league_roster
19543,PGL Wallachia 2026 Season 8,8787299097,Aurora,BetBoom,Dire,负,0,bored,tiny,20,2305,Naruto~,muerta,2135,170,17 mind,largo,2502,-197,9565,9938,-373,1/1/0,league_roster,league_roster,league_roster
19255,Premier Series,8731221593,L1,Nemiga,Radiant,Win,1,kill them all,templar_assassin,27,2658,obsessed,ursa,2505,153,tamagochi,primal_beast,2170,488,9176,8908,268,0/0/0,league_roster,league_roster,league_roster
19255,Premier Series,8731221593,Nemiga,L1,Dire,Loss,0,obsessed,ursa,23,2505,kill them all,templar_assassin,2658,-153,kUBAJlDA,slardar,2054,451,8908,9176,-268,1/0/0,league_roster,league_roster,league_roster
19255,Premier Series,8731263319,Nemiga,L1,Radiant,Win,1,obsessed,life_stealer,21,2808,5s,templar_assassin,2731,77,kUBAJlDA,bristleback,1947,861,9110,9225,-115,1/0/1,league_roster,league_roster,league_roster
19255,Premier Series,8731263319,L1,Nemiga,Dire,Loss,0,5s,templar_assassin,27,2731,obsessed,life_stealer,2808,-77,tamagochi,tidehunter,2123,608,9225,9110,115,0/0/1,league_roster,league_roster,league_roster
19255,Premier Series,8731318784,L1,Nemiga,Radiant,Loss,0,аn,beastmaster,26,2566,obsessed,templar_assassin,2230,336,tamagochi,kunkka,2671,-105,9566,8915,651,0/1/0,league_roster,league_roster,league_roster
19255,Premier Series,8731318784,Nemiga,L1,Dire,Win,1,obsessed,templar_assassin,23,2230,аn,beastmaster,2566,-336,kUBAJlDA,abyssal_underlord,2187,43,8915,9566,-651,0/0/0,league_roster,league_roster,league_roster
19255,Premier Series,8731381290,VPP,RE,Radiant,Loss,0,extract,windrunner,18,1879,wwwwwww,luna,2836,-957,ЛУЧШИЙ ♡,dawnbreaker,2514,-635,8085,10620,-2535,0/1/0,league_roster,league_roster,league_roster
19255,Premier Series,8731381290,RE,VPP,Dire,Win,1,wwwwwww,luna,28,2836,extract,windrunner,1879,957,Buster,shredder,1989,847,10620,8085,2535,0/0/0,league_roster,league_roster,league_roster
19255,Premier Series,8731472392,RE,VPP,Radiant,Win,1,wwwwwww,beastmaster,28,3042,extract,luna,2628,414,q,razor,1724,1318,10064,7885,2179,1/0/1,league_roster,league_roster,league_roster
19255,Premier Series,8731472392,VPP,RE,Dire,Loss,0,extract,luna,23,2628,wwwwwww,beastmaster,3042,-414,ЛУЧШИЙ ♡,centaur,2102,526,7885,10064,-2179,1/0/0,league_roster,league_roster,league_roster
19255,Premier Series,8731579829,TSA,Z10,Radiant,Loss,0,ep,clinkz,25,2553,Jesse Pinkman,life_stealer,2543,10,nefrit,tidehunter,2260,293,10152,9198,954,0/2/1,league_roster,league_roster,league_roster
19255,Premier Series,8731579829,Z10,TSA,Dire,Win,1,Jesse Pinkman,life_stealer,22,2543,ep,clinkz,2553,-10,worth waiting,centaur,1990,553,9198,10152,-954,0/0/0,league_roster,league_roster,league_roster
19255,Premier Series,8731678475,Z10,TSA,Radiant,Win,1,Jesse Pinkman,medusa,27,2748,ep,templar_assassin,2681,67,worth waiting,slardar,2154,594,9655,9158,497,0/0/0,league_roster,league_roster,league_roster
19255,Premier Series,8731678475,TSA,Z10,Dire,Loss,0,ep,templar_assassin,26,2681,Jesse Pinkman,medusa,2748,-67,nefrit,bristleback,2478,203,9158,9655,-497,1/1/0,league_roster,league_roster,league_roster
19255,Premier Series,8731756504,PR,YeS,Radiant,Loss,0,alea iacta est,nevermore,30,2552,--------------------------------,windrunner,2783,-231,GAMBOT-PARIS,kunkka,1955,597,8013,10085,-2072,0/1/0,league_roster,league_roster,league_roster
19255,Premier Series,8731756504,YeS,PR,Dire,Win,1,--------------------------------,windrunner,27,2783,alea iacta est,nevermore,2552,231,transurfing,bristleback,1943,840,10085,8013,2072,1/0/2,league_roster,league_roster,league_roster
19255,Premier Series,8731836208,PR,YeS,Radiant,Win,1,alea iacta est,morphling,22,2817,--------------------------------,kez,2528,289,GAMBOT-PARIS,bristleback,2070,747,9754,8985,769,2/0/2,league_roster,league_roster,league_roster
19255,Premier Series,8731836208,YeS,PR,Dire,Loss,0,--------------------------------,kez,22,2528,alea iacta est,morphling,2817,-289,transurfing,tidehunter,2173,355,8985,9754,-769,1/0/0,league_roster,league_roster,league_roster
19255,Premier Series,8731906608,PR,YeS,Radiant,Loss,0,alea iacta est,kez,16,2414,--------------------------------,muerta,2499,-85,GAMBOT-PARIS,axe,2917,-503,9861,9806,55,1/0/2,league_roster,league_roster,league_roster
19255,Premier Series,8731906608,YeS,PR,Dire,Win,1,--------------------------------,muerta,32,2499,alea iacta est,kez,2414,85,transurfing,abyssal_underlord,2224,275,9806,9861,-55,0/1/0,league_roster,league_roster,league_roster
19255,Premier Series,8732455100,PR,Shpilit,Radiant,Win,1,alea iacta est,windrunner,25,2429,zuyzyan,muerta,2786,-357,zarich,centaur,2258,171,9904,9522,382,1/1/1,league_roster,league_roster,league_roster
19255,Premier Series,8732455100,Shpilit,PR,Dire,Loss,0,zuyzyan,muerta,30,2786,alea iacta est,windrunner,2429,357,transurfing,mars,2351,435,9522,9904,-382,0/0/1,league_roster,league_roster,league_roster
19255,Premier Series,8732516516,PR,Shpilit,Radiant,Win,1,alea iacta est,kez,31,3008,zuyzyan,nevermore,2597,411,zarich,marci,2023,985,9389,9313,76,1/0/1,league_roster,league_roster,league_roster
19255,Premier Series,8732516516,Shpilit,PR,Dire,Loss,0,zuyzyan,nevermore,23,2597,alea iacta est,kez,3008,-411,transurfing,brewmaster,1511,1086,9313,9389,-76,1/0/1,league_roster,league_roster,league_roster
19255,Premier Series,8732591809,PR,RE,Radiant,Win,1,alea iacta est,luna,29,2438,wwwwwww,nevermore,2354,84,ЛУЧШИЙ ♡,brewmaster,1939,499,9244,8313,931,0/0/2,league_roster,league_roster,league_roster
19255,Premier Series,8732591809,RE,PR,Dire,Loss,0,wwwwwww,nevermore,22,2354,alea iacta est,luna,2438,-84,transurfing,largo,2430,-76,8313,9244,-931,1/2/1,league_roster,league_roster,league_roster
19255,Premier Series,8732684200,PR,RE,Radiant,Win,1,alea iacta est,kez,30,2836,wwwwwww,beastmaster,2870,-34,ЛУЧШИЙ ♡,batrider,2431,405,9025,10268,-1243,0/0/0,league_roster,league_roster,league_roster
19255,Premier Series,8732684200,RE,PR,Dire,Loss,0,wwwwwww,beastmaster,27,2870,alea iacta est,kez,2836,34,transurfing,mars,2267,603,10268,9025,1243,1/0/1,league_roster,league_roster,league_roster
19255,Premier Series,8732806989,L1,A+5,Radiant,Win,1,`r,life_stealer,32,2785,1nonly,luna,2244,541,Ћr,dark_seer,2125,660,9314,7831,1483,0/0/0,league_roster,league_roster,league_roster
19255,Premier Series,8732806989,A+5,L1,Dire,Loss,0,1nonly,luna,20,2244,`r,life_stealer,2785,-541,kUBAJlDA,mars,2078,166,7831,9314,-1483,0/0/0,league_roster,league_roster,league_roster
19255,Premier Series,8732939854,A+5,L1,Radiant,Loss,0,1nonly,templar_assassin,23,2390,kill them all,windrunner,2502,-112,kUBAJlDA,abyssal_underlord,2295,95,8840,8971,-131,0/0/1,league_roster,league_roster,league_roster
19255,Premier Series,8732939854,L1,A+5,Dire,Win,1,kill them all,windrunner,24,2502,1nonly,templar_assassin,2390,112,!!!,bristleback,1880,622,8971,8840,131,0/0/0,league_roster,league_roster,league_roster
19255,Premier Series,8733082506,TSA,PIPS4,Radiant,Loss,0,ep,clinkz,28,2740,Alle,nevermore,2066,674,sagyndym,mars,1848,892,9866,8832,1034,0/1/0,league_roster,league_roster,league_roster
19255,Premier Series,8733082506,PIPS4,TSA,Dire,Win,1,Alle,nevermore,21,2066,ep,clinkz,2740,-674,worth waiting,bristleback,2929,-863,8832,9866,-1034,0/1/0,league_roster,league_roster,league_roster
19255,Premier Series,8733166250,PIPS4,TSA,Radiant,Win,1,Alle,templar_assassin,25,2698,ep,beastmaster,2088,610,worth waiting,kunkka,2435,263,10130,8846,1284,1/0/1,league_roster,league_roster,league_roster
19255,Premier Series,8733166250,TSA,PIPS4,Dire,Loss,0,ep,beastmaster,18,2088,Alle,templar_assassin,2698,-610,sagyndym,centaur,2753,-665,8846,10130,-1284,0/1/2,league_roster,league_roster,league_roster
19255,Premier Series,8733698996,Shpilit,AVULUS,Radiant,Win,1,1,templar_assassin,25,2597,/godmode,luna,2173,424,Yayo,mars,2272,325,10459,8681,1778,0/0/0,league_roster,league_roster,league_roster
19255,Premier Series,8733698996,AVULUS,Shpilit,Dire,Loss,0,/godmode,luna,24,2173,1,templar_assassin,2597,-424,zarich,razor,2442,-269,8681,10459,-1778,0/1/1,league_roster,league_roster,league_roster
19255,Premier Series,8733755232,AVULUS,Shpilit,Radiant,Win,1,/godmode,windrunner,33,2965,zuyzyan,kez,2070,895,zarich,dark_seer,1442,1523,10862,7711,3151,0/0/1,league_roster,league_roster,league_roster
19255,Premier Series,8733755232,Shpilit,AVULUS,Dire,Loss,0,zuyzyan,kez,24,2070,/godmode,windrunner,2965,-895,Yayo,abyssal_underlord,2471,-401,7711,10862,-3151,0/1/0,league_roster,league_roster,league_roster
19255,Premier Series,8733879453,Nemiga,Z10,Radiant,Loss,0,obsessed,troll_warlord,34,2307,Jesse Pinkman,ursa,3073,-766,nefrit,bristleback,2615,-308,8917,10157,-1240,0/2/2,league_roster,league_roster,league_roster
19255,Premier Series,8733879453,Z10,Nemiga,Dire,Win,1,Jesse Pinkman,ursa,28,3073,obsessed,troll_warlord,2307,766,tamagochi,abyssal_underlord,2113,960,10157,8917,1240,1/0/1,league_roster,league_roster,league_roster
19255,Premier Series,8733986515,Nemiga,Z10,Radiant,Loss,0,obsessed,life_stealer,20,2234,Jesse Pinkman,kez,2519,-285,nefrit,abyssal_underlord,2070,164,8872,9529,-657,0/1/2,league_roster,league_roster,league_roster
19255,Premier Series,8733986515,Z10,Nemiga,Dire,Win,1,Jesse Pinkman,kez,22,2519,obsessed,life_stealer,2234,285,tamagochi,doom_bringer,2145,374,9529,8872,657,0/1/1,league_roster,league_roster,league_roster
19255,Premier Series,8734082075,Shpilit,YeS,Radiant,Loss,0,zuyzyan,life_stealer,25,2618,--------------------------------,ursa,3036,-418,GAMBOT-PARIS,kunkka,2248,370,9702,9237,465,0/0/0,league_roster,league_roster,league_roster
19255,Premier Series,8734082075,YeS,Shpilit,Dire,Win,1,--------------------------------,ursa,30,3036,zuyzyan,life_stealer,2618,418,zarich,shredder,1850,1186,9237,9702,-465,3/1/0,league_roster,league_roster,league_roster
19255,Premier Series,8734170338,YeS,Shpilit,Radiant,Win,1,--------------------------------,razor,26,2737,zuyzyan,gyrocopter,2309,428,zarich,largo,2027,710,9125,8746,379,0/0/0,league_roster,league_roster,league_roster
19255,Premier Series,8734170338,Shpilit,YeS,Dire,Loss,0,zuyzyan,gyrocopter,28,2309,--------------------------------,razor,2737,-428,GAMBOT-PARIS,bristleback,2166,143,8746,9125,-379,1/0/0,league_roster,league_roster,league_roster
19255,Premier Series,8734290923,Z10,A+5,Radiant,Win,1,Jesse Pinkman,dragon_knight,28,2639,`;DR,beastmaster,2854,-215,bP,centaur,1969,670,8560,9624,-1064,0/0/0,league_roster,league_roster,league_roster
19255,Premier Series,8734290923,A+5,Z10,Dire,Loss,0,`;DR,beastmaster,30,2854,Jesse Pinkman,dragon_knight,2639,215,nefrit,abyssal_underlord,2142,712,9624,8560,1064,0/0/1,league_roster,league_roster,league_roster
19255,Premier Series,8734368813,A+5,Z10,Radiant,Win,1,1nonly,ursa,23,2337,Jesse Pinkman,weaver,2742,-405,nefrit,bristleback,2142,195,8942,9455,-513,0/0/1,league_roster,league_roster,league_roster
19255,Premier Series,8734368813,Z10,A+5,Dire,Loss,0,Jesse Pinkman,weaver,24,2742,1nonly,ursa,2337,405,GR,phoenix,2017,725,9455,8942,513,2/0/2,league_roster,league_roster,league_roster
19255,Premier Series,8734456379,Z10,A+5,Radiant,Loss,0,Jesse Pinkman,templar_assassin,23,2710,5pR,huskar,2668,42,P,bristleback,1979,731,8862,8849,13,1/0/0,league_roster,league_roster,league_roster
19255,Premier Series,8734456379,A+5,Z10,Dire,Win,1,5pR,huskar,30,2668,Jesse Pinkman,templar_assassin,2710,-42,nefrit,abyssal_underlord,1978,690,8849,8862,-13,0/0/0,league_roster,league_roster,league_roster
19255,Premier Series,8734932208,AVULUS,VPP,Radiant,Loss,0,character development,beastmaster,27,2735,@n,kez,2183,552,,centaur,2185,550,9788,8820,968,0/0/1,league_roster,league_roster,league_roster
19255,Premier Series,8734932208,VPP,AVULUS,Dire,Win,1,@n,kez,20,2183,character development,beastmaster,2735,-552,Yayo,bristleback,2179,4,8820,9788,-968,0/0/0,league_roster,league_roster,league_roster
19255,Premier Series,8734988695,VPP,AVULUS,Radiant,Win,1,"0,",luna,21,2561,character development,templar_assassin,2487,74,Yayo,brewmaster,2102,459,9787,9801,-14,1/0/0,league_roster,league_roster,league_roster
19255,Premier Series,8734988695,AVULUS,VPP,Dire,Loss,0,character development,templar_assassin,22,2487,"0,",luna,2561,-74,Buster ♠,abyssal_underlord,1994,493,9801,9787,14,0/0/0,league_roster,league_roster,league_roster
19255,Premier Series,8735070981,RE,Shpilit,Radiant,Win,1,wwwwwww,windrunner,24,2791,zuyzyan,kez,2384,407,zarich,centaur,1941,850,10469,9184,1285,1/1/0,league_roster,league_roster,league_roster
19255,Premier Series,8735070981,Shpilit,RE,Dire,Loss,0,zuyzyan,kez,17,2384,wwwwwww,windrunner,2791,-407,ЛУЧШИЙ ♡,batrider,2887,-503,9184,10469,-1285,1/2/1,league_roster,league_roster,league_roster
19255,Premier Series,8735130980,Shpilit,RE,Radiant,Loss,0,zuyzyan,kez,21,2422,wwwwwww,windrunner,2586,-164,ЛУЧШИЙ ♡,brewmaster,2010,412,9288,9621,-333,0/0/1,league_roster,league_roster,league_roster
19255,Premier Series,8735130980,RE,Shpilit,Dire,Win,1,wwwwwww,windrunner,23,2586,zuyzyan,kez,2422,164,zarich,shredder,2251,335,9621,9288,333,0/0/0,league_roster,league_roster,league_roster
19255,Premier Series,8735281161,Nemiga,PIPS4,Radiant,Loss,0,edward_kuzmin,life_stealer,26,2722,бесполезный,clinkz,2769,-47,sagyndym,centaur,2407,315,9186,9876,-690,1/0/0,league_roster,league_roster,league_roster
19255,Premier Series,8735281161,PIPS4,Nemiga,Dire,Win,1,бесполезный,clinkz,25,2769,edward_kuzmin,life_stealer,2722,47,tamagochi,abyssal_underlord,2137,632,9876,9186,690,0/0/1,league_roster,league_roster,league_roster
19255,Premier Series,8735373226,PIPS4,Nemiga,Radiant,Win,1,бесполезный,templar_assassin,29,2710,edward_kuzmin,nevermore,2389,321,tamagochi,axe,2588,122,9452,9655,-203,0/0/0,league_roster,league_roster,league_roster
19255,Premier Series,8735373226,Nemiga,PIPS4,Dire,Loss,0,edward_kuzmin,nevermore,18,2389,бесполезный,templar_assassin,2710,-321,sagyndym,centaur,2121,268,9655,9452,203,1/0/3,league_roster,league_roster,league_roster
19255,Premier Series,8735535573,Z10,PIPS4,Radiant,Win,1,Jesse Pinkman,kez,22,2622,бесполезный,beastmaster,2342,280,sagyndym,mars,1858,764,10351,8142,2209,1/0/0,league_roster,league_roster,league_roster
19255,Premier Series,8735535573,PIPS4,Z10,Dire,Loss,0,бесполезный,beastmaster,22,2342,Jesse Pinkman,kez,2622,-280,nefrit,bristleback,3092,-750,8142,10351,-2209,0/1/0,league_roster,league_roster,league_roster
19255,Premier Series,8735627727,PIPS4,Z10,Radiant,Loss,0,бесполезный,templar_assassin,22,3061,Jesse Pinkman,luna,1906,1155,nefrit,bristleback,1619,1442,10344,8490,1854,3/0/0,league_roster,league_roster,league_roster
19255,Premier Series,8735627727,Z10,PIPS4,Dire,Win,1,Jesse Pinkman,luna,17,1906,бесполезный,templar_assassin,3061,-1155,sagyndym,abyssal_underlord,2531,-625,8490,10344,-1854,0/2/2,league_roster,league_roster,league_roster
19255,Premier Series,8736191343,Z10,L1,Radiant,Loss,0,Jesse Pinkman,muerta,21,2268,l,templar_assassin,2745,-477,blackSCREAM,axe,2333,-65,9259,9403,-144,0/1/2,league_roster,league_roster,league_roster
19255,Premier Series,8736191343,L1,Z10,Dire,Win,1,l,templar_assassin,28,2745,Jesse Pinkman,muerta,2268,477,nefrit,centaur,1945,800,9403,9259,144,0/0/0,league_roster,league_roster,league_roster
19255,Premier Series,8736211318,VPP,Shpilit,Radiant,Win,1,.H,luna,30,2551,zuyzyan,sven,2112,439,zarich,shredder,2715,-164,9961,10021,-60,0/0/0,league_roster,league_roster,league_roster
19255,Premier Series,8736211318,Shpilit,VPP,Dire,Loss,0,zuyzyan,sven,21,2112,.H,luna,2551,-439,H,brewmaster,2838,-726,10021,9961,60,0/1/0,league_roster,league_roster,league_roster
19255,Premier Series,8736236910,Z10,L1,Radiant,Win,1,Jesse Pinkman,kez,21,2457,"+""",windrunner,2268,189,blackSCREAM,mars,1941,516,9662,8334,1328,0/0/1,league_roster,league_roster,league_roster
19255,Premier Series,8736236910,L1,Z10,Dire,Loss,0,"+""",windrunner,26,2268,Jesse Pinkman,kez,2457,-189,nefrit,abyssal_underlord,2006,262,8334,9662,-1328,0/1/2,league_roster,league_roster,league_roster
19255,Premier Series,8736255306,Shpilit,VPP,Radiant,Loss,0,zuyzyan,razor,19,1957,XO,muerta,2655,-698,0'XO,centaur,2327,-370,8629,9813,-1184,0/1/0,league_roster,league_roster,league_roster
19255,Premier Series,8736255306,VPP,Shpilit,Dire,Win,1,XO,muerta,34,2655,zuyzyan,razor,1957,698,zarich,shredder,2300,355,9813,8629,1184,0/0/1,league_roster,league_roster,league_roster
19255,Premier Series,8736271975,L1,Z10,Radiant,Win,1,type shit,life_stealer,26,3165,Jesse Pinkman,ursa,2715,450,nefrit,centaur,2262,903,9805,9849,-44,2/1/1,league_roster,league_roster,league_roster
19255,Premier Series,8736271975,Z10,L1,Dire,Loss,0,Jesse Pinkman,ursa,26,2715,type shit,life_stealer,3165,-450,blackSCREAM,slardar,2246,469,9849,9805,44,0/1/0,league_roster,league_roster,league_roster
19255,Premier Series,8736339285,YeS,AVULUS,Radiant,Win,1,distraction,razor,21,2935,...,life_stealer,2716,219,Yayo,largo,2053,882,10185,8716,1469,1/0/0,league_roster,league_roster,league_roster
19255,Premier Series,8736339285,AVULUS,YeS,Dire,Loss,0,...,life_stealer,27,2716,distraction,razor,2935,-219,GAMBOT-PARIS,mars,2175,541,8716,10185,-1469,0/0/0,league_roster,league_roster,league_roster
19255,Premier Series,8736359956,L1,TSA,Radiant,Win,1,type shit,windrunner,27,3102,ep,nevermore,2712,390,worth waiting,bristleback,2044,1058,10526,8315,2211,2/1/1,league_roster,league_roster,league_roster
19255,Premier Series,8736359956,TSA,L1,Dire,Loss,0,ep,nevermore,30,2712,type shit,windrunner,3102,-390,blackSCREAM,batrider,1834,878,8315,10526,-2211,0/0/0,league_roster,league_roster,league_roster
19255,Premier Series,8736399153,AVULUS,YeS,Radiant,Win,1,...,muerta,14,2124,distraction,windrunner,2386,-262,GAMBOT-PARIS,bristleback,2578,-454,9351,9677,-326,0/1/1,league_roster,league_roster,league_roster
19255,Premier Series,8736399153,YeS,AVULUS,Dire,Loss,0,distraction,windrunner,25,2386,...,muerta,2124,262,Yayo,centaur,2425,-39,9677,9351,326,0/0/0,league_roster,league_roster,league_roster
19255,Premier Series,8736455000,TSA,L1,Radiant,Loss,0,ep,templar_assassin,21,2451,type shit,medusa,2901,-450,blackSCREAM,centaur,1966,485,8478,8989,-511,1/0/0,league_roster,league_roster,league_roster
19255,Premier Series,8736455000,L1,TSA,Dire,Win,1,type shit,medusa,28,2901,ep,templar_assassin,2451,450,worth waiting,shredder,2002,899,8989,8478,511,0/0/0,league_roster,league_roster,league_roster
19255,Premier Series,8736495153,AVULUS,YeS,Radiant,Loss,0,...,medusa,23,2992,distraction,windrunner,2688,304,GAMBOT-PARIS,axe,1773,1219,9098,8911,187,2/0/1,league_roster,league_roster,league_roster
19255,Premier Series,8736495153,YeS,AVULUS,Dire,Win,1,distraction,windrunner,26,2688,...,medusa,2992,-304,Yayo,centaur,1717,971,8911,9098,-187,0/0/0,league_roster,league_roster,league_roster
19255,Premier Series,8736589646,A+5,Nemiga,Radiant,Win,1,1nonly,ursa,22,2425,edward_kuzmin,faceless_void,2163,262,tamagochi,slardar,2389,36,9433,7896,1537,0/1/0,league_roster,league_roster,league_roster
19255,Premier Series,8736589646,Nemiga,A+5,Dire,Loss,0,edward_kuzmin,faceless_void,18,2163,1nonly,ursa,2425,-262,!!!,batrider,2270,-107,7896,9433,-1537,0/1/0,league_roster,league_roster,league_roster
19255,Premier Series,8736603299,PR,VPP,Radiant,Loss,0,alea iacta est,muerta,27,2581,extract,luna,2399,182,Buster ♠,largo,2250,331,10896,8755,2141,0/2/3,league_roster,league_roster,league_roster
19255,Premier Series,8736603299,VPP,PR,Dire,Win,1,extract,luna,24,2399,alea iacta est,muerta,2581,-182,transurfing,centaur,3056,-657,8755,10896,-2141,0/0/0,league_roster,league_roster,league_roster
19255,Premier Series,8736694261,A+5,Nemiga,Radiant,Win,1,1nonly,slark,23,2307,edward_kuzmin,beastmaster,2485,-178,tamagochi,abyssal_underlord,2341,-34,9161,8674,487,0/0/1,league_roster,league_roster,league_roster
19255,Premier Series,8736694261,Nemiga,A+5,Dire,Loss,0,edward_kuzmin,beastmaster,26,2485,1nonly,slark,2307,178,!!!,phoenix,2116,369,8674,9161,-487,0/0/1,league_roster,league_roster,league_roster
19255,Premier Series,8736709181,VPP,PR,Radiant,Win,1,extract,weaver,23,2586,alea iacta est,templar_assassin,2197,389,transurfing,slardar,2594,-8,9414,9696,-282,1/1/0,league_roster,league_roster,league_roster
19255,Premier Series,8736709181,PR,VPP,Dire,Loss,0,alea iacta est,templar_assassin,18,2197,extract,weaver,2586,-389,Buster ♠,razor,2016,181,9696,9414,282,1/1/2,league_roster,league_roster,league_roster
19255,Premier Series,8736810536,A+5,PIPS4,Radiant,Loss,0,1nonly,luna,20,2247,YE,weaver,2675,-428,talkalot,bristleback,2627,-380,9767,10226,-459,0/0/3,league_roster,league_roster,league_roster
19255,Premier Series,8736810536,PIPS4,A+5,Dire,Win,1,YE,weaver,20,2675,1nonly,luna,2247,428,!!!,brewmaster,2041,634,10226,9767,459,2/0/0,league_roster,league_roster,league_roster
19255,Premier Series,8736855860,PR,AVULUS,Radiant,Loss,0,alea iacta est,luna,22,2433,...,windrunner,2008,425,Yayo,tidehunter,2300,133,9468,8583,885,0/0/0,league_roster,league_roster,league_roster
19255,Premier Series,8736855860,AVULUS,PR,Dire,Win,1,...,windrunner,14,2008,alea iacta est,luna,2433,-425,0_,dazzle,2002,6,8583,9468,-885,0/0/0,league_roster,league_roster,league_roster
19255,Premier Series,8736924720,AVULUS,PR,Radiant,Loss,0,...,templar_assassin,24,2516,alea iacta est,kez,2815,-299,transurfing,mars,2362,154,8709,10109,-1400,0/0/0,league_roster,league_roster,league_roster
19255,Premier Series,8736924720,PR,AVULUS,Dire,Win,1,alea iacta est,kez,29,2815,...,templar_assassin,2516,299,Yayo,razor,1890,925,10109,8709,1400,0/0/1,league_roster,league_roster,league_roster
19255,Premier Series,8736888113,A+5,PIPS4,Radiant,Win,1,1nonly,windrunner,21,2595,YE,templar_assassin,2558,37,talkalot,tidehunter,2208,387,10276,8948,1328,1/0/1,league_roster,league_roster,league_roster
19255,Premier Series,8736888113,PIPS4,A+5,Dire,Loss,0,YE,templar_assassin,26,2558,1nonly,windrunner,2595,-37,!!!,kunkka,3049,-491,8948,10276,-1328,0/0/0,league_roster,league_roster,league_roster
19255,Premier Series,8737003029,AVULUS,PR,Radiant,Loss,0,...,templar_assassin,21,2112,alea iacta est,kez,2801,-689,transurfing,mars,2271,-159,8125,10077,-1952,0/1/0,league_roster,league_roster,league_roster
19255,Premier Series,8737003029,PR,AVULUS,Dire,Win,1,alea iacta est,kez,29,2801,...,templar_assassin,2112,689,Yayo,tidehunter,2051,750,10077,8125,1952,0/0/0,league_roster,league_roster,league_roster
19255,Premier Series,8737018987,A+5,PIPS4,Radiant,Loss,0,1nonly,ursa,22,2374,YE,beastmaster,2819,-445,talkalot,mars,2260,114,8850,9863,-1013,0/0/0,league_roster,league_roster,league_roster
19255,Premier Series,8737018987,PIPS4,A+5,Dire,Win,1,YE,beastmaster,30,2819,1nonly,ursa,2374,445,!!!,centaur,2468,351,9863,8850,1013,0/0/0,league_roster,league_roster,league_roster
19255,Premier Series,8737673659,A+5,TSA,Radiant,Win,1,0,ursa,25,2568,ep,nevermore,2541,27,worth waiting,bristleback,1775,793,10694,8445,2249,0/0/1,league_roster,league_roster,league_roster
19255,Premier Series,8737673659,TSA,A+5,Dire,Loss,0,ep,nevermore,25,2541,0,ursa,2568,-27,[,brewmaster,2387,154,8445,10694,-2249,0/0/0,league_roster,league_roster,league_roster
19255,Premier Series,8737736483,AVULUS,RE,Radiant,Win,1,prince,weaver,28,2672,wwwwwww,windrunner,2621,51,ЛУЧШИЙ ♡,brewmaster,1694,978,9808,9371,437,0/0/0,league_roster,league_roster,league_roster
19255,Premier Series,8737736483,RE,AVULUS,Dire,Loss,0,wwwwwww,windrunner,31,2621,prince,weaver,2672,-51,Yayo,bristleback,2238,383,9371,9808,-437,0/0/1,league_roster,league_roster,league_roster
19255,Premier Series,8737741494,TSA,A+5,Radiant,Win,1,ep,slark,24,2667,PP@,nevermore,2022,645,F,brewmaster,2399,268,10620,9450,1170,0/0/1,league_roster,league_roster,league_roster
19255,Premier Series,8737741494,A+5,TSA,Dire,Loss,0,PP@,nevermore,20,2022,ep,slark,2667,-645,worth waiting,axe,3109,-1087,9450,10620,-1170,0/2/1,league_roster,league_roster,league_roster
19255,Premier Series,8737799816,RE,AVULUS,Radiant,Win,1,wwwwwww,templar_assassin,20,2456,prince,clinkz,3179,-723,Yayo,viper,2011,445,9913,9785,128,1/1/0,league_roster,league_roster,league_roster
19255,Premier Series,8737799816,AVULUS,RE,Dire,Loss,0,prince,clinkz,33,3179,wwwwwww,templar_assassin,2456,723,ЛУЧШИЙ ♡,centaur,2183,996,9785,9913,-128,0/0/1,league_roster,league_roster,league_roster
19255,Premier Series,8737827439,TSA,A+5,Radiant,Win,1,ep,ursa,19,2443,Z,gyrocopter,2481,-38,޹v,bristleback,2186,257,9689,9193,496,0/2/2,league_roster,league_roster,league_roster
19255,Premier Series,8737827439,A+5,TSA,Dire,Loss,0,Z,gyrocopter,22,2481,ep,ursa,2443,38,worth waiting,brewmaster,1982,499,9193,9689,-496,0/0/1,league_roster,league_roster,league_roster
19255,Premier Series,8737877182,RE,AVULUS,Radiant,Win,1,wwwwwww,nevermore,31,2855,prince,templar_assassin,2534,321,Yayo,brewmaster,1853,1002,9872,8141,1731,0/0/0,league_roster,league_roster,league_roster
19255,Premier Series,8737877182,AVULUS,RE,Dire,Loss,0,prince,templar_assassin,27,2534,wwwwwww,nevermore,2855,-321,ЛУЧШИЙ ♡,dawnbreaker,2425,109,8141,9872,-1731,0/0/0,league_roster,league_roster,league_roster
19255,Premier Series,8737955896,PIPS4,L1,Radiant,Loss,0,YE,weaver,18,2553,`UK,bristleback,2562,-9,я пабидю,abyssal_underlord,2415,138,8519,9624,-1105,1/1/0,league_roster,league_roster,league_roster
19255,Premier Series,8737955896,L1,PIPS4,Dire,Win,1,`UK,bristleback,23,2562,YE,weaver,2553,9,talkalot,centaur,1956,606,9624,8519,1105,1/0/1,league_roster,league_roster,league_roster
19255,Premier Series,8737993354,YeS,RE,Radiant,Loss,0,distraction,kez,26,2776,wwwwwww,templar_assassin,2710,66,ЛУЧШИЙ ♡,brewmaster,1833,943,9100,9028,72,0/0/0,league_roster,league_roster,league_roster
19255,Premier Series,8737993354,RE,YeS,Dire,Win,1,wwwwwww,templar_assassin,31,2710,distraction,kez,2776,-66,GAMBOT-PARIS,viper,2323,387,9028,9100,-72,0/0/1,league_roster,league_roster,league_roster
19255,Premier Series,8738055187,L1,PIPS4,Radiant,Win,1,m`,abaddon,29,2881,YE,templar_assassin,2910,-29,talkalot,axe,2504,377,9016,10101,-1085,0/0/0,league_roster,league_roster,league_roster
19255,Premier Series,8738055187,PIPS4,L1,Dire,Loss,0,YE,templar_assassin,27,2910,m`,abaddon,2881,29,я пабидю,largo,1911,999,10101,9016,1085,1/0/0,league_roster,league_roster,league_roster
19255,Premier Series,8738132472,RE,YeS,Radiant,Loss,0,wwwwwww,beastmaster,28,2726,distraction,ursa,3120,-394,GAMBOT-PARIS,kunkka,2040,686,9547,9470,77,0/0/0,league_roster,league_roster,league_roster
19255,Premier Series,8738132472,YeS,RE,Dire,Win,1,distraction,ursa,29,3120,wwwwwww,beastmaster,2726,394,ЛУЧШИЙ ♡,phoenix,1802,1318,9470,9547,-77,2/0/2,league_roster,league_roster,league_roster
19255,Premier Series,8738165947,TSA,Nemiga,Radiant,Loss,0,ep,slark,25,2883,edward_kuzmin,dragon_knight,2524,359,tamagochi,batrider,2409,474,10626,9421,1205,1/0/0,league_roster,league_roster,league_roster
19255,Premier Series,8738165947,Nemiga,TSA,Dire,Win,1,edward_kuzmin,dragon_knight,28,2524,ep,slark,2883,-359,worth waiting,axe,2941,-417,9421,10626,-1205,0/0/0,league_roster,league_roster,league_roster
19255,Premier Series,8738216823,RE,YeS,Radiant,Loss,0,wwwwwww,dragon_knight,30,2902,distraction,razor,2613,289,GAMBOT-PARIS,mars,1923,979,9681,9072,609,0/0/1,league_roster,league_roster,league_roster
19255,Premier Series,8738216823,YeS,RE,Dire,Win,1,distraction,razor,29,2613,wwwwwww,dragon_knight,2902,-289,ЛУЧШИЙ ♡,viper,2050,563,9072,9681,-609,1/0/0,league_roster,league_roster,league_roster
19255,Premier Series,8738243757,Nemiga,TSA,Radiant,Win,1,edward_kuzmin,dragon_knight,27,2522,ep,nevermore,2601,-79,worth waiting,shredder,2337,185,9670,9000,670,0/0/0,league_roster,league_roster,league_roster
19255,Premier Series,8738243757,TSA,Nemiga,Dire,Loss,0,ep,nevermore,27,2601,edward_kuzmin,dragon_knight,2522,79,tamagochi,phoenix,2767,-166,9000,9670,-670,1/2/0,league_roster,league_roster,league_roster
19255,Premier Series,8738320065,VPP,YeS,Radiant,Loss,0,extract,muerta,19,2024,distraction,kez,2858,-834,GAMBOT-PARIS,phoenix,2377,-353,8963,11410,-2447,1/3/1,league_roster,league_roster,league_roster
19255,Premier Series,8738320065,YeS,VPP,Dire,Win,1,distraction,kez,31,2858,extract,muerta,2024,834,}',tidehunter,2023,835,11410,8963,2447,0/0/1,league_roster,league_roster,league_roster
19255,Premier Series,8738387051,YeS,VPP,Radiant,Win,1,distraction,nevermore,22,2581,Pe,kez,2123,458,࣬,doom_bringer,1998,583,10290,8935,1355,2/1/2,league_roster,league_roster,league_roster
19255,Premier Series,8738387051,VPP,YeS,Dire,Loss,0,Pe,kez,11,2123,distraction,nevermore,2581,-458,GAMBOT-PARIS,bristleback,2833,-710,8935,10290,-1355,1/2/2,league_roster,league_roster,league_roster
19255,Premier Series,8750122085,PR,VPP,Radiant,Win,1,bad trip,monkey_king,30,3519,extract,morphling,2248,1271,0ͷ9,tidehunter,1507,2012,11470,8360,3110,1/0/2,league_roster,league_roster,league_roster
19255,Premier Series,8750122085,VPP,PR,Dire,Loss,0,extract,morphling,24,2248,bad trip,monkey_king,3519,-1271,[>,slardar,2959,-711,8360,11470,-3110,0/1/0,league_roster,league_roster,league_roster
19255,Premier Series,8750161286,PR,VPP,Radiant,Win,1,bad trip,alchemist,28,3035,extract,muerta,2620,415,pYO<,tidehunter,1978,1057,10126,10238,-112,0/0/0,league_roster,league_roster,league_roster
19255,Premier Series,8750161286,VPP,PR,Dire,Loss,0,extract,muerta,25,2620,bad trip,alchemist,3035,-415,transurfing,bristleback,2649,-29,10238,10126,112,2/0/2,league_roster,league_roster,league_roster
19255,Premier Series,8750259236,RE,VPP,Radiant,Loss,0,xaxa),weaver,28,2711,extract,monkey_king,2676,35,fy god,pangolier,2624,87,9464,9772,-308,1/0/0,league_roster,league_roster,league_roster
19255,Premier Series,8750259236,VPP,RE,Dire,Win,1,extract,monkey_king,20,2676,xaxa),weaver,2711,-35,yowaai ♡,bristleback,2198,478,9772,9464,308,2/0/1,league_roster,league_roster,league_roster
19255,Premier Series,8750304734,VPP,RE,Radiant,Loss,0,extract,bristleback,24,2270,xaxa),muerta,2753,-483,yowaai ♡,pangolier,2967,-697,9467,10634,-1167,0/0/0,league_roster,league_roster,league_roster
19255,Premier Series,8750304734,RE,VPP,Dire,Win,1,xaxa),muerta,28,2753,extract,bristleback,2270,483,fy god,beastmaster,2427,326,10634,9467,1167,0/1/1,league_roster,league_roster,league_roster
19255,Premier Series,8750369233,RE,VPP,Radiant,Loss,0,xaxa),weaver,30,3221,IK=,terrorblade,2555,666,fy god,bristleback,2098,1123,10509,9454,1055,1/0/0,league_roster,league_roster,league_roster
19255,Premier Series,8750369233,VPP,RE,Dire,Win,1,IK=,terrorblade,24,2555,xaxa),weaver,3221,-666,yowaai ♡,slardar,2485,70,9454,10509,-1055,0/0/0,league_roster,league_roster,league_roster
19255,Premier Series,8750488026,PR,RE,Radiant,Win,1,bad trip,terrorblade,26,2755,xaxa),dragon_knight,2769,-14,yowaai ♡,batrider,1752,1003,9659,9575,84,1/0/0,league_roster,league_roster,league_roster
19255,Premier Series,8750488026,RE,PR,Dire,Loss,0,xaxa),dragon_knight,29,2769,bad trip,terrorblade,2755,14,transurfing,pangolier,2544,225,9575,9659,-84,0/0/2,league_roster,league_roster,league_roster
19255,Premier Series,8750563954,PR,RE,Radiant,Win,1,bad trip,alchemist,26,2699,xaxa),troll_warlord,2219,480,yowaai ♡,pangolier,2601,98,9948,9604,344,0/0/2,league_roster,league_roster,league_roster
19255,Premier Series,8750563954,RE,PR,Dire,Loss,0,xaxa),troll_warlord,24,2219,bad trip,alchemist,2699,-480,pZ3>,beastmaster,2304,-85,9604,9948,-344,0/1/0,league_roster,league_roster,league_roster
19255,Premier Series,8753498070,YeS,1w,Radiant,Win,1,--------------------------------,luna,30,2679,sao,alchemist,2435,244,мистер мораль,primal_beast,2462,217,10009,9330,679,0/0/0,league_roster,league_roster,league_roster
19255,Premier Series,8753498070,1w,YeS,Dire,Loss,0,sao,alchemist,22,2435,--------------------------------,luna,2679,-244,GAMBOT-PARIS,bristleback,2857,-422,9330,10009,-679,0/1/0,league_roster,league_roster,league_roster
19255,Premier Series,8753565836,1w,YeS,Radiant,Loss,0,`}Y,faceless_void,31,2731,--------------------------------,life_stealer,2764,-33,GAMBOT-PARIS,pangolier,1753,978,9795,8782,1013,0/0/0,league_roster,league_roster,league_roster
19255,Premier Series,8753565836,YeS,1w,Dire,Win,1,--------------------------------,life_stealer,33,2764,`}Y,faceless_void,2731,33,мистер мораль,bristleback,2195,569,8782,9795,-1013,0/0/0,league_roster,league_roster,league_roster
19255,Premier Series,8756907812,1w,VPP,Radiant,Loss,0,"9""",monkey_king,29,2833,extract,terrorblade,2465,368,C,bristleback,2095,738,10906,8906,2000,0/0/0,league_roster,league_roster,league_roster
19255,Premier Series,8756907812,VPP,1w,Dire,Win,1,extract,terrorblade,23,2465,"9""",monkey_king,2833,-368,мистер мораль,slardar,2748,-283,8906,10906,-2000,0/0/1,league_roster,league_roster,league_roster
19255,Premier Series,8756994043,1w,VPP,Radiant,Win,1,sao,beastmaster,28,3093,"""",mirana,3040,53,P,largo,1737,1356,10075,9040,1035,1/0/0,league_roster,league_roster,league_roster
19255,Premier Series,8756994043,VPP,1w,Dire,Loss,0,"""",mirana,30,3040,sao,beastmaster,3093,-53,мистер мораль,batrider,1849,1191,9040,10075,-1035,1/0/2,league_roster,league_roster,league_roster
19255,Premier Series,8757036119,1w,VPP,Radiant,Win,1,sao,alchemist,24,3549,"""l",ursa,2608,941,p,tidehunter,2424,1125,10688,9030,1658,1/0/2,league_roster,league_roster,league_roster
19255,Premier Series,8757036119,VPP,1w,Dire,Loss,0,"""l",ursa,25,2608,sao,alchemist,3549,-941,мистер мораль,slardar,2024,584,9030,10688,-1658,0/0/1,league_roster,league_roster,league_roster
19255,Premier Series,8757142614,NGX,PIPS4,Radiant,Win,1,rin,muerta,28,2300,COMË N GO,monkey_king,2349,-49,99%,pangolier,1967,333,9274,9166,108,0/1/0,league_roster,league_roster,league_roster
19255,Premier Series,8757142614,PIPS4,NGX,Dire,Loss,0,COMË N GO,monkey_king,23,2349,rin,muerta,2300,49,jellyworms.HR Manager,viper,2550,-201,9166,9274,-108,0/2/0,league_roster,league_roster,league_roster
19255,Premier Series,8757219877,NGX,PIPS4,Radiant,Loss,0,rin,medusa,29,2895,COMË N GO,alchemist,3630,-735,99%,bristleback,2228,667,9032,10550,-1518,0/0/0,league_roster,league_roster,league_roster
19255,Premier Series,8757219877,PIPS4,NGX,Dire,Win,1,COMË N GO,alchemist,29,3630,rin,medusa,2895,735,jellyworms.HR Manager,ember_spirit,2166,1464,10550,9032,1518,2/0/0,league_roster,league_roster,league_roster
19255,Premier Series,8757309458,NGX,PIPS4,Radiant,Loss,0,rin,tiny,31,2763,COMË N GO,gyrocopter,2625,138,99%,tidehunter,2868,-105,9311,10814,-1503,0/0/0,league_roster,league_roster,league_roster
19255,Premier Series,8757309458,PIPS4,NGX,Dire,Win,1,COMË N GO,gyrocopter,26,2625,rin,tiny,2763,-138,jellyworms.HR Manager,shredder,2106,519,10814,9311,1503,1/0/0,league_roster,league_roster,league_roster
19255,Premier Series,8757404869,YeS,Z10,Radiant,Win,1,birds of a feather,luna,22,2396,jwdmb,alchemist,2651,-255,nefrit,largo,2088,308,8909,9259,-350,1/0/0,league_roster,league_roster,league_roster
19255,Premier Series,8757404869,Z10,YeS,Dire,Loss,0,jwdmb,alchemist,21,2651,birds of a feather,luna,2396,255,Collapse,bristleback,2981,-330,9259,8909,350,1/2/0,league_roster,league_roster,league_roster
19255,Premier Series,8757529698,Z10,YeS,Radiant,Loss,0,jwdmb,terrorblade,26,2562,birds of a feather,luna,2296,266,Collapse,tidehunter,2476,86,9648,9431,217,0/0/0,league_roster,league_roster,league_roster
19255,Premier Series,8757529698,YeS,Z10,Dire,Win,1,birds of a feather,luna,25,2296,jwdmb,terrorblade,2562,-266,nefrit,abyssal_underlord,2638,-342,9431,9648,-217,0/1/0,league_roster,league_roster,league_roster
19255,Premier Series,8757649115,VP,PR,Radiant,Win,1,Facing the Truth,muerta,26,2516,part2,dragon_knight,2728,-212,transurfing,bristleback,2014,502,9505,9359,146,0/1/2,league_roster,league_roster,league_roster
19255,Premier Series,8757649115,PR,VP,Dire,Loss,0,part2,dragon_knight,22,2728,Facing the Truth,muerta,2516,212,ݴ,primal_beast,1762,966,9359,9505,-146,1/0/3,league_roster,league_roster,league_roster
19255,Premier Series,8757769291,PR,VP,Radiant,Loss,0,part2,terrorblade,24,2552,Facing the Truth,kez,2898,-346,granny got hit by a bazooka,brewmaster,1786,766,8291,9787,-1496,0/0/0,league_roster,league_roster,league_roster
19255,Premier Series,8757769291,VP,PR,Dire,Win,1,Facing the Truth,kez,26,2898,part2,terrorblade,2552,346,transurfing,mars,2002,896,9787,8291,1496,1/0/0,league_roster,league_roster,league_roster
19255,Premier Series,8757847890,Z10,GL,Radiant,Loss,0,jwdmb,antimage,27,2547,鬼,alchemist,3064,-517,помойка,largo,2352,195,8930,9964,-1034,0/0/0,league_roster,league_roster,league_roster
19255,Premier Series,8757847890,GL,Z10,Dire,Win,1,鬼,alchemist,33,3064,jwdmb,antimage,2547,517,nefrit,shredder,2297,767,9964,8930,1034,0/1/1,league_roster,league_roster,league_roster
19255,Premier Series,8757928349,Z10,GL,Radiant,Loss,0,jwdmb,alchemist,25,2669,鬼,clinkz,2854,-185,помойка,bristleback,2795,-126,9669,9969,-300,0/2/1,league_roster,league_roster,league_roster
19255,Premier Series,8757928349,GL,Z10,Dire,Win,1,鬼,clinkz,24,2854,jwdmb,alchemist,2669,185,nefrit,tidehunter,2759,95,9969,9669,300,2/0/0,league_roster,league_roster,league_roster
19255,Premier Series,8758458334,YeS,VPP,Radiant,Win,1,birds of a feather,alchemist,34,3159,extract,luna,2685,474,ANDREW_THE_FUCKER,pangolier,2267,892,9887,9597,290,1/0/0,league_roster,league_roster,league_roster
19255,Premier Series,8758458334,VPP,YeS,Dire,Loss,0,extract,luna,24,2685,birds of a feather,alchemist,3159,-474,Collapse,mars,2512,173,9597,9887,-290,1/0/1,league_roster,league_roster,league_roster
19255,Premier Series,8758516093,YeS,VPP,Radiant,Win,1,birds of a feather,dragon_knight,32,3096,extract,muerta,2809,287,ANDREW_THE_FUCKER,kunkka,1680,1416,9925,8885,1040,1/0/0,league_roster,league_roster,league_roster
19255,Premier Series,8758516093,VPP,YeS,Dire,Loss,0,extract,muerta,22,2809,birds of a feather,dragon_knight,3096,-287,Collapse,tidehunter,2615,194,8885,9925,-1040,1/1/1,league_roster,league_roster,league_roster
19255,Premier Series,8758604963,L1,PR,Radiant,Win,1,k+,meepo,30,2737,roberto baggio,weaver,2559,178,transurfing,pudge,2567,170,10434,9441,993,0/0/1,league_roster,league_roster,league_roster
19255,Premier Series,8758604963,PR,L1,Dire,Loss,0,roberto baggio,weaver,24,2559,k+,meepo,2737,-178,Dwight K. Schrute,abyssal_underlord,2447,112,9441,10434,-993,0/3/2,league_roster,league_roster,league_roster
19255,Premier Series,8758692845,L1,PR,Radiant,Win,1,am i dreaming,monkey_king,30,2718,1nonly,beastmaster,2806,-88,transurfing,mars,3013,-295,9974,9732,242,0/0/0,league_roster,league_roster,league_roster
19255,Premier Series,8758692845,PR,L1,Dire,Loss,0,1nonly,beastmaster,26,2806,am i dreaming,monkey_king,2718,88,Dwight K. Schrute,sand_king,2015,791,9732,9974,-242,1/0/1,league_roster,league_roster,league_roster
19255,Premier Series,8758783804,VP,PIPS4,Radiant,Loss,0,Facing the Truth,ursa,27,2752,philope,luna,2309,443,99%,brewmaster,1911,841,9579,9150,429,2/0/0,league_roster,league_roster,league_roster
19255,Premier Series,8758783804,PIPS4,VP,Dire,Win,1,philope,luna,25,2309,Facing the Truth,ursa,2752,-443,granny got hit by a bazooka,tidehunter,2097,212,9150,9579,-429,0/0/1,league_roster,league_roster,league_roster
19255,Premier Series,8758886089,PIPS4,VP,Radiant,Loss,0,philope,meepo,22,2932,Facing the Truth,muerta,2201,731,granny got hit by a bazooka,primal_beast,2096,836,9536,8604,932,1/0/0,league_roster,league_roster,league_roster
19255,Premier Series,8758886089,VP,PIPS4,Dire,Win,1,Facing the Truth,muerta,22,2201,philope,meepo,2932,-731,99%,doom_bringer,1923,278,8604,9536,-932,0/0/2,league_roster,league_roster,league_roster
19255,Premier Series,8758993964,VP,PIPS4,Radiant,Win,1,Facing the Truth,luna,25,2528,philope,weaver,2370,158,99%,tidehunter,2459,69,9061,9435,-374,0/0/0,league_roster,league_roster,league_roster
19255,Premier Series,8758993964,PIPS4,VP,Dire,Loss,0,philope,weaver,26,2370,Facing the Truth,luna,2528,-158,<6,pangolier,2212,158,9435,9061,374,0/1/2,league_roster,league_roster,league_roster
19255,Premier Series,8759107304,PR,NGX,Radiant,Win,1,dont sleep just dream,bristleback,25,2685,rin,monkey_king,2448,237,jellyworms.HR Manager,tidehunter,2269,416,9279,9567,-288,1/0/0,league_roster,league_roster,league_roster
19255,Premier Series,8759107304,NGX,PR,Dire,Loss,0,rin,monkey_king,22,2448,dont sleep just dream,bristleback,2685,-237,,viper,1939,509,9567,9279,288,1/1/1,league_roster,league_roster,league_roster
19255,Premier Series,8759237219,NGX,PR,Radiant,Win,1,rin,muerta,28,2429,dont sleep just dream,monkey_king,2156,273,,viper,2669,-240,9879,10504,-625,0/1/3,league_roster,league_roster,league_roster
19255,Premier Series,8759237219,PR,NGX,Dire,Loss,0,dont sleep just dream,monkey_king,18,2156,rin,muerta,2429,-273,jellyworms.HR Manager,tidehunter,2309,-153,10504,9879,625,0/1/0,league_roster,league_roster,league_roster
19255,Premier Series,8759332195,NGX,PR,Radiant,Win,1,rin,alchemist,25,2820,dont sleep just dream,weaver,1999,821,transurfing,dawnbreaker,2981,-161,10576,9244,1332,0/1/1,league_roster,league_roster,league_roster
19255,Premier Series,8759332195,PR,NGX,Dire,Loss,0,dont sleep just dream,weaver,23,1999,rin,alchemist,2820,-821,jellyworms.HR Manager,ember_spirit,2319,-320,9244,10576,-1332,0/1/1,league_roster,league_roster,league_roster
19255,Premier Series,8759455338,L1,VP,Radiant,Win,1,am i dreaming,beastmaster,24,3087,Facing the Truth,monkey_king,2490,597,M,lycan,2104,983,9557,9228,329,2/1/1,league_roster,league_roster,league_roster
19255,Premier Series,8759455338,VP,L1,Dire,Loss,0,Facing the Truth,monkey_king,27,2490,am i dreaming,beastmaster,3087,-597,Dwight K. Schrute,tidehunter,1624,866,9228,9557,-329,0/0/0,league_roster,league_roster,league_roster
19255,Premier Series,8759524795,L1,VP,Radiant,Loss,0,am i dreaming,meepo,24,2511,Facing the Truth,luna,2801,-290,granny got hit by a bazooka,brewmaster,2605,-94,8481,9949,-1468,0/0/0,league_roster,league_roster,league_roster
19255,Premier Series,8759524795,VP,L1,Dire,Win,1,Facing the Truth,luna,26,2801,am i dreaming,meepo,2511,290,Dwight K. Schrute,slardar,1776,1025,9949,8481,1468,0/0/0,league_roster,league_roster,league_roster
19255,Premier Series,8759585866,L1,VP,Radiant,Win,1,am i dreaming,ursa,27,2752,Facing the Truth,luna,2392,360,granny got hit by a bazooka,tidehunter,2097,655,9932,8535,1397,0/0/0,league_roster,league_roster,league_roster
19255,Premier Series,8759585866,VP,L1,Dire,Loss,0,Facing the Truth,luna,25,2392,am i dreaming,ursa,2752,-360,Dwight K. Schrute,slardar,2600,-208,8535,9932,-1397,0/0/0,league_roster,league_roster,league_roster
19255,Premier Series,8760013372,L1,PIPS4,Radiant,Win,1,8,life_stealer,31,3087,hc,luna,2338,749,99%,brewmaster,1985,1102,9843,8769,1074,1/0/1,league_roster,league_roster,league_roster
19255,Premier Series,8760013372,PIPS4,L1,Dire,Loss,0,hc,luna,20,2338,8,life_stealer,3087,-749,Dwight K. Schrute,abyssal_underlord,2625,-287,8769,9843,-1074,1/2/0,league_roster,league_roster,league_roster
19255,Premier Series,8760069764,PIPS4,L1,Radiant,Win,1,old_ch1cken,ursa,27,2858,"@,",faceless_void,2726,132,Dwight K. Schrute,abyssal_underlord,2254,604,9231,10463,-1232,1/0/0,league_roster,league_roster,league_roster
19255,Premier Series,8760069764,L1,PIPS4,Dire,Loss,0,"@,",faceless_void,27,2726,old_ch1cken,ursa,2858,-132,99%,dawnbreaker,2414,312,10463,9231,1232,0/0/1,league_roster,league_roster,league_roster
19255,Premier Series,8760122367,L1,PIPS4,Radiant,Win,1,,abaddon,26,2786,old_ch1cken,faceless_void,2431,355,99%,tidehunter,2031,755,9723,9299,424,0/0/1,league_roster,league_roster,league_roster
19255,Premier Series,8760122367,PIPS4,L1,Dire,Loss,0,old_ch1cken,faceless_void,24,2431,,abaddon,2786,-355,Dwight K. Schrute,batrider,2507,-76,9299,9723,-424,0/1/0,league_roster,league_roster,league_roster
19255,Premier Series,8760209320,1w,Z10,Radiant,Loss,0,sao,monkey_king,29,2836,jwdmb,muerta,2281,555,nefrit,bristleback,1833,1003,11372,8545,2827,0/0/1,league_roster,league_roster,league_roster
19255,Premier Series,8760209320,Z10,1w,Dire,Win,1,jwdmb,muerta,22,2281,sao,monkey_king,2836,-555,мистер мораль,axe,2946,-665,8545,11372,-2827,0/2/0,league_roster,league_roster,league_roster
19255,Premier Series,8760282568,Z10,1w,Radiant,Loss,0,jwdmb,razor,27,2577,sao,life_stealer,2290,287,мистер мораль,abyssal_underlord,1806,771,8722,9096,-374,0/0/0,league_roster,league_roster,league_roster
19255,Premier Series,8760282568,1w,Z10,Dire,Win,1,sao,life_stealer,19,2290,jwdmb,razor,2577,-287,nefrit,tidehunter,2404,-114,9096,8722,374,0/1/1,league_roster,league_roster,league_roster
19255,Premier Series,8760377964,1w,Z10,Radiant,Loss,0,sao,weaver,24,2565,jwdmb,gyrocopter,2619,-54,nefrit,tidehunter,1904,661,10983,8661,2322,0/1/4,league_roster,league_roster,league_roster
19255,Premier Series,8760377964,Z10,1w,Dire,Win,1,jwdmb,gyrocopter,32,2619,sao,weaver,2565,54,мистер мораль,centaur,2208,411,8661,10983,-2322,0/0/0,league_roster,league_roster,league_roster
19255,Premier Series,8760477190,VPP,GL,Radiant,Win,1,extract,clinkz,22,2554,鬼,viper,2339,215,,pangolier,2269,285,8537,8973,-436,0/0/0,league_roster,league_roster,league_roster
19255,Premier Series,8760477190,GL,VPP,Dire,Loss,0,鬼,viper,19,2339,extract,clinkz,2554,-215,𝒆𝒗𝒊𝒍,largo,2073,266,8973,8537,436,2/1/0,league_roster,league_roster,league_roster
19255,Premier Series,8760634975,GL,VPP,Radiant,Win,1,鬼,monkey_king,27,3143,[d,luna,1974,1169,𝒆𝒗𝒊𝒍,tidehunter,1607,1536,10957,6643,4314,2/0/0,league_roster,league_roster,league_roster
19255,Premier Series,8760634975,VPP,GL,Dire,Loss,0,[d,luna,18,1974,鬼,monkey_king,3143,-1169,помойка,axe,3255,-1281,6643,10957,-4314,1/2/0,league_roster,league_roster,league_roster
19255,Premier Series,8760693477,VPP,GL,Radiant,Loss,0,extract,weaver,22,2303,鬼,templar_assassin,3102,-799,PkA/,slardar,2463,-160,9592,8996,596,0/0/1,league_roster,league_roster,league_roster
19255,Premier Series,8760693477,GL,VPP,Dire,Win,1,鬼,templar_assassin,30,3102,extract,weaver,2303,799,𝒆𝒗𝒊𝒍,sand_king,2379,723,8996,9592,-596,1/0/1,league_roster,league_roster,league_roster
19255,Premier Series,8760782649,NGX,VP,Radiant,Win,1,rin,dragon_knight,23,2785,Meat Machine,muerta,2798,-13,granny got hit by a bazooka,slardar,2118,667,10097,9196,901,1/0/2,league_roster,league_roster,league_roster
19255,Premier Series,8760782649,VP,NGX,Dire,Loss,0,Meat Machine,muerta,29,2798,rin,dragon_knight,2785,13,jellyworms.HR Manager,doom_bringer,2651,147,9196,10097,-901,1/1/0,league_roster,league_roster,league_roster
19255,Premier Series,8760877821,VP,NGX,Radiant,Loss,0,Meat Machine,ursa,21,2803,rin,muerta,2870,-67,jellyworms.HR Manager,slardar,2465,338,10055,9385,670,1/0/0,league_roster,league_roster,league_roster
19255,Premier Series,8760877821,NGX,VP,Dire,Win,1,rin,muerta,23,2870,Meat Machine,ursa,2803,67,Q?,batrider,2039,831,9385,10055,-670,2/0/2,league_roster,league_roster,league_roster
19255,Premier Series,8760986413,GL,YeS,Radiant,Win,1,m-X,lone_druid,20,2878,birds of a feather,terrorblade,2152,726,Collapse,mars,1745,1133,9127,8669,458,2/0/0,league_roster,league_roster,league_roster
19255,Premier Series,8760986413,YeS,GL,Dire,Loss,0,birds of a feather,terrorblade,27,2152,m-X,lone_druid,2878,-726,помойка,slardar,2165,-13,8669,9127,-458,0/2/0,league_roster,league_roster,league_roster
19255,Premier Series,8761051241,GL,YeS,Radiant,Win,1,nd,alchemist,29,3530,birds of a feather,faceless_void,2736,794,0<]C,monkey_king,2193,1337,10219,8988,1231,2/0/2,league_roster,league_roster,league_roster
19255,Premier Series,8761051241,YeS,GL,Dire,Loss,0,birds of a feather,faceless_void,25,2736,nd,alchemist,3530,-794,",",largo,1769,967,8988,10219,-1231,0/0/1,league_roster,league_roster,league_roster
19255,Premier Series,8761361068,Z10,VPP,Radiant,Win,1,jwdmb,kez,27,2583,VYg,monkey_king,2820,-237,𝒆𝒗𝒊𝒍,brewmaster,2054,529,9525,9981,-456,0/0/0,league_roster,league_roster,league_roster
19255,Premier Series,8761361068,VPP,Z10,Dire,Loss,0,VYg,monkey_king,23,2820,jwdmb,kez,2583,237,nefrit,bristleback,2552,268,9981,9525,456,1/0/2,league_roster,league_roster,league_roster
19255,Premier Series,8761397446,Z10,VPP,Radiant,Win,1,jwdmb,ursa,26,2972,extract,alchemist,2384,588,𝒆𝒗𝒊𝒍,venomancer,2286,686,11002,9426,1576,2/0/0,league_roster,league_roster,league_roster
19255,Premier Series,8761397446,VPP,Z10,Dire,Loss,0,extract,alchemist,19,2384,jwdmb,ursa,2972,-588,nefrit,largo,2930,-546,9426,11002,-1576,0/2/0,league_roster,league_roster,league_roster
19255,Premier Series,8761452929,1w,GL,Radiant,Loss,0,sao,meepo,34,2508,鬼,viper,1990,518,помойка,slardar,2733,-225,9466,9397,69,0/0/0,league_roster,league_roster,league_roster
19255,Premier Series,8761452929,GL,1w,Dire,Win,1,鬼,viper,14,1990,sao,meepo,2508,-518,мистер мораль,tidehunter,2071,-81,9397,9466,-69,1/1/2,league_roster,league_roster,league_roster
19255,Premier Series,8761515506,GL,1w,Radiant,Loss,0,鬼,faceless_void,19,1908,Jt,naga_siren,2293,-385,мистер мораль,batrider,2340,-432,8044,9215,-1171,0/0/0,league_roster,league_roster,league_roster
19255,Premier Series,8761515506,1w,GL,Dire,Win,1,Jt,naga_siren,24,2293,鬼,faceless_void,1908,385,помойка,centaur,1745,548,9215,8044,1171,0/1/0,league_roster,league_roster,league_roster
19255,Premier Series,8761588726,GL,1w,Radiant,Win,1,鬼,alchemist,25,3288,sao,naga_siren,2215,1073,мистер мораль,shredder,1719,1569,9787,7703,2084,1/0/0,league_roster,league_roster,league_roster
19255,Premier Series,8761588726,1w,GL,Dire,Loss,0,sao,naga_siren,26,2215,鬼,alchemist,3288,-1073,помойка,night_stalker,2578,-363,7703,9787,-2084,0/0/0,league_roster,league_roster,league_roster
19255,Premier Series,8761673426,PR,PIPS4,Radiant,Win,1,hair-raiser,morphling,24,2630,old_ch1cken,muerta,2364,266,99%,batrider,1480,1150,10283,8740,1543,1/0/0,league_roster,league_roster,league_roster
19255,Premier Series,8761673426,PIPS4,PR,Dire,Loss,0,old_ch1cken,muerta,22,2364,hair-raiser,morphling,2630,-266,transurfing,tidehunter,2323,41,8740,10283,-1543,1/1/1,league_roster,league_roster,league_roster
19255,Premier Series,8761774392,PR,PIPS4,Radiant,Win,1,tendingtothegarden,luna,25,3340,old_ch1cken,muerta,2768,572,99%,pangolier,2076,1264,10204,10101,103,5/2/3,league_roster,league_roster,league_roster
19255,Premier Series,8761774392,PIPS4,PR,Dire,Loss,0,old_ch1cken,muerta,30,2768,tendingtothegarden,luna,3340,-572,transurfing,axe,2298,470,10101,10204,-103,1/1/2,league_roster,league_roster,league_roster
19255,Premier Series,8761895154,NGX,L1,Radiant,Win,1,rin,faceless_void,20,2124,am i dreaming,life_stealer,2517,-393,Dwight K. Schrute,batrider,2502,-378,9275,9123,152,0/0/0,league_roster,league_roster,league_roster
19255,Premier Series,8761895154,L1,NGX,Dire,Loss,0,am i dreaming,life_stealer,22,2517,rin,faceless_void,2124,393,jellyworms.HR Manager,tidehunter,2509,8,9123,9275,-152,0/0/1,league_roster,league_roster,league_roster
19255,Premier Series,8762007038,L1,NGX,Radiant,Loss,0,am i dreaming,abaddon,33,3134,rin,dragon_knight,2445,689,jellyworms.HR Manager,batrider,2025,1109,9562,9230,332,0/0/0,league_roster,league_roster,league_roster
19255,Premier Series,8762007038,NGX,L1,Dire,Win,1,rin,dragon_knight,21,2445,am i dreaming,abaddon,3134,-689,Dwight K. Schrute,slardar,1790,655,9230,9562,-332,1/0/0,league_roster,league_roster,league_roster
19255,Premier Series,8762128911,L1,YeS,Radiant,Loss,0,am i dreaming,alchemist,26,2798,birds of a feather,luna,2718,80,00,tidehunter,2671,127,9674,10762,-1088,0/1/2,league_roster,league_roster,league_roster
19255,Premier Series,8762128911,YeS,L1,Dire,Win,1,birds of a feather,luna,23,2718,am i dreaming,alchemist,2798,-80,Dwight K. Schrute,largo,2199,519,10762,9674,1088,1/1/0,league_roster,league_roster,league_roster
19255,Premier Series,8762190571,L1,YeS,Radiant,Win,1,,luna,24,2355,birds of a feather,ursa,2274,81,,dawnbreaker,2400,-45,8866,9715,-849,0/2/2,league_roster,league_roster,league_roster
19255,Premier Series,8762190571,YeS,L1,Dire,Loss,0,birds of a feather,ursa,25,2274,,luna,2355,-81,Dwight K. Schrute,tidehunter,1873,401,9715,8866,849,0/0/0,league_roster,league_roster,league_roster
19255,Premier Series,8762271616,L1,YeS,Radiant,Win,1,0C,bristleback,29,2980,birds of a feather,luna,1840,1140,Pb,tidehunter,2060,920,9740,8322,1418,1/0/0,league_roster,league_roster,league_roster
19255,Premier Series,8762271616,YeS,L1,Dire,Loss,0,birds of a feather,luna,25,1840,0C,bristleback,2980,-1140,Dwight K. Schrute,abyssal_underlord,2197,-357,8322,9740,-1418,0/1/0,league_roster,league_roster,league_roster
19255,Premier Series,8762670913,PV,GL,Radiant,Win,1,.....,muerta,25,2176,鬼,terrorblade,1876,300,помойка,bristleback,2219,-43,9428,8872,556,0/0/0,league_roster,league_roster,league_roster
19255,Premier Series,8762670913,GL,PV,Dire,Loss,0,鬼,terrorblade,13,1876,.....,muerta,2176,-300,"Nah, I'd adapt",slardar,2367,-491,8872,9428,-556,1/1/0,league_roster,league_roster,league_roster
19255,Premier Series,8762725627,PV,GL,Radiant,Win,1,Ѐ#&,monkey_king,35,3061,鬼,bristleback,2553,508,"km,&",axe,1837,1224,9635,8659,976,2/0/1,league_roster,league_roster,league_roster
19255,Premier Series,8762725627,GL,PV,Dire,Loss,0,鬼,bristleback,23,2553,Ѐ#&,monkey_king,3061,-508,"Nah, I'd adapt",necrolyte,2388,165,8659,9635,-976,1/0/0,league_roster,league_roster,league_roster
19255,Premier Series,8762810886,NGX,TSpirit,Radiant,Loss,0,rin,muerta,29,2662,逆天,monkey_king,2735,-73,GAMBOT-PARIS,batrider,2080,582,10123,9286,837,0/0/0,league_roster,league_roster,league_roster
19255,Premier Series,8762810886,TSpirit,NGX,Dire,Win,1,逆天,monkey_king,31,2735,rin,muerta,2662,73,jellyworms.HR Manager,tidehunter,2529,206,9286,10123,-837,0/0/0,league_roster,league_roster,league_roster
19255,Premier Series,8762900221,TSpirit,NGX,Radiant,Loss,0,逆天,nevermore,21,2528,rin,bristleback,2797,-269,jellyworms.HR Manager,abyssal_underlord,2521,7,8627,10075,-1448,0/1/1,league_roster,league_roster,league_roster
19255,Premier Series,8762900221,NGX,TSpirit,Dire,Win,1,rin,bristleback,28,2797,逆天,nevermore,2528,269,GAMBOT-PARIS,tidehunter,1832,965,10075,8627,1448,1/1/1,league_roster,league_roster,league_roster
19255,Premier Series,8763000090,NGX,TSpirit,Radiant,Win,1,rin,muerta,25,2634,逆天,bristleback,2597,37,GAMBOT-PARIS,night_stalker,2373,261,9341,9496,-155,1/0/0,league_roster,league_roster,league_roster
19255,Premier Series,8763000090,TSpirit,NGX,Dire,Loss,0,逆天,bristleback,30,2597,rin,muerta,2634,-37,jellyworms.HR Manager,legion_commander,2074,523,9496,9341,155,0/0/1,league_roster,league_roster,league_roster
19255,Premier Series,8763120187,L1,Liquid,Radiant,Win,1,01',life_stealer,30,2889,'&,weaver,2529,360,50centaur,axe,2730,159,9807,10182,-375,1/0/0,league_roster,league_roster,league_roster
19255,Premier Series,8763120187,Liquid,L1,Dire,Loss,0,'&,weaver,24,2529,01',life_stealer,2889,-360,Dwight K. Schrute,tidehunter,2117,412,10182,9807,375,0/0/1,league_roster,league_roster,league_roster
19255,Premier Series,8763238308,Liquid,L1,Radiant,Win,1,rH$,muerta,28,2791,am i dreaming,life_stealer,2581,210,Dwight K. Schrute,abyssal_underlord,1942,849,9792,8627,1165,1/0/1,league_roster,league_roster,league_roster
19255,Premier Series,8763238308,L1,Liquid,Dire,Loss,0,am i dreaming,life_stealer,24,2581,rH$,muerta,2791,-210,Č',slardar,2156,425,8627,9792,-1165,1/0/0,league_roster,league_roster,league_roster
19255,Premier Series,8763313524,L1,Liquid,Radiant,Win,1,am i dreaming,luna,22,2349,\/',muerta,2509,-160,50centaur,dark_seer,2840,-491,9881,10273,-392,0/2/2,league_roster,league_roster,league_roster
19255,Premier Series,8763313524,Liquid,L1,Dire,Loss,0,\/',muerta,33,2509,am i dreaming,luna,2349,160,Dwight K. Schrute,beastmaster,2229,280,10273,9881,392,0/1/0,league_roster,league_roster,league_roster
19255,Premier Series,8763405558,HEROIC,MOUZ,Radiant,Loss,0,Yuma,muerta,22,2370,P]',dragon_knight,2855,-485,TAXMAN,pangolier,2111,259,9901,8736,1165,0/1/0,league_roster,league_roster,league_roster
19255,Premier Series,8763405558,MOUZ,HEROIC,Dire,Win,1,P]',dragon_knight,23,2855,Yuma,muerta,2370,485,Wisper,weaver,2081,774,8736,9901,-1165,2/0/0,league_roster,league_roster,league_roster
19255,Premier Series,8763493227,HEROIC,MOUZ,Radiant,Loss,0,@$,medusa,21,2166,KITR,juggernaut,2370,-204,TAXMAN,doom_bringer,2542,-376,8828,8526,302,0/1/0,league_roster,league_roster,league_roster
19255,Premier Series,8763493227,MOUZ,HEROIC,Dire,Win,1,KITR,juggernaut,20,2370,@$,medusa,2166,204,Wisper,pangolier,1860,510,8526,8828,-302,0/0/1,league_roster,league_roster,league_roster
19255,Premier Series,8763938696,GL,TSpirit,Radiant,Win,1,)j.',clinkz,28,2569,L&,templar_assassin,2590,-21,GAMBOT-PARIS,mars,1722,847,10280,8695,1585,0/1/2,league_roster,league_roster,league_roster
19255,Premier Series,8763938696,TSpirit,GL,Dire,Loss,0,L&,templar_assassin,29,2590,)j.',clinkz,2569,21,&,abyssal_underlord,2826,-236,8695,10280,-1585,0/0/0,league_roster,league_roster,league_roster
19255,Premier Series,8763984403,TSpirit,GL,Radiant,Win,1,;1&,drow_ranger,26,3212,F%,doom_bringer,2491,721,p%,enigma,2721,491,10187,9873,314,3/1/0,league_roster,league_roster,league_roster
19255,Premier Series,8763984403,GL,TSpirit,Dire,Loss,0,F%,doom_bringer,27,2491,;1&,drow_ranger,3212,-721,GAMBOT-PARIS,pangolier,2330,161,9873,10187,-314,0/0/0,league_roster,league_roster,league_roster
19255,Premier Series,8764045768,TSpirit,GL,Radiant,Loss,0,ES;',drow_ranger,36,2981,Pk%,doom_bringer,2430,551,Јk%,enigma,2370,611,9808,9764,44,0/0/0,league_roster,league_roster,league_roster
19255,Premier Series,8764045768,GL,TSpirit,Dire,Win,1,Pk%,doom_bringer,24,2430,ES;',drow_ranger,2981,-551,GAMBOT-PARIS,undying,2426,4,9764,9808,-44,0/0/0,league_roster,league_roster,league_roster
19255,Premier Series,8764127437,PV,NGX,Radiant,Win,1,"01""&",faceless_void,23,2748,rin,razor,2119,629,jellyworms.HR Manager,centaur,2339,409,10322,9088,1234,2/0/0,league_roster,league_roster,league_roster
19255,Premier Series,8764127437,NGX,PV,Dire,Loss,0,rin,razor,20,2119,"01""&",faceless_void,2748,-629,`L/',doom_bringer,2526,-407,9088,10322,-1234,0/1/0,league_roster,league_roster,league_roster
19255,Premier Series,8764195216,PV,NGX,Radiant,Win,1,У<%,meepo,22,2950,rin,dragon_knight,1954,996,jellyworms.HR Manager,shredder,2064,886,10740,8694,2046,2/0/2,league_roster,league_roster,league_roster
19255,Premier Series,8764195216,NGX,PV,Dire,Loss,0,rin,dragon_knight,18,1954,У<%,meepo,2950,-996,"Nah, I'd adapt",slardar,2282,-328,8694,10740,-2046,0/2/2,league_roster,league_roster,league_roster
19255,Premier Series,8764351266,Liquid,HEROIC,Radiant,Win,1,%,windrunner,23,2423,(&,faceless_void,2236,187,Z&,bristleback,2369,54,10731,8461,2270,0/0/3,league_roster,league_roster,league_roster
19255,Premier Series,8764351266,HEROIC,Liquid,Dire,Loss,0,(&,faceless_void,18,2236,%,windrunner,2423,-187,e}&,pangolier,2272,-36,8461,10731,-2270,1/0/0,league_roster,league_roster,league_roster
19255,Premier Series,8764502762,HEROIC,Liquid,Radiant,Loss,0,@=%,luna,24,2463,Y=$,lone_druid,3054,-591,p &,pangolier,2368,95,8176,10680,-2504,1/0/1,league_roster,league_roster,league_roster
19255,Premier Series,8764502762,Liquid,HEROIC,Dire,Win,1,Y=$,lone_druid,33,3054,@=%,luna,2463,591,u$,magnataur,1610,1444,10680,8176,2504,1/0/0,league_roster,league_roster,league_roster
19255,Premier Series,8764625108,L1,MOUZ,Radiant,Win,1,p%,muerta,32,2807,KITR,weaver,1979,828,Ц/',beastmaster,2395,412,9607,8222,1385,0/0/1,league_roster,league_roster,league_roster
19255,Premier Series,8764625108,MOUZ,L1,Dire,Loss,0,KITR,weaver,23,1979,p%,muerta,2807,-828,KUBAJlDA,slardar,1953,26,8222,9607,-1385,0/0/0,league_roster,league_roster,league_roster
19255,Premier Series,8764724871,L1,MOUZ,Radiant,Loss,0,{&,beastmaster,29,2695,A%,alchemist,2302,393,&,dark_seer,2145,550,10368,8970,1398,0/0/0,league_roster,league_roster,league_roster
19255,Premier Series,8764724871,MOUZ,L1,Dire,Win,1,A%,alchemist,13,2302,{&,beastmaster,2695,-393,KUBAJlDA,tidehunter,3089,-787,8970,10368,-1398,0/1/0,league_roster,league_roster,league_roster
19255,Premier Series,8764812557,L1,MOUZ,Radiant,Loss,0,PH:u',muerta,36,2784,t%,alchemist,2178,606,cB)&,pangolier,2233,551,9737,9374,363,0/0/1,league_roster,league_roster,league_roster
19255,Premier Series,8764812557,MOUZ,L1,Dire,Win,1,t%,alchemist,29,2178,PH:u',muerta,2784,-606,KUBAJlDA,tidehunter,2430,-252,9374,9737,-363,0/0/0,league_roster,league_roster,league_roster
19255,Premier Series,8765260718,Liquid,NGX,Radiant,Loss,0,yondaime,muerta,20,2611,rin,dragon_knight,2406,205,jellyworms.HR Manager,brewmaster,2052,559,10862,9186,1676,2/1/4,league_roster,league_roster,league_roster
19255,Premier Series,8765260718,NGX,Liquid,Dire,Win,1,rin,dragon_knight,22,2406,yondaime,muerta,2611,-205,50centaur,beastmaster,2759,-353,9186,10862,-1676,0/0/1,league_roster,league_roster,league_roster
19255,Premier Series,8765317021,NGX,Liquid,Radiant,Loss,0,rin,gyrocopter,24,2959,yondaime,alchemist,3241,-282,50centaur,beastmaster,2503,456,10239,10428,-189,1/1/1,league_roster,league_roster,league_roster
19255,Premier Series,8765317021,Liquid,NGX,Dire,Win,1,yondaime,alchemist,20,3241,rin,gyrocopter,2959,282,jellyworms.HR Manager,doom_bringer,2160,1081,10428,10239,189,3/1/0,league_roster,league_roster,league_roster
19255,Premier Series,8765407551,NGX,Liquid,Radiant,Win,1,rin,phantom_assassin,26,2361,yondaime,monkey_king,2294,67,50centaur,bristleback,2198,163,10261,8733,1528,0/0/2,league_roster,league_roster,league_roster
19255,Premier Series,8765407551,Liquid,NGX,Dire,Loss,0,yondaime,monkey_king,22,2294,rin,phantom_assassin,2361,-67,jellyworms.HR Manager,legion_commander,2267,27,8733,10261,-1528,0/2/1,league_roster,league_roster,league_roster
19255,Premier Series,8765478656,GL,L1,Radiant,Win,1,鬼,muerta,26,2605,am i dreaming,luna,2504,101,Tony,slardar,1755,850,9953,8288,1665,0/0/1,league_roster,league_roster,league_roster
19255,Premier Series,8765478656,L1,GL,Dire,Loss,0,am i dreaming,luna,25,2504,鬼,muerta,2605,-101,помойка,abyssal_underlord,2433,71,8288,9953,-1665,0/0/1,league_roster,league_roster,league_roster
19255,Premier Series,8765597299,L1,GL,Radiant,Win,1,"@,(",weaver,31,2656,鬼,templar_assassin,2500,156,помойка,slardar,2347,309,9147,9321,-174,0/0/0,league_roster,league_roster,league_roster
19255,Premier Series,8765597299,GL,L1,Dire,Loss,0,鬼,templar_assassin,24,2500,"@,(",weaver,2656,-156,Tony,mars,2599,-99,9321,9147,174,0/0/0,league_roster,league_roster,league_roster
19255,Premier Series,8765688078,L1,GL,Radiant,Loss,0,$c(,life_stealer,27,2179,鬼,muerta,2582,-403,помойка,pangolier,2666,-487,8075,9059,-984,0/1/0,league_roster,league_roster,league_roster
19255,Premier Series,8765688078,GL,L1,Dire,Win,1,鬼,muerta,25,2582,$c(,life_stealer,2179,403,Tony,slardar,1664,918,9059,8075,984,0/0/0,league_roster,league_roster,league_roster
19255,Premier Series,8765781391,PV,MOUZ,Radiant,Win,1,W.',phantom_lancer,27,2413,@+t),juggernaut,2027,386,@h%,pangolier,2523,-110,9342,9698,-356,0/0/0,league_roster,league_roster,league_roster
19255,Premier Series,8765781391,MOUZ,PV,Dire,Loss,0,@+t),juggernaut,22,2027,W.',phantom_lancer,2413,-386,"Nah, I'd adapt",tidehunter,2784,-757,9698,9342,356,0/1/1,league_roster,league_roster,league_roster
19255,Premier Series,8765867665,PV,MOUZ,Radiant,Win,1,.....,muerta,31,2405,KITR,monkey_king,2559,-154,TAXMAN,tidehunter,2490,-85,10203,10140,63,0/1/1,league_roster,league_roster,league_roster
19255,Premier Series,8765867665,MOUZ,PV,Dire,Loss,0,KITR,monkey_king,24,2559,.....,muerta,2405,154,x&,beastmaster,2902,-343,10140,10203,-63,1/0/1,league_roster,league_roster,league_roster
19255,Premier Series,8765976782,GL,NGX,Radiant,Win,1,鬼,muerta,20,1900,rin,templar_assassin,2798,-898,jellyworms.HR Manager,beastmaster,2239,-339,8725,9286,-561,0/1/1,league_roster,league_roster,league_roster
19255,Premier Series,8765976782,NGX,GL,Dire,Loss,0,rin,templar_assassin,30,2798,鬼,muerta,1900,898,помойка,doom_bringer,2442,356,9286,8725,561,0/0/1,league_roster,league_roster,league_roster
19255,Premier Series,8766089530,NGX,GL,Radiant,Win,1,rin,muerta,26,2589,鬼,doom_bringer,2375,214,помойка,axe,2034,555,10075,8226,1849,1/0/3,league_roster,league_roster,league_roster
19255,Premier Series,8766089530,GL,NGX,Dire,Loss,0,鬼,doom_bringer,22,2375,rin,muerta,2589,-214,jellyworms.HR Manager,tidehunter,2465,-90,8226,10075,-1849,1/0/1,league_roster,league_roster,league_roster
19255,Premier Series,8766168681,NGX,GL,Radiant,Win,1,rin,muerta,36,2781,鬼,beastmaster,2208,573,помойка,night_stalker,2247,534,9903,9235,668,0/0/0,league_roster,league_roster,league_roster
19255,Premier Series,8766168681,GL,NGX,Dire,Loss,0,鬼,beastmaster,21,2208,rin,muerta,2781,-573,jellyworms.HR Manager,abyssal_underlord,2824,-616,9235,9903,-668,1/2/0,league_roster,league_roster,league_roster
19255,Premier Series,8766799303,NGX,MOUZ,Radiant,Win,1,rin,ursa,18,2752,KITR,bloodseeker,2602,150,TAXMAN,tidehunter,1868,884,10131,9289,842,2/0/0,league_roster,league_roster,league_roster
19255,Premier Series,8766799303,MOUZ,NGX,Dire,Loss,0,KITR,bloodseeker,24,2602,rin,ursa,2752,-150,malrincyq,abyssal_underlord,1957,645,9289,10131,-842,0/0/1,league_roster,league_roster,league_roster
19255,Premier Series,8766874056,NGX,MOUZ,Radiant,Win,1,rin,faceless_void,21,2321,KITR,luna,2351,-30,p&,batrider,2186,135,9486,9063,423,0/0/0,league_roster,league_roster,league_roster
19255,Premier Series,8766874056,MOUZ,NGX,Dire,Loss,0,KITR,luna,19,2351,rin,faceless_void,2321,30,malrincyq,beastmaster,2238,113,9063,9486,-423,2/1/2,league_roster,league_roster,league_roster
19255,Premier Series,8767039368,PV,NGX,Radiant,Win,1,.....,meepo,33,2673,rin,troll_warlord,2916,-243,malrincyq,tidehunter,1642,1031,10451,9720,731,0/0/1,league_roster,league_roster,league_roster
19255,Premier Series,8767039368,NGX,PV,Dire,Loss,0,rin,troll_warlord,33,2916,.....,meepo,2673,243,"Nah, I'd adapt",slardar,2036,880,9720,10451,-731,0/0/0,league_roster,league_roster,league_roster
19255,Premier Series,8767122402,NGX,PV,Radiant,Loss,0,rin,bristleback,18,1918,.....,gyrocopter,2386,-468,"Nah, I'd adapt",necrolyte,3652,-1734,9343,11150,-1807,0/2/1,league_roster,league_roster,league_roster
19255,Premier Series,8767122402,PV,NGX,Dire,Win,1,.....,gyrocopter,28,2386,rin,bristleback,1918,468,malrincyq,centaur,1908,478,11150,9343,1807,0/1/1,league_roster,league_roster,league_roster
19255,Premier Series,8767261875,PV,NGX,Radiant,Win,1,.....,phantom_lancer,27,3007,rin,windrunner,2526,481,malrincyq,pangolier,2055,952,9950,10036,-86,2/0/2,league_roster,league_roster,league_roster
19255,Premier Series,8767261875,NGX,PV,Dire,Loss,0,rin,windrunner,21,2526,.....,phantom_lancer,3007,-481,"Nah, I'd adapt",slardar,2243,283,10036,9950,86,0/0/2,league_roster,league_roster,league_roster
