league_id,league_name,match_id,team,opponent,side,result,win,pos1_player,pos1_hero,pos1_lh_5m,pos1_networth_10m,enemy_pos1_player,enemy_pos1_hero,enemy_pos1_networth_10m,pos1_vs_enemy_pos1_diff_10m,enemy_pos3_player,enemy_pos3_hero,enemy_pos3_networth_10m,pos1_vs_enemy_pos3_diff_10m,team_networth_10m,enemy_team_networth_10m,team_networth_diff_10m,pos1_kda_10m,pos1_role_source,enemy_pos1_role_source,enemy_pos3_role_source
19696,DreamLeague Season 29,8809159511,VG,TSpirit,Radiant,负,0,pUx,kez,20,4149,兜圈。,alchemist,4475,-326,pos3jungler,primal_beast,4020,129,17009,16236,773,1/0/0,league_roster,league_roster,league_roster
19696,DreamLeague Season 29,8809159511,TSpirit,VG,Dire,胜,1,兜圈。,alchemist,23,4475,pUx,kez,4149,326,`#t.,bristleback,4642,-167,16236,17009,-773,1/1/2,league_roster,league_roster,league_roster
19696,DreamLeague Season 29,8809166456,Aurora,Liquid,Radiant,胜,1,`!,tiny,28,4594,uǍ,nevermore,5127,-533,50centaur,pangolier,3394,1200,15398,16092,-694,1/0/2,league_roster,league_roster,league_roster
19696,DreamLeague Season 29,8809166456,Liquid,Aurora,Dire,负,0,uǍ,nevermore,32,5127,`!,tiny,4594,533,Щa,magnataur,3624,1503,16092,15398,694,0/0/0,league_roster,league_roster,league_roster
19696,DreamLeague Season 29,8809158835,VP,FLCN,Radiant,胜,1,nokia,lone_druid,23,4438,,alchemist,4946,-508,,dawnbreaker,3492,946,16070,16882,-812,0/1/0,league_roster,league_roster,league_roster
19696,DreamLeague Season 29,8809158835,FLCN,VP,Dire,负,0,,alchemist,23,4946,nokia,lone_druid,4438,508,saberlight,axe,4026,920,16882,16070,812,1/1/1,league_roster,league_roster,league_roster
19696,DreamLeague Season 29,8809158915,GL,EX-ROIC,Radiant,负,0,鬼,tiny,22,3894,.tv/yumadota2,kez,4472,-578,GAMBOT-PARIS,shredder,3807,87,14278,14708,-430,0/0/0,league_roster,league_roster,league_roster
19696,DreamLeague Season 29,8809158915,EX-ROIC,GL,Dire,胜,1,.tv/yumadota2,kez,23,4472,鬼,tiny,3894,578,помойка,slardar,3373,1099,14708,14278,430,1/0/0,league_roster,league_roster,league_roster
19696,DreamLeague Season 29,8809227928,Liquid,Aurora,Radiant,胜,1,`,luna,24,4778,зݵ,windrunner,4549,229,Ǎ,largo,3908,870,17965,15528,2437,1/1/1,league_roster,league_roster,league_roster
19696,DreamLeague Season 29,8809227928,Aurora,Liquid,Dire,负,0,зݵ,windrunner,27,4549,`,luna,4778,-229,`^8,slardar,4200,349,15528,17965,-2437,0/0/1,league_roster,league_roster,league_roster
19696,DreamLeague Season 29,8809246462,EX-HERO,GL,Radiant,胜,1,.tv/yumadota2,alchemist,21,5633,鬼,chaos_knight,4134,1499,помойка,lycan,4379,1254,17546,16110,1436,3/0/0,league_roster,league_roster,league_roster
19696,DreamLeague Season 29,8809246462,GL,EX-HERO,Dire,负,0,鬼,chaos_knight,23,4134,.tv/yumadota2,alchemist,5633,-1499,GAMBOT-PARIS,tidehunter,4053,81,16110,17546,-1436,0/0/2,league_roster,league_roster,league_roster
19696,DreamLeague Season 29,8809244962,TSpirit,VG,Radiant,胜,1,兜圈。,alchemist,30,5112,D9,windrunner,4182,930,,shredder,4228,884,15700,15998,-298,0/1/0,league_roster,league_roster,league_roster
19696,DreamLeague Season 29,8809244962,VG,TSpirit,Dire,负,0,D9,windrunner,25,4182,兜圈。,alchemist,5112,-930,pos3jungler,legion_commander,3819,363,15998,15700,298,2/0/1,league_roster,league_roster,league_roster
19696,DreamLeague Season 29,8809303579,Aurora,Liquid,Radiant,负,0,0̯H,windrunner,28,5499,@,luna,4363,1136,s͠,slardar,3557,1942,18095,14762,3333,2/0/2,league_roster,league_roster,league_roster
19696,DreamLeague Season 29,8809303579,Liquid,Aurora,Dire,胜,1,@,luna,24,4363,0̯H,windrunner,5499,-1136,ڳH,abyssal_underlord,4528,-165,14762,18095,-3333,0/1/0,league_roster,league_roster,league_roster
19696,DreamLeague Season 29,8809242493,FLCN,VP,Radiant,胜,1,v:,life_stealer,24,4512,nokia,windrunner,4708,-196,saberlight,abyssal_underlord,4245,267,15429,16949,-1520,0/0/1,league_roster,league_roster,league_roster
19696,DreamLeague Season 29,8809242493,VP,FLCN,Dire,负,0,nokia,windrunner,24,4708,v:,life_stealer,4512,196,,tidehunter,4163,545,16949,15429,1520,1/0/1,league_roster,league_roster,league_roster
19696,DreamLeague Season 29,8809373469,RKX,BetBoom,Radiant,负,0,`ND,kez,22,4781,P.,tiny,4867,-86,Р!R,tidehunter,3914,867,15584,17116,-1532,0/0/1,league_roster,league_roster,league_roster
19696,DreamLeague Season 29,8809373469,BetBoom,RKX,Dire,胜,1,P.,tiny,29,4867,`ND,kez,4781,86,underrated,shredder,3840,1027,17116,15584,1532,1/1/0,league_roster,league_roster,league_roster
19696,DreamLeague Season 29,8809385333,NGX,NAVI,Radiant,负,0,jL,kez,19,3798,winter,ursa,3407,391,ƬψƬ ☢ Sιrιus-妥,axe,4896,-1098,16811,14968,1843,0/1/0,league_roster,league_roster,league_roster
19696,DreamLeague Season 29,8809385333,NAVI,NGX,Dire,胜,1,winter,ursa,13,3407,jL,kez,3798,-391,Ͼ,viper,4565,-1158,14968,16811,-1843,2/2/0,league_roster,league_roster,league_roster
19696,DreamLeague Season 29,8809412954,PV,Tundra,Radiant,胜,1,destroy,tiny,24,3993,Preacher Man,lone_druid,4727,-734,not human (животное),batrider,3727,266,15249,14806,443,0/1/0,league_roster,league_roster,league_roster
19696,DreamLeague Season 29,8809412954,Tundra,PV,Dire,负,0,Preacher Man,lone_druid,31,4727,destroy,tiny,3993,734,strafe instructor,abyssal_underlord,3098,1629,14806,15249,-443,1/0/0,league_roster,league_roster,league_roster
19696,DreamLeague Season 29,8809425113,FLCN,VP,Radiant,胜,1,pT,alchemist,25,4760,nokia,furion,4030,730,saberlight,tidehunter,4482,278,18482,16004,2478,0/0/0,league_roster,league_roster,league_roster
19696,DreamLeague Season 29,8809425113,VP,FLCN,Dire,负,0,nokia,furion,30,4030,pT,alchemist,4760,-730,fG>,shredder,5889,-1859,16004,18482,-2478,1/2/1,league_roster,league_roster,league_roster
19696,DreamLeague Season 29,8809470214,RKX,BetBoom,Radiant,负,0,yR,terrorblade,20,4301,07,life_stealer,4407,-106,W,lycan,3814,487,14189,15279,-1090,1/0/0,league_roster,league_roster,league_roster
19696,DreamLeague Season 29,8809470214,BetBoom,RKX,Dire,胜,1,07,life_stealer,24,4407,yR,terrorblade,4301,106,underrated,largo,3676,731,15279,14189,1090,2/0/0,league_roster,league_roster,league_roster
19696,DreamLeague Season 29,8809490207,NGX,NAVI,Radiant,负,0,rin,tiny,26,4179,winter,necrolyte,4955,-776,ƬψƬ ☢ Sιrιus-妥,axe,4648,-469,15834,15405,429,1/1/2,league_roster,league_roster,league_roster
19696,DreamLeague Season 29,8809490207,NAVI,NGX,Dire,胜,1,winter,necrolyte,26,4955,rin,tiny,4179,776,malrincyq,bristleback,4349,606,15405,15834,-429,2/1/1,league_roster,league_roster,league_roster
19696,DreamLeague Season 29,8809504168,PV,Tundra,Radiant,负,0,destroy,tiny,26,3883,Preacher Man,doom_bringer,5012,-1129,not human (животное),tidehunter,4439,-556,12837,17808,-4971,0/0/1,league_roster,league_roster,league_roster
19696,DreamLeague Season 29,8809504168,Tundra,PV,Dire,胜,1,Preacher Man,doom_bringer,25,5012,destroy,tiny,3883,1129,strafe instructor,largo,2828,2184,17808,12837,4971,2/0/5,league_roster,league_roster,league_roster
19696,DreamLeague Season 29,8809536007,PlayTime,XG,Radiant,负,0,{C,nevermore,30,5280,P,drow_ranger,4575,705,0A,axe,3104,2176,16784,14931,1853,1/0/1,league_roster,league_roster,league_roster
19696,DreamLeague Season 29,8809536007,XG,PlayTime,Dire,胜,1,P,drow_ranger,26,4575,{C,nevermore,5280,-705,^,primal_beast,3416,1159,14931,16784,-1853,0/0/0,league_roster,league_roster,league_roster
19696,DreamLeague Season 29,8809600367,PV,Tundra,Radiant,胜,1,destroy,phantom_lancer,23,5315,Preacher Man,doom_bringer,3479,1836,not human (животное),tidehunter,3065,2250,16322,14012,2310,4/0/0,league_roster,league_roster,league_roster
19696,DreamLeague Season 29,8809600367,Tundra,PV,Dire,负,0,Preacher Man,doom_bringer,18,3479,destroy,phantom_lancer,5315,-1836,strafe instructor,dawnbreaker,3079,400,14012,16322,-2310,1/2/1,league_roster,league_roster,league_roster
19696,DreamLeague Season 29,8809634682,XG,PlayTime,Radiant,胜,1,@+,drow_ranger,30,5309,Y>,monkey_king,3478,1831,P#,slardar,3048,2261,19703,13813,5890,1/0/0,league_roster,league_roster,league_roster
19696,DreamLeague Season 29,8809634682,PlayTime,XG,Dire,负,0,Y>,monkey_king,20,3478,@+,drow_ranger,5309,-1831,,abyssal_underlord,4848,-1370,13813,19703,-5890,0/3/0,league_roster,league_roster,league_roster
19696,DreamLeague Season 29,8809655926,VG,GL,Radiant,胜,1,I,ursa,28,4752,鬼,drow_ranger,4014,738,помойка,slardar,2883,1869,18220,12919,5301,0/0/0,league_roster,league_roster,league_roster
19696,DreamLeague Season 29,8809655926,GL,VG,Dire,负,0,鬼,drow_ranger,28,4014,I,ursa,4752,-738,|I,beastmaster,4058,-44,12919,18220,-5301,0/0/0,league_roster,league_roster,league_roster
19696,DreamLeague Season 29,8809656567,Aurora,FLCN,Radiant,负,0,tragic,ursa,23,3416,,alchemist,4672,-1256,0Є,razor,4230,-814,15098,16657,-1559,0/0/0,league_roster,league_roster,league_roster
19696,DreamLeague Season 29,8809656567,FLCN,Aurora,Dire,胜,1,,alchemist,22,4672,tragic,ursa,3416,1256,gD,dawnbreaker,4767,-95,16657,15098,1559,0/1/0,league_roster,league_roster,league_roster
19696,DreamLeague Season 29,8809696561,Liquid,TSpirit,Radiant,负,0,0&,kez,24,4685,兜圈。,terrorblade,4343,342,pos3jungler,axe,4144,541,17079,16022,1057,2/0/1,league_roster,league_roster,league_roster
19696,DreamLeague Season 29,8809696561,TSpirit,Liquid,Dire,胜,1,兜圈。,terrorblade,25,4343,0&,kez,4685,-342,,tidehunter,3830,513,16022,17079,-1057,0/2/0,league_roster,league_roster,league_roster
19696,DreamLeague Season 29,8809710774,VP,EX-HERO,Radiant,胜,1,nokia,terrorblade,26,4355,.tv/yumadota2,tiny,4354,1,GAMBOT-PARIS,lycan,3949,406,14391,16746,-2355,1/1/0,league_roster,league_roster,league_roster
19696,DreamLeague Season 29,8809710774,EX-HERO,VP,Dire,负,0,.tv/yumadota2,tiny,15,4354,nokia,terrorblade,4355,-1,saberlight,tidehunter,3691,663,16746,14391,2355,2/0/1,league_roster,league_roster,league_roster
19696,DreamLeague Season 29,8809726019,GL,VG,Radiant,负,0,鬼,faceless_void,24,4423,`,muerta,4716,-293,@v,batrider,3353,1070,17334,16688,646,0/0/1,league_roster,league_roster,league_roster
19696,DreamLeague Season 29,8809726019,VG,GL,Dire,胜,1,`,muerta,23,4716,鬼,faceless_void,4423,293,помойка,axe,4236,480,16688,17334,-646,0/1/1,league_roster,league_roster,league_roster
19696,DreamLeague Season 29,8809747666,FLCN,Aurora,Radiant,胜,1,ֺS,luna,27,4170,@S,furion,4052,118,@HS,mars,3212,958,17343,14528,2815,1/1/3,league_roster,league_roster,league_roster
19696,DreamLeague Season 29,8809747666,Aurora,FLCN,Dire,负,0,@S,furion,33,4052,ֺS,luna,4170,-118,pS,doom_bringer,5789,-1737,14528,17343,-2815,1/2/1,league_roster,league_roster,league_roster
19696,DreamLeague Season 29,8809797141,VP,EX-HERO,Radiant,胜,1,nokia,tiny,25,4801,.tv/yumadota2,ursa,5414,-613,GAMBOT-PARIS,doom_bringer,3018,1783,15380,14704,676,2/0/2,league_roster,league_roster,league_roster
19696,DreamLeague Season 29,8809797141,EX-HERO,VP,Dire,负,0,.tv/yumadota2,ursa,20,5414,nokia,tiny,4801,613,saberlight,beastmaster,3156,2258,14704,15380,-676,5/0/0,league_roster,league_roster,league_roster
19696,DreamLeague Season 29,8809802771,TSpirit,Liquid,Radiant,负,0,兜圈。,phantom_lancer,22,4027,0;@,kez,4402,-375,p3,doom_bringer,3863,164,14444,16553,-2109,0/0/0,league_roster,league_roster,league_roster
19696,DreamLeague Season 29,8809802771,Liquid,TSpirit,Dire,胜,1,0;@,kez,28,4402,兜圈。,phantom_lancer,4027,375,pos3jungler,tidehunter,3816,586,16553,14444,2109,0/0/1,league_roster,league_roster,league_roster
19696,DreamLeague Season 29,8809888784,Liquid,TSpirit,Radiant,负,0,4,muerta,25,3355,兜圈。,faceless_void,4024,-669,pos3jungler,death_prophet,3387,-32,13950,15240,-1290,1/1/1,league_roster,league_roster,league_roster
19696,DreamLeague Season 29,8809888784,TSpirit,Liquid,Dire,胜,1,兜圈。,faceless_void,25,4024,4,muerta,3355,669,Wb[,abyssal_underlord,3685,339,15240,13950,1290,1/1/2,league_roster,league_roster,league_roster
19696,DreamLeague Season 29,8810373967,PV,BetBoom,Radiant,胜,1,destroy,necrolyte,21,5018,",",alchemist,4486,532,@,axe,3265,1753,17251,15918,1333,2/1/0,league_roster,league_roster,league_roster
19696,DreamLeague Season 29,8810373967,BetBoom,PV,Dire,负,0,",",alchemist,22,4486,destroy,necrolyte,5018,-532,strafe instructor,dawnbreaker,5000,-514,15918,17251,-1333,1/0/1,league_roster,league_roster,league_roster
19696,DreamLeague Season 29,8810373970,RKX,NAVI,Radiant,胜,1,,naga_siren,25,4627,winter,monkey_king,4247,380,ƬψƬ ☢ Sιrιus-妥,bristleback,5313,-686,15859,16800,-941,1/2/0,league_roster,league_roster,league_roster
19696,DreamLeague Season 29,8810373970,NAVI,RKX,Dire,负,0,winter,monkey_king,23,4247,,naga_siren,4627,-380,underrated,abyssal_underlord,4186,61,16800,15859,941,1/0/0,league_roster,league_roster,league_roster
19696,DreamLeague Season 29,8810373959,XG,Tundra,Radiant,胜,1,U>,drow_ranger,22,4274,Last Call,kez,4054,220,not human (животное),brewmaster,2438,1836,15831,13833,1998,1/0/1,league_roster,league_roster,league_roster
19696,DreamLeague Season 29,8810373959,Tundra,XG,Dire,负,0,Last Call,kez,24,4054,U>,drow_ranger,4274,-220,@h,doom_bringer,3485,569,13833,15831,-1998,1/1/0,league_roster,league_roster,league_roster
19696,DreamLeague Season 29,8810373935,PlayTime,NGX,Radiant,胜,1,@T,kez,21,3399,=,muerta,3775,-376,`8M,axe,4170,-771,15769,15367,402,0/2/0,league_roster,league_roster,league_roster
19696,DreamLeague Season 29,8810373935,NGX,PlayTime,Dire,负,0,=,muerta,27,3775,@T,kez,3399,376,d,doom_bringer,4380,-605,15367,15769,-402,0/0/0,league_roster,league_roster,league_roster
19696,DreamLeague Season 29,8810429061,PV,BetBoom,Radiant,负,0,destroy,storm_spirit,31,4528,p,monkey_king,4668,-140,0K,pangolier,3244,1284,15313,16550,-1237,2/2/2,league_roster,league_roster,league_roster
19696,DreamLeague Season 29,8810429061,BetBoom,PV,Dire,胜,1,p,monkey_king,27,4668,destroy,storm_spirit,4528,140,strafe instructor,dawnbreaker,3237,1431,16550,15313,1237,1/0/0,league_roster,league_roster,league_roster
19696,DreamLeague Season 29,8810441572,RKX,NAVI,Radiant,负,0,pW,faceless_void,17,3949,winter,windrunner,5531,-1582,ƬψƬ ☢ Sιrιus-妥,abyssal_underlord,4810,-861,14270,18309,-4039,1/0/3,league_roster,league_roster,league_roster
19696,DreamLeague Season 29,8810441572,NAVI,RKX,Dire,胜,1,winter,windrunner,24,5531,pW,faceless_void,3949,1582,underrated,centaur,3140,2391,18309,14270,4039,5/0/5,league_roster,league_roster,league_roster
19696,DreamLeague Season 29,8810453731,NGX,PlayTime,Radiant,负,0,rin,terrorblade,28,4721,pxA,necrolyte,5290,-569,Qo,tidehunter,4058,663,15861,17424,-1563,2/0/1,league_roster,league_roster,league_roster
19696,DreamLeague Season 29,8810453731,PlayTime,NGX,Dire,胜,1,pxA,necrolyte,35,5290,rin,terrorblade,4721,569,҉,axe,3379,1911,17424,15861,1563,2/1/0,league_roster,league_roster,league_roster
19696,DreamLeague Season 29,8810506148,PV,BetBoom,Radiant,胜,1,destroy,terrorblade,26,4430,`;,alchemist,4830,-400,L,tidehunter,3203,1227,16757,14909,1848,0/0/0,league_roster,league_roster,league_roster
19696,DreamLeague Season 29,8810506148,BetBoom,PV,Dire,负,0,`;,alchemist,19,4830,destroy,terrorblade,4430,400,strafe instructor,largo,4612,218,14909,16757,-1848,0/0/0,league_roster,league_roster,league_roster
19696,DreamLeague Season 29,8810508497,RKX,NAVI,Radiant,负,0,,tiny,27,4817,winter,windrunner,3739,1078,ƬψƬ ☢ Sιrιus-妥,axe,4612,205,17224,16066,1158,1/0/3,league_roster,league_roster,league_roster
19696,DreamLeague Season 29,8810508497,NAVI,RKX,Dire,胜,1,winter,windrunner,17,3739,,tiny,4817,-1078,underrated,slardar,4038,-299,16066,17224,-1158,0/2/3,league_roster,league_roster,league_roster
19696,DreamLeague Season 29,8810452708,Tundra,XG,Radiant,负,0,Last Call,muerta,29,4061,`ҹ,kez,4578,-517,@p,brewmaster,3370,691,14757,16114,-1357,0/1/3,league_roster,league_roster,league_roster
19696,DreamLeague Season 29,8810452708,XG,Tundra,Dire,胜,1,`ҹ,kez,26,4578,Last Call,muerta,4061,517,not human (животное),largo,3250,1328,16114,14757,1357,0/1/1,league_roster,league_roster,league_roster
19696,DreamLeague Season 29,8810600432,TSpirit,Aurora,Radiant,胜,1,兜圈。,kez,32,5309,Pĩ,doom_bringer,3733,1576,pP,magnataur,2770,2539,17098,13602,3496,1/0/0,league_roster,league_roster,league_roster
19696,DreamLeague Season 29,8810600432,Aurora,TSpirit,Dire,负,0,Pĩ,doom_bringer,19,3733,兜圈。,kez,5309,-1576,pos3jungler,largo,3561,172,13602,17098,-3496,0/2/1,league_roster,league_roster,league_roster
19696,DreamLeague Season 29,8810636217,VP,VG,Radiant,胜,1,nokia,life_stealer,24,4786,>,juggernaut,4234,552,=,pangolier,3717,1069,16147,15404,743,2/1/1,league_roster,league_roster,league_roster
19696,DreamLeague Season 29,8810636217,VG,VP,Dire,负,0,>,juggernaut,21,4234,nokia,life_stealer,4786,-552,saberlight,tidehunter,3740,494,15404,16147,-743,0/0/0,league_roster,league_roster,league_roster
19696,DreamLeague Season 29,8810614945,EX-HERO,FLCN,Radiant,负,0,.tv/yumadota2,ursa,21,4155,1,windrunner,4793,-638,YeS signature player,razor,4930,-775,14920,17729,-2809,3/2/2,league_roster,league_roster,league_roster
19696,DreamLeague Season 29,8810614945,FLCN,EX-HERO,Dire,胜,1,1,windrunner,28,4793,.tv/yumadota2,ursa,4155,638,GAMBOT-PARIS,shredder,3447,1346,17729,14920,2809,0/0/3,league_roster,league_roster,league_roster
19696,DreamLeague Season 29,8810642364,GL,Liquid,Radiant,负,0,鬼,luna,18,4065,yondaime,kez,4550,-485,,centaur,4353,-288,13602,17696,-4094,0/1/0,league_roster,league_roster,league_roster
19696,DreamLeague Season 29,8810642364,Liquid,GL,Dire,胜,1,yondaime,kez,23,4550,鬼,luna,4065,485,помойка,doom_bringer,3321,1229,17696,13602,4094,1/1/3,league_roster,league_roster,league_roster
19696,DreamLeague Season 29,8810706519,Aurora,TSpirit,Radiant,负,0,,faceless_void,16,3374,兜圈。,alchemist,3975,-601,pos3jungler,doom_bringer,4659,-1285,15517,15872,-355,0/0/2,league_roster,league_roster,league_roster
19696,DreamLeague Season 29,8810706519,TSpirit,Aurora,Dire,胜,1,兜圈。,alchemist,22,3975,,faceless_void,3374,601,pf,centaur,4045,-70,15872,15517,355,1/1/2,league_roster,league_roster,league_roster
19696,DreamLeague Season 29,8810741766,VP,VG,Radiant,胜,1,nokia,tiny,28,4917,,faceless_void,4174,743,T,dawnbreaker,4329,588,17110,15521,1589,0/0/0,league_roster,league_roster,league_roster
19696,DreamLeague Season 29,8810741766,VG,VP,Dire,负,0,,faceless_void,21,4174,nokia,tiny,4917,-743,saberlight,magnataur,3890,284,15521,17110,-1589,1/0/0,league_roster,league_roster,league_roster
19696,DreamLeague Season 29,8810753165,EX-HERO,FLCN,Radiant,负,0,.tv/yumadota2,terrorblade,19,3861,D,life_stealer,3604,257,PZe,abyssal_underlord,4291,-430,16990,16002,988,0/2/1,league_roster,league_roster,league_roster
19696,DreamLeague Season 29,8810753165,FLCN,EX-HERO,Dire,胜,1,D,life_stealer,26,3604,.tv/yumadota2,terrorblade,3861,-257,GAMBOT-PARIS,kunkka,5172,-1568,16002,16990,-988,0/1/0,league_roster,league_roster,league_roster
19696,DreamLeague Season 29,8810792178,Liquid,GL,Radiant,胜,1,*,troll_warlord,28,4972,鬼,faceless_void,4535,437,помойка,lycan,2931,2041,18574,14221,4353,0/0/1,league_roster,league_roster,league_roster
19696,DreamLeague Season 29,8810792178,GL,Liquid,Dire,负,0,鬼,faceless_void,19,4535,*,troll_warlord,4972,-437,,dawnbreaker,4664,-129,14221,18574,-4353,2/0/0,league_roster,league_roster,league_roster
19696,DreamLeague Season 29,8810894235,PV,XG,Radiant,负,0,destroy,monkey_king,29,4779,!gD,lone_druid,4190,589,J,shredder,4126,653,17024,15411,1613,1/1/0,league_roster,league_roster,league_roster
19696,DreamLeague Season 29,8810894235,XG,PV,Dire,胜,1,!gD,lone_druid,25,4190,destroy,monkey_king,4779,-589,strafe instructor,beastmaster,4506,-316,15411,17024,-1613,0/0/1,league_roster,league_roster,league_roster
19696,DreamLeague Season 29,8810894092,NAVI,BetBoom,Radiant,胜,1,winter,ursa,15,3974,P(<,life_stealer,4591,-617,B,mars,3979,-5,15036,16963,-1927,0/0/0,league_roster,league_roster,league_roster
19696,DreamLeague Season 29,8810894092,BetBoom,NAVI,Dire,负,0,P(<,life_stealer,26,4591,winter,ursa,3974,617,ƬψƬ ☢ Sιrιus-妥,axe,4201,390,16963,15036,1927,0/0/2,league_roster,league_roster,league_roster
19696,DreamLeague Season 29,8810895940,NGX,Tundra,Radiant,负,0,P6,templar_assassin,13,3187,Last Call,kez,4059,-872,not human (животное),doom_bringer,4536,-1349,13979,16030,-2051,0/1/2,league_roster,league_roster,league_roster
19696,DreamLeague Season 29,8810895940,Tundra,NGX,Dire,胜,1,Last Call,kez,25,4059,P6,templar_assassin,3187,872,GA,slardar,3391,668,16030,13979,2051,1/0/2,league_roster,league_roster,league_roster
19696,DreamLeague Season 29,8810894132,RKX,PlayTime,Radiant,负,0,!?,necrolyte,29,5100,(<,tiny,4713,387,`m¼,axe,2832,2268,17896,15265,2631,2/1/0,league_roster,league_roster,league_roster
19696,DreamLeague Season 29,8810894132,PlayTime,RKX,Dire,胜,1,(<,tiny,24,4713,!?,necrolyte,5100,-387,underrated,pangolier,4502,211,15265,17896,-2631,1/0/1,league_roster,league_roster,league_roster
19696,DreamLeague Season 29,8810990695,BetBoom,NAVI,Radiant,负,0,0K<,necrolyte,29,5291,winter,faceless_void,3985,1306,ƬψƬ ☢ Sιrιus-妥,axe,4092,1199,16893,14544,2349,2/0/1,league_roster,league_roster,league_roster
19696,DreamLeague Season 29,8810990695,NAVI,BetBoom,Dire,胜,1,winter,faceless_void,18,3985,0K<,necrolyte,5291,-1306,17 mind,dawnbreaker,4450,-465,14544,16893,-2349,0/0/0,league_roster,league_roster,league_roster
19696,DreamLeague Season 29,8810991986,NGX,Tundra,Radiant,胜,1,97,tiny,24,4382,Last Call,kez,5166,-784,not human (животное),largo,3723,659,17213,15855,1358,1/0/0,league_roster,league_roster,league_roster
19696,DreamLeague Season 29,8810991986,Tundra,NGX,Dire,负,0,Last Call,kez,25,5166,97,tiny,4382,784,@,tidehunter,4941,225,15855,17213,-1358,1/0/2,league_roster,league_roster,league_roster
19696,DreamLeague Season 29,8811000876,RKX,PlayTime,Radiant,负,0,'MC,terrorblade,20,3986,`b,monkey_king,4873,-887,,doom_bringer,4212,-226,16013,18961,-2948,2/2/2,league_roster,league_roster,league_roster
19696,DreamLeague Season 29,8811000876,PlayTime,RKX,Dire,胜,1,`b,monkey_king,21,4873,'MC,terrorblade,3986,887,underrated,slardar,3922,951,18961,16013,2948,2/0/5,league_roster,league_roster,league_roster
19696,DreamLeague Season 29,8810989536,PV,XG,Radiant,胜,1,destroy,tiny,23,3803,区,lone_druid,4083,-280,pՌ,bristleback,4250,-447,14395,15453,-1058,1/1/0,league_roster,league_roster,league_roster
19696,DreamLeague Season 29,8810989536,XG,PV,Dire,负,0,区,lone_druid,17,4083,destroy,tiny,3803,280,strafe instructor,dawnbreaker,3360,723,15453,14395,1058,0/0/0,league_roster,league_roster,league_roster
19696,DreamLeague Season 29,8811075585,Tundra,NGX,Radiant,胜,1,Last Call,windrunner,20,4018,8,tiny,4893,-875,@zW,magnataur,3722,296,16412,15919,493,2/1/2,league_roster,league_roster,league_roster
19696,DreamLeague Season 29,8811075585,NGX,Tundra,Dire,负,0,8,tiny,27,4893,Last Call,windrunner,4018,875,not human (животное),largo,3770,1123,15919,16412,-493,1/0/0,league_roster,league_roster,league_roster
19696,DreamLeague Season 29,8811095968,PV,XG,Radiant,胜,1,destroy,muerta,30,4280,慖,phantom_assassin,4299,-19,0V,slardar,3089,1191,16418,14608,1810,0/0/2,league_roster,league_roster,league_roster
19696,DreamLeague Season 29,8811095968,XG,PV,Dire,负,0,慖,phantom_assassin,31,4299,destroy,muerta,4280,19,strafe instructor,beastmaster,4185,114,14608,16418,-1810,1/2/1,league_roster,league_roster,league_roster
19696,DreamLeague Season 29,8811620119,Aurora,EX-HERO,Radiant,胜,1,6,tiny,19,4455,.tv/yumadota2,alchemist,4465,-10,GAMBOT-PARIS,viper,3179,1276,16740,13805,2935,2/0/2,league_roster,league_roster,league_roster
19696,DreamLeague Season 29,8811620119,EX-HERO,Aurora,Dire,负,0,.tv/yumadota2,alchemist,19,4465,6,tiny,4455,10,Shenorita`,doom_bringer,4499,-34,13805,16740,-2935,1/0/0,league_roster,league_roster,league_roster
19696,DreamLeague Season 29,8811618959,Liquid,VP,Radiant,胜,1,yondaime,bristleback,34,4760,nokia,terrorblade,3597,1163,saberlight,dawnbreaker,3616,1144,16756,15039,1717,1/1/2,league_roster,league_roster,league_roster
19696,DreamLeague Season 29,8811618959,VP,Liquid,Dire,负,0,nokia,terrorblade,23,3597,yondaime,bristleback,4760,-1163,50centaur,abyssal_underlord,3580,17,15039,16756,-1717,0/3/2,league_roster,league_roster,league_roster
19696,DreamLeague Season 29,8811618995,VG,FLCN,Radiant,负,0,],drow_ranger,23,4057,I m Going To Be The Best Carry,lone_druid,4419,-362,YeS signature player,shredder,3987,70,17071,16280,791,0/2/6,league_roster,league_roster,league_roster
19696,DreamLeague Season 29,8811618995,FLCN,VG,Dire,胜,1,I m Going To Be The Best Carry,lone_druid,28,4419,],drow_ranger,4057,362,,beastmaster,4319,100,16280,17071,-791,0/0/1,league_roster,league_roster,league_roster
19696,DreamLeague Season 29,8811618989,TSpirit,GL,Radiant,胜,1,w_,tiny,24,4393,鬼,kez,4465,-72,помойка,doom_bringer,3899,494,13716,15565,-1849,1/0/2,league_roster,league_roster,league_roster
19696,DreamLeague Season 29,8811618989,GL,TSpirit,Dire,负,0,鬼,kez,20,4465,w_,tiny,4393,72,,largo,2962,1503,15565,13716,1849,2/1/1,league_roster,league_roster,league_roster
19696,DreamLeague Season 29,8811683230,VP,Liquid,Radiant,负,0,nokia,kez,25,4020,yondaime,muerta,4621,-601,50centaur,bristleback,4187,-167,14620,16318,-1698,0/0/1,league_roster,league_roster,league_roster
19696,DreamLeague Season 29,8811683230,Liquid,VP,Dire,胜,1,yondaime,muerta,32,4621,nokia,kez,4020,601,saberlight,kunkka,3068,1553,16318,14620,1698,2/0/1,league_roster,league_roster,league_roster
19696,DreamLeague Season 29,8811680490,EX-HERO,Aurora,Radiant,负,0,.tv/yumadota2,alchemist,16,5342,P,windrunner,5112,230,Shenorita`,tidehunter,4430,912,16046,17333,-1287,3/1/0,league_roster,league_roster,league_roster
19696,DreamLeague Season 29,8811680490,Aurora,EX-HERO,Dire,胜,1,P,windrunner,29,5112,.tv/yumadota2,alchemist,5342,-230,GAMBOT-PARIS,primal_beast,3041,2071,17333,16046,1287,1/0/2,league_roster,league_roster,league_roster
19696,DreamLeague Season 29,8811706161,GL,TSpirit,Radiant,负,0,鬼,luna,27,4216,Pv,furion,4471,-255,pos3jungler,largo,3760,456,15580,15462,118,0/2/1,league_roster,league_roster,league_roster
19696,DreamLeague Season 29,8811706161,TSpirit,GL,Dire,胜,1,Pv,furion,28,4471,鬼,luna,4216,255,помойка,dawnbreaker,3858,613,15462,15580,-118,2/2/1,league_roster,league_roster,league_roster
19696,DreamLeague Season 29,8811687114,FLCN,VG,Radiant,胜,1,I m Going To Be The Best Carry,tiny,25,3822,Roselia,kez,3887,-65,F',mars,4031,-209,14945,16301,-1356,0/1/0,league_roster,league_roster,league_roster
19696,DreamLeague Season 29,8811687114,VG,FLCN,Dire,负,0,Roselia,kez,24,3887,I m Going To Be The Best Carry,tiny,3822,65,YeS signature player,doom_bringer,4176,-289,16301,14945,1356,0/0/1,league_roster,league_roster,league_roster
19696,DreamLeague Season 29,8811838021,NGX,XG,Radiant,胜,1,`^@,lone_druid,23,3872,区,kez,4860,-988,¿,abyssal_underlord,4008,-136,16096,17205,-1109,1/2/1,league_roster,league_roster,league_roster
19696,DreamLeague Season 29,8811838021,XG,NGX,Dire,负,0,区,kez,36,4860,`^@,lone_druid,3872,988,malrincyq,largo,3918,942,17205,16096,1109,1/0/4,league_roster,league_roster,league_roster
19696,DreamLeague Season 29,8811838048,PV,NAVI,Radiant,胜,1,destroy,lone_druid,41,5531,winter,terrorblade,4486,1045,ƬψƬ ☢ Sιrιus-妥,axe,3435,2096,18478,16220,2258,0/0/0,league_roster,league_roster,league_roster
19696,DreamLeague Season 29,8811838048,NAVI,PV,Dire,负,0,winter,terrorblade,25,4486,destroy,lone_druid,5531,-1045,strafe instructor,brewmaster,4366,120,16220,18478,-2258,1/1/0,league_roster,league_roster,league_roster
19696,DreamLeague Season 29,8811845697,BetBoom,PlayTime,Radiant,负,0,Naruto~,tiny,22,3904,VE,doom_bringer,4414,-510,^,abyssal_underlord,3860,44,15672,16254,-582,0/2/0,league_roster,league_roster,league_roster
19696,DreamLeague Season 29,8811845697,PlayTime,BetBoom,Dire,胜,1,VE,doom_bringer,18,4414,Naruto~,tiny,3904,510,Badwater,magnataur,4117,297,16254,15672,582,1/1/0,league_roster,league_roster,league_roster
19696,DreamLeague Season 29,8811839782,Tundra,RKX,Radiant,负,0,Last Call,beastmaster,32,4842,abi eja,luna,4857,-15,underrated,kunkka,3917,925,17271,16872,399,1/1/3,league_roster,league_roster,league_roster
19696,DreamLeague Season 29,8811839782,RKX,Tundra,Dire,胜,1,abi eja,luna,25,4857,Last Call,beastmaster,4842,15,not human (животное),shredder,4262,595,16872,17271,-399,2/1/0,league_roster,league_roster,league_roster
19696,DreamLeague Season 29,8811941658,PV,NAVI,Radiant,胜,1,destroy,muerta,28,4892,winter,ursa,4127,765,ƬψƬ ☢ Sιrιus-妥,slardar,3237,1655,16692,14076,2616,0/0/0,league_roster,league_roster,league_roster
19696,DreamLeague Season 29,8811941658,NAVI,PV,Dire,负,0,winter,ursa,26,4127,destroy,muerta,4892,-765,strafe instructor,axe,4683,-556,14076,16692,-2616,0/0/1,league_roster,league_roster,league_roster
19696,DreamLeague Season 29,8811958377,PlayTime,BetBoom,Radiant,负,0,VE,tiny,23,3867,Naruto~,kez,4878,-1011,>ݒ,pangolier,4378,-511,14209,17507,-3298,0/1/0,league_roster,league_roster,league_roster
19696,DreamLeague Season 29,8811958377,BetBoom,PlayTime,Dire,胜,1,Naruto~,kez,31,4878,VE,tiny,3867,1011,^,abyssal_underlord,3299,1579,17507,14209,3298,0/0/1,league_roster,league_roster,league_roster
19696,DreamLeague Season 29,8811930872,NGX,XG,Radiant,胜,1,rin,nevermore,28,5533,@,clinkz,4374,1159,¿,shredder,3082,2451,16714,14892,1822,6/2/1,league_roster,league_roster,league_roster
19696,DreamLeague Season 29,8811930872,XG,NGX,Dire,负,0,@,clinkz,30,4374,rin,nevermore,5533,-1159,malrincyq,doom_bringer,3842,532,14892,16714,-1822,1/0/1,league_roster,league_roster,league_roster
19696,DreamLeague Season 29,8811974004,RKX,Tundra,Radiant,胜,1,"""w",naga_siren,20,4236,Last Call,monkey_king,3420,816,not human (животное),beastmaster,4074,162,17314,14584,2730,0/0/1,league_roster,league_roster,league_roster
19696,DreamLeague Season 29,8811974004,Tundra,RKX,Dire,负,0,Last Call,monkey_king,27,3420,"""w",naga_siren,4236,-816,underrated,kunkka,4640,-1220,14584,17314,-2730,0/4/0,league_roster,league_roster,league_roster
19696,DreamLeague Season 29,8812041728,BetBoom,PlayTime,Radiant,胜,1,Naruto~,kez,23,3184,VE,doom_bringer,4627,-1443,^,axe,5095,-1911,13736,16219,-2483,0/4/0,league_roster,league_roster,league_roster
19696,DreamLeague Season 29,8812041728,PlayTime,BetBoom,Dire,负,0,VE,doom_bringer,24,4627,Naruto~,kez,3184,1443,Badwater,largo,4148,479,16219,13736,2483,0/0/0,league_roster,league_roster,league_roster
19696,DreamLeague Season 29,8812138585,TSpirit,VP,Radiant,胜,1,兜圈。,kez,30,4195,nokia,life_stealer,2578,1617,saberlight,axe,3603,592,17411,12747,4664,0/1/1,league_roster,league_roster,league_roster
19696,DreamLeague Season 29,8812138585,VP,TSpirit,Dire,负,0,nokia,life_stealer,17,2578,兜圈。,kez,4195,-1617,pos3jungler,death_prophet,4792,-2214,12747,17411,-4664,0/1/1,league_roster,league_roster,league_roster
19696,DreamLeague Season 29,8812138635,FLCN,Liquid,Radiant,胜,1,`7y,ursa,28,4633,yondaime,nevermore,4369,264,50centaur,centaur,3415,1218,15879,15264,615,2/1/0,league_roster,league_roster,league_roster
19696,DreamLeague Season 29,8812138635,Liquid,FLCN,Dire,负,0,yondaime,nevermore,27,4369,`7y,ursa,4633,-264,YeS signature player,mars,3794,575,15264,15879,-615,0/1/0,league_roster,league_roster,league_roster
19696,DreamLeague Season 29,8812155277,Aurora,GL,Radiant,胜,1,tragic,doom_bringer,21,3505,鬼,drow_ranger,4764,-1259,помойка,night_stalker,3929,-424,12877,16165,-3288,2/1/0,league_roster,league_roster,league_roster
19696,DreamLeague Season 29,8812155277,GL,Aurora,Dire,负,0,鬼,drow_ranger,24,4764,tragic,doom_bringer,3505,1259,Shenorita`,shredder,2697,2067,16165,12877,3288,1/0/2,league_roster,league_roster,league_roster
19696,DreamLeague Season 29,8812138607,VG,EX-HERO,Radiant,胜,1,,tiny,22,3957,.tv/yumadota2,muerta,3520,437,GAMBOT-PARIS,tidehunter,4595,-638,17594,16540,1054,0/0/0,league_roster,league_roster,league_roster
19696,DreamLeague Season 29,8812138607,EX-HERO,VG,Dire,负,0,.tv/yumadota2,muerta,25,3520,,tiny,3957,-437,Bach,beastmaster,4711,-1191,16540,17594,-1054,0/1/0,league_roster,league_roster,league_roster
19696,DreamLeague Season 29,8812233361,VP,TSpirit,Radiant,负,0,nokia,muerta,24,3800,pJf,alchemist,4268,-468,pos3jungler,slardar,3608,192,14100,15776,-1676,0/1/0,league_roster,league_roster,league_roster
19696,DreamLeague Season 29,8812233361,TSpirit,VP,Dire,胜,1,pJf,alchemist,26,4268,nokia,muerta,3800,468,saberlight,beastmaster,3921,347,15776,14100,1676,0/1/0,league_roster,league_roster,league_roster
19696,DreamLeague Season 29,8812263063,Aurora,GL,Radiant,胜,1,tragic,windrunner,25,5024,鬼,drow_ranger,3695,1329,помойка,doom_bringer,3307,1717,16641,14231,2410,3/1/1,league_roster,league_roster,league_roster
19696,DreamLeague Season 29,8812263063,GL,Aurora,Dire,负,0,鬼,drow_ranger,18,3695,tragic,windrunner,5024,-1329,Shenorita`,largo,3507,188,14231,16641,-2410,1/4/2,league_roster,league_roster,league_roster
19696,DreamLeague Season 29,8812258249,FLCN,Liquid,Radiant,胜,1,m$,tiny,30,3998,yondaime,muerta,4042,-44,50centaur,dawnbreaker,4294,-296,15133,16140,-1007,0/0/0,league_roster,league_roster,league_roster
19696,DreamLeague Season 29,8812258249,Liquid,FLCN,Dire,负,0,yondaime,muerta,23,4042,m$,tiny,3998,44,YeS signature player,viper,4054,-12,16140,15133,1007,0/2/2,league_roster,league_roster,league_roster
19696,DreamLeague Season 29,8812274718,EX-HERO,VG,Radiant,负,0,.tv/yumadota2,life_stealer,22,3161,Roselia,drow_ranger,5067,-1906,Bach,axe,4613,-1452,12388,18007,-5619,0/2/0,league_roster,league_roster,league_roster
19696,DreamLeague Season 29,8812274718,VG,EX-HERO,Dire,胜,1,Roselia,drow_ranger,22,5067,.tv/yumadota2,life_stealer,3161,1906,GAMBOT-PARIS,shredder,3780,1287,18007,12388,5619,3/0/1,league_roster,league_roster,league_roster
19696,DreamLeague Season 29,8812989097,NAVI,PlayTime,Radiant,胜,1,winter,terrorblade,32,4290,VE,alchemist,3780,510,^,largo,3911,379,18714,14863,3851,0/2/1,league_roster,league_roster,league_roster
19696,DreamLeague Season 29,8812989097,PlayTime,NAVI,Dire,负,0,VE,alchemist,19,3780,winter,terrorblade,4290,-510,ƬψƬ ☢ Sιrιus-妥,abyssal_underlord,5374,-1594,14863,18714,-3851,0/1/1,league_roster,league_roster,league_roster
19696,DreamLeague Season 29,8812989027,NGX,PV,Radiant,负,0,rin,luna,24,4746,destroy,kez,4650,96,strafe instructor,axe,3840,906,12324,17568,-5244,1/0/0,league_roster,league_roster,league_roster
19696,DreamLeague Season 29,8812989027,PV,NGX,Dire,胜,1,destroy,kez,25,4650,rin,luna,4746,-96,malrincyq,largo,2449,2201,17568,12324,5244,2/0/2,league_roster,league_roster,league_roster
19696,DreamLeague Season 29,8812990272,XG,RKX,Radiant,胜,1,区,faceless_void,25,4562,abi eja,sven,4841,-279,underrated,axe,4857,-295,15760,15547,213,0/0/1,league_roster,league_roster,league_roster
19696,DreamLeague Season 29,8812990272,RKX,XG,Dire,负,0,abi eja,sven,22,4841,区,faceless_void,4562,279,¿,dawnbreaker,4178,663,15547,15760,-213,1/0/0,league_roster,league_roster,league_roster
19696,DreamLeague Season 29,8812989544,Tundra,BetBoom,Radiant,胜,1,Last Call,kez,25,3944,Naruto~,luna,4051,-107,Rs,tidehunter,3827,117,14082,16194,-2112,1/1/1,league_roster,league_roster,league_roster
19696,DreamLeague Season 29,8812989544,BetBoom,Tundra,Dire,负,0,Naruto~,luna,26,4051,Last Call,kez,3944,107,not human (животное),shredder,2974,1077,16194,14082,2112,0/0/4,league_roster,league_roster,league_roster
19696,DreamLeague Season 29,8813059358,RKX,XG,Radiant,负,0,abi eja,tiny,12,3829,区,alchemist,6274,-2445,¿,dawnbreaker,4308,-479,16059,18302,-2243,0/2/4,league_roster,league_roster,league_roster
19696,DreamLeague Season 29,8813059358,XG,RKX,Dire,胜,1,区,alchemist,37,6274,abi eja,tiny,3829,2445,underrated,abyssal_underlord,4677,1597,18302,16059,2243,0/0/1,league_roster,league_roster,league_roster
19696,DreamLeague Season 29,8813051930,PlayTime,NAVI,Radiant,负,0,VE,beastmaster,27,4777,winter,windrunner,4746,31,ƬψƬ ☢ Sιrιus-妥,axe,3558,1219,15735,17357,-1622,0/0/3,league_roster,league_roster,league_roster
19696,DreamLeague Season 29,8813051930,NAVI,PlayTime,Dire,胜,1,winter,windrunner,24,4746,VE,beastmaster,4777,-31,Ps,slardar,2849,1897,17357,15735,1622,0/0/0,league_roster,league_roster,league_roster
19696,DreamLeague Season 29,8813055101,PV,NGX,Radiant,胜,1,destroy,kez,28,4554,rin,gyrocopter,3733,821,malrincyq,largo,3670,884,16015,14225,1790,4/0/0,league_roster,league_roster,league_roster
19696,DreamLeague Season 29,8813055101,NGX,PV,Dire,负,0,rin,gyrocopter,27,3733,destroy,kez,4554,-821,strafe instructor,axe,3951,-218,14225,16015,-1790,1/4/1,league_roster,league_roster,league_roster
19696,DreamLeague Season 29,8813075789,BetBoom,Tundra,Radiant,胜,1,u,muerta,26,4664,Last Call,kez,4845,-181,not human (животное),doom_bringer,3343,1321,17815,17019,796,1/1/3,league_roster,league_roster,league_roster
19696,DreamLeague Season 29,8813075789,Tundra,BetBoom,Dire,负,0,Last Call,kez,27,4845,u,muerta,4664,181,Badwater,tidehunter,3548,1297,17019,17815,-796,3/0/2,league_roster,league_roster,league_roster
19696,DreamLeague Season 29,8813156153,Tundra,BetBoom,Radiant,胜,1,Last Call,windrunner,23,3391,Naruto~,dawnbreaker,2734,657,Badwater,largo,3711,-320,15474,15153,321,0/2/4,league_roster,league_roster,league_roster
19696,DreamLeague Season 29,8813156153,BetBoom,Tundra,Dire,负,0,Naruto~,dawnbreaker,18,2734,Last Call,windrunner,3391,-657,not human (животное),lycan,4508,-1774,15153,15474,-321,0/3/3,league_roster,league_roster,league_roster
19696,DreamLeague Season 29,8813239365,EX-HERO,Liquid,Radiant,负,0,.tv/yumadota2,faceless_void,26,3994,ᄔ,kez,4691,-697,50centaur,doom_bringer,4283,-289,13928,16673,-2745,1/0/2,league_roster,league_roster,league_roster
19696,DreamLeague Season 29,8813239365,Liquid,EX-HERO,Dire,胜,1,ᄔ,kez,27,4691,.tv/yumadota2,faceless_void,3994,697,GAMBOT-PARIS,tidehunter,3261,1430,16673,13928,2745,0/0/1,league_roster,league_roster,league_roster
19696,DreamLeague Season 29,8813239180,GL,VP,Radiant,负,0,鬼,ursa,24,4831,nokia,alchemist,5273,-442,saberlight,tidehunter,3309,1522,15316,15817,-501,4/0/1,league_roster,league_roster,league_roster
19696,DreamLeague Season 29,8813239180,VP,GL,Dire,胜,1,nokia,alchemist,23,5273,鬼,ursa,4831,442,помойка,largo,3404,1869,15817,15316,501,2/0/0,league_roster,league_roster,league_roster
19696,DreamLeague Season 29,8813240600,Aurora,VG,Radiant,胜,1,tragic,ursa,27,4821,ԓ,drow_ranger,4387,434,Bach,death_prophet,4463,358,17387,16169,1218,2/0/1,league_roster,league_roster,league_roster
19696,DreamLeague Season 29,8813240600,VG,Aurora,Dire,负,0,ԓ,drow_ranger,32,4387,tragic,ursa,4821,-434,:,doom_bringer,4049,338,16169,17387,-1218,0/1/1,league_roster,league_roster,league_roster
19696,DreamLeague Season 29,8813287573,TSpirit,FLCN,Radiant,胜,1,兜圈。,alchemist,16,3831,I m Going To Be The Best Carry,weaver,3563,268,YeS signature player,doom_bringer,3913,-82,15239,14650,589,1/1/3,league_roster,league_roster,league_roster
19696,DreamLeague Season 29,8813287573,FLCN,TSpirit,Dire,负,0,I m Going To Be The Best Carry,weaver,28,3563,兜圈。,alchemist,3831,-268,pos3jungler,largo,4612,-1049,14650,15239,-589,0/0/1,league_roster,league_roster,league_roster
19696,DreamLeague Season 29,8813352678,Liquid,EX-HERO,Radiant,胜,1,yondaime,tiny,26,4211,.tv/yumadota2,monkey_king,3794,417,GAMBOT-PARIS,shredder,4431,-220,16685,15528,1157,0/1/1,league_roster,league_roster,league_roster
19696,DreamLeague Season 29,8813352678,EX-HERO,Liquid,Dire,负,0,.tv/yumadota2,monkey_king,18,3794,yondaime,tiny,4211,-417,50centaur,doom_bringer,4379,-585,15528,16685,-1157,1/2/2,league_roster,league_roster,league_roster
19696,DreamLeague Season 29,8813352696,VP,GL,Radiant,负,0,nokia,windrunner,27,4067,鬼,life_stealer,4723,-656,помойка,slardar,4594,-527,14224,17181,-2957,0/0/1,league_roster,league_roster,league_roster
19696,DreamLeague Season 29,8813352696,GL,VP,Dire,胜,1,鬼,life_stealer,24,4723,nokia,windrunner,4067,656,saberlight,abyssal_underlord,4001,722,17181,14224,2957,0/0/1,league_roster,league_roster,league_roster
19696,DreamLeague Season 29,8813355676,VG,Aurora,Radiant,胜,1,Roselia,muerta,28,3791,tragic,ursa,4124,-333,`,slardar,3782,9,16050,15413,637,1/2/2,league_roster,league_roster,league_roster
19696,DreamLeague Season 29,8813355676,Aurora,VG,Dire,负,0,tragic,ursa,26,4124,Roselia,muerta,3791,333,Bach,axe,4527,-403,15413,16050,-637,3/1/2,league_roster,league_roster,league_roster
19696,DreamLeague Season 29,8813398413,FLCN,TSpirit,Radiant,胜,1,I m Going To Be The Best Carry,windrunner,31,4779,兜圈。,terrorblade,4248,531,pos3jungler,axe,4391,388,17025,16168,857,1/0/3,league_roster,league_roster,league_roster
19696,DreamLeague Season 29,8813398413,TSpirit,FLCN,Dire,负,0,兜圈。,terrorblade,21,4248,I m Going To Be The Best Carry,windrunner,4779,-531,YeS signature player,shredder,4585,-337,16168,17025,-857,1/1/0,league_roster,league_roster,league_roster
19696,DreamLeague Season 29,8813441620,VP,GL,Radiant,负,0,nokia,tiny,25,4908,鬼,luna,3815,1093,помойка,abyssal_underlord,4197,711,15140,15702,-562,1/0/1,league_roster,league_roster,league_roster
19696,DreamLeague Season 29,8813441620,GL,VP,Dire,胜,1,鬼,luna,18,3815,nokia,tiny,4908,-1093,saberlight,primal_beast,3223,592,15702,15140,562,2/1/2,league_roster,league_roster,league_roster
19696,DreamLeague Season 29,8813453376,VG,Aurora,Radiant,负,0,Roselia,medusa,22,4180,tragic,ursa,4348,-168,Shenorita`,doom_bringer,4505,-325,16289,16036,253,2/1/3,league_roster,league_roster,league_roster
19696,DreamLeague Season 29,8813453376,Aurora,VG,Dire,胜,1,tragic,ursa,31,4348,Roselia,medusa,4180,168,Bach,bristleback,3689,659,16036,16289,-253,0/0/0,league_roster,league_roster,league_roster
19696,DreamLeague Season 29,8813536582,TSpirit,FLCN,Radiant,负,0,兜圈。,kez,31,4038,I m Going To Be The Best Carry,tiny,5468,-1430,YeS signature player,shredder,3692,346,16081,17764,-1683,1/2/0,league_roster,league_roster,league_roster
19696,DreamLeague Season 29,8813536582,FLCN,TSpirit,Dire,胜,1,I m Going To Be The Best Carry,tiny,26,5468,兜圈。,kez,4038,1430,R,primal_beast,4344,1124,17764,16081,1683,2/0/2,league_roster,league_roster,league_roster
19696,DreamLeague Season 29,8813551147,NAVI,Tundra,Radiant,胜,1,winter,ursa,27,4723,Last Call,windrunner,4226,497,not human (животное),shredder,2802,1921,13403,14611,-1208,0/0/0,league_roster,league_roster,league_roster
19696,DreamLeague Season 29,8813551147,Tundra,NAVI,Dire,负,0,Last Call,windrunner,27,4226,winter,ursa,4723,-497,ƬψƬ ☢ Sιrιus-妥,centaur,3367,859,14611,13403,1208,1/1/2,league_roster,league_roster,league_roster
19696,DreamLeague Season 29,8813556518,RKX,NGX,Radiant,负,0,abi eja,kez,23,4309,0,monkey_king,4491,-182,malrincyq,axe,3639,670,15770,15020,750,2/1/2,league_roster,league_roster,league_roster
19696,DreamLeague Season 29,8813556518,NGX,RKX,Dire,胜,1,0,monkey_king,23,4491,abi eja,kez,4309,182,underrated,dawnbreaker,3681,810,15020,15770,-750,1/0/1,league_roster,league_roster,league_roster
19696,DreamLeague Season 29,8813604844,PV,PlayTime,Radiant,负,0,destroy,drow_ranger,29,4146,@:UЕ,doom_bringer,4470,-324,WZ,axe,3919,227,15827,16493,-666,0/2/0,league_roster,league_roster,league_roster
19696,DreamLeague Season 29,8813604844,PlayTime,PV,Dire,胜,1,@:UЕ,doom_bringer,28,4470,destroy,drow_ranger,4146,324,strafe instructor,slardar,3112,1358,16493,15827,666,1/2/0,league_roster,league_roster,league_roster
19696,DreamLeague Season 29,8813650766,Tundra,NAVI,Radiant,胜,1,Last Call,templar_assassin,26,4740,winter,broodmother,2630,2110,ƬψƬ ☢ Sιrιus-妥,axe,4890,-150,15534,14235,1299,0/1/1,league_roster,league_roster,league_roster
19696,DreamLeague Season 29,8813650766,NAVI,Tundra,Dire,负,0,winter,broodmother,20,2630,Last Call,templar_assassin,4740,-2110,not human (животное),largo,4366,-1736,14235,15534,-1299,0/2/1,league_roster,league_roster,league_roster
19696,DreamLeague Season 29,8813657190,NGX,RKX,Radiant,胜,1,rin,muerta,32,5195,P,mirana,5044,151,underrated,slardar,2859,2336,17225,15231,1994,4/0/3,league_roster,league_roster,league_roster
19696,DreamLeague Season 29,8813657190,RKX,NGX,Dire,负,0,P,mirana,26,5044,rin,muerta,5195,-151,malrincyq,tidehunter,3634,1410,15231,17225,-1994,3/1/3,league_roster,league_roster,league_roster
19696,DreamLeague Season 29,8813653439,BetBoom,XG,Radiant,胜,1,ܔ,kez,25,3889,区,tiny,3921,-32,¿,doom_bringer,4196,-307,16160,15621,539,0/0/1,league_roster,league_roster,league_roster
19696,DreamLeague Season 29,8813653439,XG,BetBoom,Dire,负,0,区,tiny,17,3921,ܔ,kez,3889,32,,abyssal_underlord,4636,-715,15621,16160,-539,0/1/0,league_roster,league_roster,league_roster
19696,DreamLeague Season 29,8813707883,PlayTime,PV,Radiant,负,0,J,alchemist,13,5160,destroy,tiny,5584,-424,strafe instructor,dawnbreaker,4235,925,18224,17019,1205,0/1/0,league_roster,league_roster,league_roster
19696,DreamLeague Season 29,8813707883,PV,PlayTime,Dire,胜,1,destroy,tiny,39,5584,J,alchemist,5160,424,`Kt,axe,4655,929,17019,18224,-1205,0/0/1,league_roster,league_roster,league_roster
19696,DreamLeague Season 29,8813745846,Tundra,NAVI,Radiant,负,0,Last Call,templar_assassin,26,3963,winter,monkey_king,4277,-314,ƬψƬ ☢ Sιrιus-妥,magnataur,4936,-973,16286,18330,-2044,0/0/0,league_roster,league_roster,league_roster
19696,DreamLeague Season 29,8813745846,NAVI,Tundra,Dire,胜,1,winter,monkey_king,24,4277,Last Call,templar_assassin,3963,314,not human (животное),brewmaster,4463,-186,18330,16286,2044,1/1/2,league_roster,league_roster,league_roster
19696,DreamLeague Season 29,8813775647,XG,BetBoom,Radiant,负,0,区,phantom_lancer,31,3871,Naruto~,kez,4803,-932,Badwater,primal_beast,4317,-446,14074,17969,-3895,0/1/0,league_roster,league_roster,league_roster
19696,DreamLeague Season 29,8813775647,BetBoom,XG,Dire,胜,1,Naruto~,kez,29,4803,区,phantom_lancer,3871,932,¿,shredder,4078,725,17969,14074,3895,0/0/2,league_roster,league_roster,league_roster
19696,DreamLeague Season 29,8813802531,PlayTime,PV,Radiant,胜,1,VE,necrolyte,27,4119,destroy,lone_druid,5374,-1255,strafe instructor,dawnbreaker,3394,725,17046,15899,1147,0/2/1,league_roster,league_roster,league_roster
19696,DreamLeague Season 29,8813802531,PV,PlayTime,Dire,负,0,destroy,lone_druid,34,5374,VE,necrolyte,4119,1255,p6l,beastmaster,3350,2024,15899,17046,-1147,1/0/0,league_roster,league_roster,league_roster
19696,DreamLeague Season 29,8814473986,TSpirit,EX-HERO,Radiant,胜,1,兜圈。,juggernaut,28,4779,Yuma,ursa,3246,1533,GAMBOT-PARIS,pangolier,3602,1177,18677,14171,4506,0/0/1,league_roster,league_roster,league_roster
19696,DreamLeague Season 29,8814473986,EX-HERO,TSpirit,Dire,负,0,Yuma,ursa,17,3246,兜圈。,juggernaut,4779,-1533,hV,slardar,4706,-1460,14171,18677,-4506,1/2/3,league_roster,league_roster,league_roster
19696,DreamLeague Season 29,8814473655,VG,Liquid,Radiant,胜,1,Roselia,terrorblade,26,4882,yondaime,furion,4985,-103,),slardar,3494,1388,16957,15228,1729,2/0/0,league_roster,league_roster,league_roster
19696,DreamLeague Season 29,8814473655,Liquid,VG,Dire,负,0,yondaime,furion,24,4985,Roselia,terrorblade,4882,103,Bach,doom_bringer,4219,766,15228,16957,-1729,0/1/0,league_roster,league_roster,league_roster
19696,DreamLeague Season 29,8814473618,VP,Aurora,Radiant,负,0,nokia,life_stealer,25,4122,tragic,phantom_lancer,3805,317,@f#,axe,4467,-345,16031,16134,-103,0/1/3,league_roster,league_roster,league_roster
19696,DreamLeague Season 29,8814473618,Aurora,VP,Dire,胜,1,tragic,phantom_lancer,22,3805,nokia,life_stealer,4122,-317,saberlight,slardar,3898,-93,16134,16031,103,0/1/1,league_roster,league_roster,league_roster
19696,DreamLeague Season 29,8814475396,GL,FLCN,Radiant,胜,1,鬼,lone_druid,26,4757,*~h,ursa,4566,191,YeS signature player,shredder,2807,1950,15875,14681,1194,1/0/3,league_roster,league_roster,league_roster
19696,DreamLeague Season 29,8814475396,FLCN,GL,Dire,负,0,*~h,ursa,31,4566,鬼,lone_druid,4757,-191,помойка,largo,3284,1282,14681,15875,-1194,0/1/0,league_roster,league_roster,league_roster
19696,DreamLeague Season 29,8814549253,EX-HERO,TSpirit,Radiant,负,0,Yuma,meepo,27,4467,N,tiny,3458,1009,#y,pangolier,4671,-204,16274,14745,1529,2/1/2,league_roster,league_roster,league_roster
19696,DreamLeague Season 29,8814549253,TSpirit,EX-HERO,Dire,胜,1,N,tiny,23,3458,Yuma,meepo,4467,-1009,GAMBOT-PARIS,bristleback,4412,-954,14745,16274,-1529,0/1/1,league_roster,league_roster,league_roster
19696,DreamLeague Season 29,8814554021,VG,Liquid,Radiant,负,0,Roselia,windrunner,24,4351,yondaime,tiny,3810,541,50centaur,doom_bringer,3597,754,17476,14779,2697,3/1/2,league_roster,league_roster,league_roster
19696,DreamLeague Season 29,8814554021,Liquid,VG,Dire,胜,1,yondaime,tiny,22,3810,Roselia,windrunner,4351,-541,Bach,batrider,4238,-428,14779,17476,-2697,0/1/0,league_roster,league_roster,league_roster
19696,DreamLeague Season 29,8814558995,Aurora,VP,Radiant,负,0,tragic,windrunner,24,4285,nokia,luna,3209,1076,saberlight,centaur,3654,631,17053,13562,3491,0/0/1,league_roster,league_roster,league_roster
19696,DreamLeague Season 29,8814558995,VP,Aurora,Dire,胜,1,nokia,luna,22,3209,tragic,windrunner,4285,-1076,p6n,beastmaster,4868,-1659,13562,17053,-3491,0/0/0,league_roster,league_roster,league_roster
19696,DreamLeague Season 29,8814561483,FLCN,GL,Radiant,胜,1,I m Going To Be The Best Carry,luna,46,5199,鬼,clinkz,4265,934,помойка,lycan,3870,1329,16556,15094,1462,5/0/2,league_roster,league_roster,league_roster
19696,DreamLeague Season 29,8814561483,GL,FLCN,Dire,负,0,鬼,clinkz,24,4265,I m Going To Be The Best Carry,luna,5199,-934,YeS signature player,shredder,4109,156,15094,16556,-1462,1/2/1,league_roster,league_roster,league_roster
19696,DreamLeague Season 29,8814642533,VG,Liquid,Radiant,负,0,Roselia,alchemist,24,5435,A,luna,4861,574,50centaur,pangolier,4662,773,14437,17593,-3156,0/0/0,league_roster,league_roster,league_roster
19696,DreamLeague Season 29,8814642533,Liquid,VG,Dire,胜,1,A,luna,33,4861,Roselia,alchemist,5435,-574,Bach,primal_beast,2773,2088,17593,14437,3156,2/1/2,league_roster,league_roster,league_roster
19696,DreamLeague Season 29,8814645393,VP,Aurora,Radiant,负,0,nokia,kez,14,3533,tragic,tiny,4911,-1378,Shenorita`,dawnbreaker,4740,-1207,13860,16788,-2928,2/1/0,league_roster,league_roster,league_roster
19696,DreamLeague Season 29,8814645393,Aurora,VP,Dire,胜,1,tragic,tiny,26,4911,nokia,kez,3533,1378,saberlight,tidehunter,4135,776,16788,13860,2928,1/0/1,league_roster,league_roster,league_roster
19696,DreamLeague Season 29,8814673909,FLCN,GL,Radiant,胜,1,I m Going To Be The Best Carry,luna,28,4917,鬼,muerta,3706,1211,помойка,lycan,3786,1131,18959,13861,5098,1/0/4,league_roster,league_roster,league_roster
19696,DreamLeague Season 29,8814673909,GL,FLCN,Dire,负,0,鬼,muerta,27,3706,I m Going To Be The Best Carry,luna,4917,-1211,YeS signature player,mars,4414,-708,13861,18959,-5098,1/0/0,league_roster,league_roster,league_roster
19696,DreamLeague Season 29,8814748706,PV,RKX,Radiant,胜,1,destroy,tiny,19,3793,abi eja,lone_druid,4512,-719,underrated,dawnbreaker,4204,-411,16149,16269,-120,1/2/2,league_roster,league_roster,league_roster
19696,DreamLeague Season 29,8814748706,RKX,PV,Dire,负,0,abi eja,lone_druid,20,4512,destroy,tiny,3793,719,strafe instructor,abyssal_underlord,3743,769,16269,16149,120,1/1/0,league_roster,league_roster,league_roster
19696,DreamLeague Season 29,8814775838,PlayTime,Tundra,Radiant,胜,1,VE,windrunner,28,4500,Damn,ursa,4201,299,not human (животное),batrider,2999,1501,16423,14462,1961,2/1/3,league_roster,league_roster,league_roster
19696,DreamLeague Season 29,8814775838,Tundra,PlayTime,Dire,负,0,Damn,ursa,20,4201,VE,windrunner,4500,-299,^,doom_bringer,3355,846,14462,16423,-1961,0/1/1,league_roster,league_roster,league_roster
19696,DreamLeague Season 29,8814800807,XG,NAVI,Radiant,负,0,区,drow_ranger,27,4267,winter,doom_bringer,4661,-394,ƬψƬ ☢ Sιrιus-妥,centaur,3461,806,17749,15148,2601,1/1/1,league_roster,league_roster,league_roster
19696,DreamLeague Season 29,8814800807,NAVI,XG,Dire,胜,1,winter,doom_bringer,26,4661,区,drow_ranger,4267,394,¿,dawnbreaker,4609,52,15148,17749,-2601,1/1/0,league_roster,league_roster,league_roster
19696,DreamLeague Season 29,8814771003,NGX,BetBoom,Radiant,负,0,S,terrorblade,23,3802,Naruto~,kez,4330,-528,Badwater,beastmaster,4618,-816,15271,16950,-1679,2/0/0,league_roster,league_roster,league_roster
19696,DreamLeague Season 29,8814771003,BetBoom,NGX,Dire,胜,1,Naruto~,kez,23,4330,S,terrorblade,3802,528,malrincyq,axe,4629,-299,16950,15271,1679,2/2/1,league_roster,league_roster,league_roster
19696,DreamLeague Season 29,8814858474,RKX,PV,Radiant,胜,1,abi eja,kez,20,3853,destroy,muerta,5599,-1746,strafe instructor,slardar,3315,538,13939,17373,-3434,1/1/0,league_roster,league_roster,league_roster
19696,DreamLeague Season 29,8814858474,PV,RKX,Dire,负,0,destroy,muerta,35,5599,abi eja,kez,3853,1746,underrated,primal_beast,3255,2344,17373,13939,3434,3/0/0,league_roster,league_roster,league_roster
19696,DreamLeague Season 29,8814932055,XG,NAVI,Radiant,负,0,,kez,26,3604,winter,faceless_void,4216,-612,ƬψƬ ☢ Sιrιus-妥,abyssal_underlord,3947,-343,17092,16241,851,0/0/2,league_roster,league_roster,league_roster
19696,DreamLeague Season 29,8814932055,NAVI,XG,Dire,胜,1,winter,faceless_void,24,4216,,kez,3604,612,%y,largo,4941,-725,16241,17092,-851,0/0/0,league_roster,league_roster,league_roster
19696,DreamLeague Season 29,8814885502,Tundra,PlayTime,Radiant,胜,1,Damn,windrunner,29,4763,VE,muerta,4344,419,^,abyssal_underlord,2752,2011,16226,14599,1627,3/2/5,league_roster,league_roster,league_roster
19696,DreamLeague Season 29,8814885502,PlayTime,Tundra,Dire,负,0,VE,muerta,24,4344,Damn,windrunner,4763,-419,not human (животное),tidehunter,2690,1654,14599,16226,-1627,0/0/2,league_roster,league_roster,league_roster
19696,DreamLeague Season 29,8814944245,NGX,BetBoom,Radiant,负,0,rin,medusa,21,3106,Naruto~,muerta,4516,-1410,Badwater,beastmaster,6138,-3032,13862,18350,-4488,0/1/1,league_roster,league_roster,league_roster
19696,DreamLeague Season 29,8814944245,BetBoom,NGX,Dire,胜,1,Naruto~,muerta,26,4516,rin,medusa,3106,1410,cQR,centaur,4181,335,18350,13862,4488,0/0/1,league_roster,league_roster,league_roster
19696,DreamLeague Season 29,8814994202,RKX,PV,Radiant,负,0,kj,necrolyte,28,4805,destroy,kez,4792,13,strafe instructor,axe,5595,-790,16116,18447,-2331,1/3/3,league_roster,league_roster,league_roster
19696,DreamLeague Season 29,8814994202,PV,RKX,Dire,胜,1,destroy,kez,30,4792,kj,necrolyte,4805,-13,underrated,death_prophet,4417,375,18447,16116,2331,3/0/0,league_roster,league_roster,league_roster
19696,DreamLeague Season 29,8815026096,PlayTime,Tundra,Radiant,负,0,VE,windrunner,29,3727,Damn,kez,4131,-404,not human (животное),shredder,5452,-1725,15293,16560,-1267,0/0/0,league_roster,league_roster,league_roster
19696,DreamLeague Season 29,8815026096,Tundra,PlayTime,Dire,胜,1,Damn,kez,22,4131,VE,windrunner,3727,404,^,tidehunter,3529,602,16560,15293,1267,0/0/1,league_roster,league_roster,league_roster
19696,DreamLeague Season 29,8815801127,PlayTime,XG,Radiant,胜,1,VE,necrolyte,33,5485,区,terrorblade,3801,1684,¿,axe,3982,1503,18695,14418,4277,2/1/1,league_roster,league_roster,league_roster
19696,DreamLeague Season 29,8815801127,XG,PlayTime,Dire,负,0,区,terrorblade,25,3801,VE,necrolyte,5485,-1684,o,brewmaster,3969,-168,14418,18695,-4277,1/1/0,league_roster,league_roster,league_roster
19696,DreamLeague Season 29,8815854223,PlayTime,Tundra,Radiant,负,0,VE,nevermore,26,4791,Damn,phantom_assassin,3881,910,not human (животное),largo,3563,1228,14879,14942,-63,1/0/1,league_roster,league_roster,league_roster
19696,DreamLeague Season 29,8815854223,Tundra,PlayTime,Dire,胜,1,Damn,phantom_assassin,23,3881,VE,nevermore,4791,-910,^,beastmaster,2632,1249,14942,14879,63,0/1/1,league_roster,league_roster,league_roster
19696,DreamLeague Season 29,8815912139,Tundra,XG,Radiant,胜,1,Damn,muerta,23,3875,区,luna,4091,-216,¿,abyssal_underlord,3139,736,15487,14396,1091,3/2/1,league_roster,league_roster,league_roster
19696,DreamLeague Season 29,8815912139,XG,Tundra,Dire,负,0,区,luna,21,4091,Damn,muerta,3875,216,not human (животное),doom_bringer,4664,-573,14396,15487,-1091,1/1/1,league_roster,league_roster,league_roster
19696,DreamLeague Season 29,8817062805,FLCN,Tundra,Radiant,胜,1,,windrunner,32,3578,Damn,phantom_assassin,4742,-1164,not human (животное),doom_bringer,3888,-310,16049,15169,880,1/1/5,league_roster,league_roster,league_roster
19696,DreamLeague Season 29,8817062805,Tundra,FLCN,Dire,负,0,Damn,phantom_assassin,32,4742,,windrunner,3578,1164,YeS signature player,tidehunter,4857,-115,15169,16049,-880,2/0/1,league_roster,league_roster,league_roster
19696,DreamLeague Season 29,8817145578,Tundra,FLCN,Radiant,负,0,Damn,windrunner,24,3686,I m Going To Be The Best Carry,life_stealer,4618,-932,YeS signature player,shredder,3944,-258,14351,15602,-1251,1/1/0,league_roster,league_roster,league_roster
19696,DreamLeague Season 29,8817145578,FLCN,Tundra,Dire,胜,1,I m Going To Be The Best Carry,life_stealer,33,4618,Damn,windrunner,3686,932,not human (животное),sand_king,3723,895,15602,14351,1251,1/0/0,league_roster,league_roster,league_roster
19696,DreamLeague Season 29,8817248835,Liquid,PV,Radiant,负,0,[(,windrunner,33,5602,destroy,kez,4701,901,strafe instructor,beastmaster,3754,1848,16073,16628,-555,4/1/3,league_roster,league_roster,league_roster
19696,DreamLeague Season 29,8817248835,PV,Liquid,Dire,胜,1,destroy,kez,27,4701,[(,windrunner,5602,-901,50centaur,tidehunter,3504,1197,16628,16073,555,0/0/0,league_roster,league_roster,league_roster
19696,DreamLeague Season 29,8817309538,TSpirit,BB,Radiant,胜,1,兜圈。,drow_ranger,30,5072,e,monkey_king,4542,530,Badwater,axe,2801,2271,15230,14325,905,3/0/0,league_roster,league_roster,league_roster
19696,DreamLeague Season 29,8817309538,BB,TSpirit,Dire,负,0,e,monkey_king,29,4542,兜圈。,drow_ranger,5072,-530,n<,pangolier,3012,1530,14325,15230,-905,1/0/1,league_roster,league_roster,league_roster
19696,DreamLeague Season 29,8817364827,PV,Liquid,Radiant,负,0,destroy,necrolyte,31,5829,yondaime,kez,4386,1443,50centaur,night_stalker,3509,2320,16885,15123,1762,3/0/2,league_roster,league_roster,league_roster
19696,DreamLeague Season 29,8817364827,Liquid,PV,Dire,胜,1,yondaime,kez,26,4386,destroy,necrolyte,5829,-1443,strafe instructor,shredder,3551,835,15123,16885,-1762,1/1/2,league_roster,league_roster,league_roster
19696,DreamLeague Season 29,8817437213,TSpirit,BB,Radiant,胜,1,Pѵ,nevermore,27,4563,Naruto~,monkey_king,3485,1078,Badwater,largo,3798,765,14966,13781,1185,0/0/0,league_roster,league_roster,league_roster
19696,DreamLeague Season 29,8817437213,BB,TSpirit,Dire,负,0,Naruto~,monkey_king,21,3485,Pѵ,nevermore,4563,-1078,!/,pangolier,4085,-600,13781,14966,-1185,0/1/1,league_roster,league_roster,league_roster
19696,DreamLeague Season 29,8817480844,PV,Liquid,Radiant,胜,1,destroy,terrorblade,30,5046,,nevermore,4483,563,50centaur,abyssal_underlord,3450,1596,16186,15903,283,2/0/2,league_roster,league_roster,league_roster
19696,DreamLeague Season 29,8817480844,Liquid,PV,Dire,负,0,,nevermore,31,4483,destroy,terrorblade,5046,-563,strafe instructor,shredder,3163,1320,15903,16186,-283,1/1/1,league_roster,league_roster,league_roster
19696,DreamLeague Season 29,8817588541,NAVI,Aurora,Radiant,胜,1,PC+,templar_assassin,24,5286,C+,ursa,4265,1021,C+,phoenix,3606,1680,16948,15597,1351,4/1/0,league_roster,league_roster,league_roster
19696,DreamLeague Season 29,8817588541,Aurora,NAVI,Dire,负,0,C+,ursa,24,4265,PC+,templar_assassin,5286,-1021,C+,axe,4364,-99,15597,16948,-1351,0/1/3,league_roster,league_roster,league_roster
19696,DreamLeague Season 29,8817670980,Aurora,NAVI,Radiant,胜,1,tragic,ursa,24,4313,winter,faceless_void,2999,1314,ƬψƬ ☢ Sιrιus-妥,magnataur,3202,1111,16540,13170,3370,1/0/0,league_roster,league_roster,league_roster
19696,DreamLeague Season 29,8817670980,NAVI,Aurora,Dire,负,0,winter,faceless_void,14,2999,tragic,ursa,4313,-1314,Shenorita`,dawnbreaker,4236,-1237,13170,16540,-3370,0/2/1,league_roster,league_roster,league_roster
19696,DreamLeague Season 29,8817760291,Aurora,NAVI,Radiant,胜,1,tragic,tiny,19,3822,winter,monkey_king,3806,16,N,shredder,3862,-40,17098,14529,2569,0/1/2,league_roster,league_roster,league_roster
19696,DreamLeague Season 29,8817760291,NAVI,Aurora,Dire,负,0,winter,monkey_king,26,3806,tragic,tiny,3822,-16,Shenorita`,dawnbreaker,4801,-995,14529,17098,-2569,0/1/0,league_roster,league_roster,league_roster
19696,DreamLeague Season 29,8818236072,Tundra,VP,Radiant,负,0,l\,alchemist,27,5253,nokia,muerta,5106,147,saberlight,axe,3972,1281,15217,15668,-451,0/0/1,league_roster,league_roster,league_roster
19696,DreamLeague Season 29,8818236072,VP,Tundra,Dire,胜,1,nokia,muerta,30,5106,l\,alchemist,5253,-147,not human (животное),shredder,3705,1401,15668,15217,451,2/0/0,league_roster,league_roster,league_roster
19696,DreamLeague Season 29,8818298714,VP,Tundra,Radiant,负,0,nokia,luna,22,4194,Damn,muerta,4198,-4,not human (животное),lycan,4760,-566,15399,14843,556,0/1/0,league_roster,league_roster,league_roster
19696,DreamLeague Season 29,8818298714,Tundra,VP,Dire,胜,1,Damn,muerta,19,4198,nokia,luna,4194,4,saberlight,centaur,3564,634,14843,15399,-556,1/1/1,league_roster,league_roster,league_roster
19696,DreamLeague Season 29,8818365999,VP,Tundra,Radiant,负,0,nokia,windrunner,31,5066,g\,muerta,4060,1006,Z,tidehunter,2985,2081,17267,14390,2877,1/1/2,league_roster,league_roster,league_roster
19696,DreamLeague Season 29,8818365999,Tundra,VP,Dire,胜,1,g\,muerta,22,4060,nokia,windrunner,5066,-1006,saberlight,axe,4381,-321,14390,17267,-2877,0/1/4,league_roster,league_roster,league_roster
19696,DreamLeague Season 29,8818469042,VG,BB,Radiant,负,0,\,lone_druid,28,4946,`\,drow_ranger,5080,-134,Badwater,dawnbreaker,3231,1715,15790,16564,-774,2/0/0,league_roster,league_roster,league_roster
19696,DreamLeague Season 29,8818469042,BB,VG,Dire,胜,1,`\,drow_ranger,28,5080,\,lone_druid,4946,134,\,doom_bringer,2765,2315,16564,15790,774,1/0/1,league_roster,league_roster,league_roster
19696,DreamLeague Season 29,8818592824,BB,VG,Radiant,负,0,Naruto~,muerta,26,3866,Roselia,tiny,3785,81,Bach,pangolier,3884,-18,15108,14650,458,0/0/0,league_roster,league_roster,league_roster
19696,DreamLeague Season 29,8818592824,VG,BB,Dire,胜,1,Roselia,tiny,18,3785,Naruto~,muerta,3866,-81,p\,dawnbreaker,4249,-464,14650,15108,-458,0/0/0,league_roster,league_roster,league_roster
19696,DreamLeague Season 29,8818701153,VG,BB,Radiant,负,0,Roselia,terrorblade,25,2875,Naruto~,monkey_king,4541,-1666,Badwater,brewmaster,3766,-891,13325,16033,-2708,0/3/0,league_roster,league_roster,league_roster
19696,DreamLeague Season 29,8818701153,BB,VG,Dire,胜,1,Naruto~,monkey_king,28,4541,Roselia,terrorblade,2875,1666,Bach,shredder,3425,1116,16033,13325,2708,0/0/0,league_roster,league_roster,league_roster
19696,DreamLeague Season 29,8818801707,Liquid,XG,Radiant,负,0,yondaime,tiny,19,3551,区,drow_ranger,4563,-1012,¿,dawnbreaker,4830,-1279,13672,17837,-4165,2/3/0,league_roster,league_roster,league_roster
19696,DreamLeague Season 29,8818801707,XG,Liquid,Dire,胜,1,区,drow_ranger,23,4563,yondaime,tiny,3551,1012,50centaur,slardar,3056,1507,17837,13672,4165,0/0/1,league_roster,league_roster,league_roster
19696,DreamLeague Season 29,8818882603,XG,Liquid,Radiant,负,0,区,faceless_void,20,3952,yondaime,tiny,3648,304,50centaur,tidehunter,3387,565,18473,13962,4511,0/0/0,league_roster,league_roster,league_roster
19696,DreamLeague Season 29,8818882603,Liquid,XG,Dire,胜,1,yondaime,tiny,20,3648,区,faceless_void,3952,-304,¿,dawnbreaker,5140,-1492,13962,18473,-4511,1/2/0,league_roster,league_roster,league_roster
19696,DreamLeague Season 29,8818947976,XG,Liquid,Radiant,胜,1,区,drow_ranger,22,3893,yondaime,windrunner,4282,-389,50centaur,doom_bringer,3640,253,16336,15762,574,3/2/4,league_roster,league_roster,league_roster
19696,DreamLeague Season 29,8818947976,Liquid,XG,Dire,负,0,yondaime,windrunner,27,4282,区,drow_ranger,3893,389,¿,centaur,4545,-263,15762,16336,-574,2/2/0,league_roster,league_roster,league_roster
19696,DreamLeague Season 29,8819416362,NAVI,PlayTime,Radiant,胜,1,obsession,muerta,26,4377,VE,necrolyte,5224,-847,^,largo,3865,512,16235,17192,-957,2/2/1,league_roster,league_roster,league_roster
19696,DreamLeague Season 29,8819416362,PlayTime,NAVI,Dire,负,0,VE,necrolyte,35,5224,obsession,muerta,4377,847,,axe,3628,1596,17192,16235,957,3/2/2,league_roster,league_roster,league_roster
19696,DreamLeague Season 29,8819488294,PlayTime,NAVI,Radiant,胜,1,VE,nevermore,21,4558,obsession,terrorblade,3540,1018,ƬψƬ ☢ Sιrιus-妥,abyssal_underlord,3361,1197,19922,14068,5854,1/2/2,league_roster,league_roster,league_roster
19696,DreamLeague Season 29,8819488294,NAVI,PlayTime,Dire,负,0,obsession,terrorblade,23,3540,VE,nevermore,4558,-1018,ڎ,dark_seer,5647,-2107,14068,19922,-5854,0/2/1,league_roster,league_roster,league_roster
19696,DreamLeague Season 29,8819559937,PlayTime,NAVI,Radiant,胜,1,VE,nevermore,24,3473,E,windrunner,3337,136,kp,abyssal_underlord,3982,-509,17343,14746,2597,0/0/0,league_roster,league_roster,league_roster
19696,DreamLeague Season 29,8819559937,NAVI,PlayTime,Dire,负,0,E,windrunner,17,3337,VE,nevermore,3473,-136,^,enigma,5427,-2090,14746,17343,-2597,1/2/1,league_roster,league_roster,league_roster
19696,DreamLeague Season 29,8819659855,FLCN,PV,Radiant,胜,1,I m Going To Be The Best Carry,tiny,26,4763,destroy,viper,4396,367,strafe instructor,dawnbreaker,4425,338,17572,15386,2186,1/0/1,league_roster,league_roster,league_roster
19696,DreamLeague Season 29,8819659855,PV,FLCN,Dire,负,0,destroy,viper,31,4396,I m Going To Be The Best Carry,tiny,4763,-367,YeS signature player,shredder,2957,1439,15386,17572,-2186,0/1/0,league_roster,league_roster,league_roster
19696,DreamLeague Season 29,8819762321,PV,FLCN,Radiant,胜,1,destroy,tiny,28,4819,I m Going To Be The Best Carry,lone_druid,4469,350,YeS signature player,mars,3009,1810,16295,14005,2290,3/1/2,league_roster,league_roster,league_roster
19696,DreamLeague Season 29,8819762321,FLCN,PV,Dire,负,0,I m Going To Be The Best Carry,lone_druid,27,4469,destroy,tiny,4819,-350,J6,shredder,3353,1116,14005,16295,-2290,2/1/0,league_roster,league_roster,league_roster
19696,DreamLeague Season 29,8819831686,FLCN,PV,Radiant,负,0,0,luna,29,4178,destroy,tiny,3914,264,strafe instructor,shredder,2888,1290,15050,14552,498,1/0/2,league_roster,league_roster,league_roster
19696,DreamLeague Season 29,8819831686,PV,FLCN,Dire,胜,1,destroy,tiny,21,3914,0,luna,4178,-264,@Ѷ,doom_bringer,3935,-21,14552,15050,-498,0/1/2,league_roster,league_roster,league_roster
19696,DreamLeague Season 29,8819933287,Aurora,TSpirit,Radiant,负,0,tragic,life_stealer,19,3991,兜圈。,nevermore,5030,-1039,pos3jungler,snapfire,4058,-67,13739,16381,-2642,0/0/0,league_roster,league_roster,league_roster
19696,DreamLeague Season 29,8819933287,TSpirit,Aurora,Dire,胜,1,兜圈。,nevermore,32,5030,tragic,life_stealer,3991,1039,-,doom_bringer,3438,1592,16381,13739,2642,2/0/1,league_roster,league_roster,league_roster
19696,DreamLeague Season 29,8820011939,TSpirit,Aurora,Radiant,负,0,兜圈。,furion,22,4378,tragic,doom_bringer,4120,258,HD,axe,5419,-1041,14766,16913,-2147,2/1/1,league_roster,league_roster,league_roster
19696,DreamLeague Season 29,8820011939,Aurora,TSpirit,Dire,胜,1,tragic,doom_bringer,27,4120,兜圈。,furion,4378,-258,pos3jungler,mars,4038,82,16913,14766,2147,2/1/1,league_roster,league_roster,league_roster
19696,DreamLeague Season 29,8820090629,TSpirit,Aurora,Radiant,胜,1,p9,alchemist,28,3932,z,windrunner,4242,-310,Shenorita`,dawnbreaker,4855,-923,13904,17148,-3244,0/1/3,league_roster,league_roster,league_roster
19696,DreamLeague Season 29,8820090629,Aurora,TSpirit,Dire,负,0,z,windrunner,28,4242,p9,alchemist,3932,310,`3,primal_beast,3032,1210,17148,13904,3244,1/0/1,league_roster,league_roster,league_roster
19696,DreamLeague Season 29,8820614299,XG,Tundra,Radiant,负,0,,terrorblade,22,4329,lA,kez,3700,629,PE,shredder,4038,291,15735,14345,1390,0/0/0,league_roster,league_roster,league_roster
19696,DreamLeague Season 29,8820614299,Tundra,XG,Dire,胜,1,lA,kez,18,3700,,terrorblade,4329,-629,r,beastmaster,4844,-1144,14345,15735,-1390,0/2/1,league_roster,league_roster,league_roster
19696,DreamLeague Season 29,8820696424,Tundra,XG,Radiant,负,0,0,muerta,27,3882,,furion,4190,-308,x$,shredder,4000,-118,15219,16034,-815,1/0/0,league_roster,league_roster,league_roster
19696,DreamLeague Season 29,8820696424,XG,Tundra,Dire,胜,1,,furion,19,4190,0,muerta,3882,308,%,necrolyte,4284,-94,16034,15219,815,1/1/3,league_roster,league_roster,league_roster
19696,DreamLeague Season 29,8820791846,XG,Tundra,Radiant,负,0,"""7",terrorblade,15,3414,Pr+,doom_bringer,4344,-930,not human (животное),necrolyte,5431,-2017,15986,16919,-933,0/1/0,league_roster,league_roster,league_roster
19696,DreamLeague Season 29,8820791846,Tundra,XG,Dire,胜,1,Pr+,doom_bringer,21,4344,"""7",terrorblade,3414,930,+,axe,4663,-319,16919,15986,933,0/0/4,league_roster,league_roster,league_roster
19696,DreamLeague Season 29,8820939983,PlayTime,BB,Radiant,负,0,p5/,tiny,19,4477,07,alchemist,4355,122,0g7,beastmaster,4144,333,15240,16432,-1192,0/0/1,league_roster,league_roster,league_roster
19696,DreamLeague Season 29,8820939983,BB,PlayTime,Dire,胜,1,07,alchemist,20,4355,p5/,tiny,4477,-122,k,dawnbreaker,3886,469,16432,15240,1192,2/1/2,league_roster,league_roster,league_roster
19696,DreamLeague Season 29,8821039753,PlayTime,BB,Radiant,胜,1,0o,monkey_king,26,4513,,tiny,4231,282,+)܎,beastmaster,4417,96,16004,17348,-1344,1/0/0,league_roster,league_roster,league_roster
19696,DreamLeague Season 29,8821039753,BB,PlayTime,Dire,负,0,,tiny,26,4231,0o,monkey_king,4513,-282,8)܎,abyssal_underlord,3766,465,17348,16004,1344,1/1/3,league_roster,league_roster,league_roster
19696,DreamLeague Season 29,8821169334,PlayTime,BB,Radiant,胜,1,p؎,necrolyte,22,4561,,monkey_king,4084,477,I6a,abyssal_underlord,3574,987,16491,16212,279,0/0/0,league_roster,league_roster,league_roster
19696,DreamLeague Season 29,8821169334,BB,PlayTime,Dire,负,0,,monkey_king,20,4084,p؎,necrolyte,4561,-477,O,lycan,3744,340,16212,16491,-279,0/1/2,league_roster,league_roster,league_roster
19696,DreamLeague Season 29,8821255705,Aurora,Tundra,Radiant,胜,1,`r,windrunner,26,4696,Damn,ursa,4462,234,@,largo,3344,1352,15596,15013,583,2/0/4,league_roster,league_roster,league_roster
19696,DreamLeague Season 29,8821255705,Tundra,Aurora,Dire,负,0,Damn,ursa,27,4462,`r,windrunner,4696,-234,_n,shredder,3713,749,15013,15596,-583,0/0/1,league_roster,league_roster,league_roster
19696,DreamLeague Season 29,8821342421,Tundra,Aurora,Radiant,负,0,@,nevermore,25,5363,@Ò,tiny,5110,253,?,shredder,3536,1827,17142,15708,1434,3/1/2,league_roster,league_roster,league_roster
19696,DreamLeague Season 29,8821342421,Aurora,Tundra,Dire,胜,1,@Ò,tiny,27,5110,@,nevermore,5363,-253,`@,lycan,3779,1331,15708,17142,-1434,0/0/1,league_roster,league_roster,league_roster
19696,DreamLeague Season 29,8821954344,PlayTime,FLCN,Radiant,负,0,@+S,nevermore,24,4069,@arR,life_stealer,3814,255,YeS signature player,doom_bringer,3268,801,16580,15027,1553,0/2/3,league_roster,league_roster,league_roster
19696,DreamLeague Season 29,8821954344,FLCN,PlayTime,Dire,胜,1,@arR,life_stealer,30,3814,@+S,nevermore,4069,-255,^,largo,3661,153,15027,16580,-1553,0/1/2,league_roster,league_roster,league_roster
19696,DreamLeague Season 29,8822088303,PlayTime,FLCN,Radiant,负,0,P2S,nevermore,27,4946,I m Going To Be The Best Carry,tiny,3541,1405,YeS signature player,tidehunter,2860,2086,16337,14044,2293,1/0/1,league_roster,league_roster,league_roster
19696,DreamLeague Season 29,8822088303,FLCN,PlayTime,Dire,胜,1,I m Going To Be The Best Carry,tiny,24,3541,P2S,nevermore,4946,-1405,^,viper,4204,-663,14044,16337,-2293,0/1/0,league_roster,league_roster,league_roster
19696,DreamLeague Season 29,8822238357,TSpirit,PV,Radiant,胜,1,V,faceless_void,18,3934,destroy,kez,4430,-496,strafe instructor,dawnbreaker,3529,405,17714,13738,3976,0/0/3,league_roster,league_roster,league_roster
19696,DreamLeague Season 29,8822238357,PV,TSpirit,Dire,负,0,destroy,kez,28,4430,V,faceless_void,3934,496,pos3jungler,doom_bringer,3687,743,13738,17714,-3976,1/0/0,league_roster,league_roster,league_roster
19696,DreamLeague Season 29,8822330030,PV,TSpirit,Radiant,胜,1,destroy,kez,32,4679,兜圈。,alchemist,3774,905,pos3jungler,largo,2879,1800,17059,13027,4032,0/0/0,league_roster,league_roster,league_roster
19696,DreamLeague Season 29,8822330030,TSpirit,PV,Dire,负,0,兜圈。,alchemist,16,3774,destroy,kez,4679,-905,strafe instructor,beastmaster,4142,-368,13027,17059,-4032,1/0/0,league_roster,league_roster,league_roster
19696,DreamLeague Season 29,8822412074,PV,TSpirit,Radiant,胜,1,destroy,kez,27,4785,兜圈。,doom_bringer,4736,49,pos3jungler,slardar,3192,1593,16079,15217,862,2/0/1,league_roster,league_roster,league_roster
19696,DreamLeague Season 29,8822412074,TSpirit,PV,Dire,负,0,兜圈。,doom_bringer,18,4736,destroy,kez,4785,-49,strafe instructor,viper,3707,1029,15217,16079,-862,2/0/1,league_roster,league_roster,league_roster
19696,DreamLeague Season 29,8822520406,Aurora,FLCN,Radiant,胜,1,CV,lone_druid,27,5475,I m Going To Be The Best Carry,windrunner,4411,1064,YeS signature player,shredder,3141,2334,17026,14189,2837,1/0/1,league_roster,league_roster,league_roster
19696,DreamLeague Season 29,8822520406,FLCN,Aurora,Dire,负,0,I m Going To Be The Best Carry,windrunner,35,4411,CV,lone_druid,5475,-1064,Shenorita`,slardar,3288,1123,14189,17026,-2837,1/0/1,league_roster,league_roster,league_roster
19696,DreamLeague Season 29,8822593932,FLCN,Aurora,Radiant,负,0,I m Going To Be The Best Carry,life_stealer,26,3899,tragic,ursa,4707,-808,`eV,axe,5092,-1193,14273,18008,-3735,0/1/1,league_roster,league_roster,league_roster
19696,DreamLeague Season 29,8822593932,Aurora,FLCN,Dire,胜,1,tragic,ursa,26,4707,I m Going To Be The Best Carry,life_stealer,3899,808,\V,tidehunter,3064,1643,18008,14273,3735,0/0/1,league_roster,league_roster,league_roster
19696,DreamLeague Season 29,8823502263,Aurora,TSpirit,Radiant,胜,1,A Narrow Escape,faceless_void,25,4859,WV,alchemist,5137,-278,V,primal_beast,2984,1875,16650,14514,2136,1/0/1,league_roster,league_roster,league_roster
19696,DreamLeague Season 29,8823502263,TSpirit,Aurora,Dire,负,0,WV,alchemist,23,5137,A Narrow Escape,faceless_void,4859,278,=S,doom_bringer,4082,1055,14514,16650,-2136,1/1/1,league_roster,league_roster,league_roster
19696,DreamLeague Season 29,8823581121,TSpirit,Aurora,Radiant,负,0,V,faceless_void,22,3122,V,naga_siren,4118,-996,R>S,shredder,5381,-2259,14106,16902,-2796,0/1/2,league_roster,league_roster,league_roster
19696,DreamLeague Season 29,8823581121,Aurora,TSpirit,Dire,胜,1,V,naga_siren,19,4118,V,faceless_void,3122,996,ĆV,legion_commander,4501,-383,16902,14106,2796,0/1/0,league_roster,league_roster,league_roster
19696,DreamLeague Season 29,8823789680,PV,Aurora,Radiant,胜,1,4T,nevermore,28,4888,БV,tiny,4412,476,V,shredder,2223,2665,14142,14694,-552,2/0/2,league_roster,league_roster,league_roster
19696,DreamLeague Season 29,8823789680,Aurora,PV,Dire,负,0,БV,tiny,24,4412,4T,nevermore,4888,-476,D4T,slardar,3415,997,14694,14142,552,1/0/1,league_roster,league_roster,league_roster
19696,DreamLeague Season 29,8823904596,PV,Aurora,Radiant,负,0,4U,nevermore,28,4785,;S,tiny,3905,880,Shenorita`,shredder,2522,2263,16806,15121,1685,2/1/0,league_roster,league_roster,league_roster
19696,DreamLeague Season 29,8823904596,Aurora,PV,Dire,胜,1,;S,tiny,19,3905,4U,nevermore,4785,-880,64U,slardar,4757,-852,15121,16806,-1685,0/0/0,league_roster,league_roster,league_roster
19696,DreamLeague Season 29,8824011004,PV,Aurora,Radiant,胜,1,ٌU,muerta,29,4390,*S,tiny,4823,-433,9S,largo,3779,611,15971,17108,-1137,0/0/0,league_roster,league_roster,league_roster
19696,DreamLeague Season 29,8824011004,Aurora,PV,Dire,负,0,*S,tiny,28,4823,ٌU,muerta,4390,433,UT,dawnbreaker,3498,1325,17108,15971,1137,1/0/1,league_roster,league_roster,league_roster
19696,DreamLeague Season 29,8824123966,PV,Aurora,Radiant,负,0,HV,faceless_void,24,3835,0HV,alchemist,5664,-1829,`{T,largo,4148,-313,14874,16919,-2045,0/1/0,league_roster,league_roster,league_roster
19696,DreamLeague Season 29,8824123966,Aurora,PV,Dire,胜,1,0HV,alchemist,27,5664,HV,faceless_void,3835,1829,# V,axe,3588,2076,16919,14874,2045,1/0/0,league_roster,league_roster,league_roster
19696,DreamLeague Season 29,8824218541,PV,Aurora,Radiant,胜,1,rV,gyrocopter,30,4655,A Narrow Escape,necrolyte,4771,-116,pSV,dawnbreaker,3885,770,17272,17629,-357,0/0/1,league_roster,league_roster,league_roster
19696,DreamLeague Season 29,8824218541,Aurora,PV,Dire,负,0,A Narrow Escape,necrolyte,30,4771,rV,gyrocopter,4655,116,vV,axe,4771,0,17629,17272,357,0/0/0,league_roster,league_roster,league_roster
19101,BLAST Slam VII,8825996999,PARI,OG,Radiant,胜,1,`eY,terrorblade,38,4934,СW,windrunner,5524,-590,∩ (◣_◢) ∩,phoenix,3574,1360,15691,17099,-1408,0/0/0,league_roster,league_roster,league_roster
19101,BLAST Slam VII,8825996999,OG,PARI,Dire,负,0,СW,windrunner,24,5524,`eY,terrorblade,4934,590,strafe instructor,beastmaster,3930,1594,17099,15691,1408,3/0/0,league_roster,league_roster,league_roster
19101,BLAST Slam VII,8825993964,FLCN,GLYPH,Radiant,负,0,[X,tiny,23,3951,TOXIC,windrunner,4630,-679,wsm,brewmaster,3960,-9,15993,15212,781,0/1/0,league_roster,league_roster,league_roster
19101,BLAST Slam VII,8825993964,GLYPH,FLCN,Dire,胜,1,TOXIC,windrunner,29,4630,[X,tiny,3951,679,6U,mars,3689,941,15212,15993,-781,2/0/0,league_roster,league_roster,league_roster
19101,BLAST Slam VII,8826042346,BB,LGD,Radiant,负,0,Naruto~,necrolyte,19,3297,Yuma,naga_siren,4942,-1645,Wisper,snapfire,4439,-1142,13731,17742,-4011,0/1/1,league_roster,league_roster,league_roster
19101,BLAST Slam VII,8826042346,LGD,BB,Dire,胜,1,Yuma,naga_siren,24,4942,Naruto~,necrolyte,3297,1645,Badwater,lycan,3970,972,17742,13731,4011,0/0/0,league_roster,league_roster,league_roster
19101,BLAST Slam VII,8826052816,XG,Liquid,Radiant,负,0,区,faceless_void,26,4139,yondaime,tiny,4760,-621,50centaur,night_stalker,4195,-56,15601,15876,-275,0/0/0,league_roster,league_roster,league_roster
19101,BLAST Slam VII,8826052816,Liquid,XG,Dire,胜,1,yondaime,tiny,25,4760,区,faceless_void,4139,621,¿,abyssal_underlord,3557,1203,15876,15601,275,1/0/2,league_roster,league_roster,league_roster
19101,BLAST Slam VII,8826110206,TY,TSpirit,Radiant,胜,1,arima-,nevermore,26,4856,0#Y,lone_druid,3932,924,pos3jungler,axe,4163,693,17411,15131,2280,0/1/1,league_roster,league_roster,league_roster
19101,BLAST Slam VII,8826110206,TSpirit,TY,Dire,负,0,0#Y,lone_druid,26,3932,arima-,nevermore,4856,-924,bangkok,enigma,4300,-368,15131,17411,-2280,0/0/0,league_roster,league_roster,league_roster
19101,BLAST Slam VII,8826099852,Aurora,Tundra,Radiant,胜,1,Ъ>PS,tiny,33,5363,Damn,nevermore,3914,1449,not human (животное),tidehunter,3878,1485,16396,15536,860,1/0/2,league_roster,league_roster,league_roster
19101,BLAST Slam VII,8826099852,Tundra,Aurora,Dire,负,0,Damn,nevermore,23,3914,Ъ>PS,tiny,5363,-1449,Shenorita`,axe,3275,639,15536,16396,-860,2/2/5,league_roster,league_roster,league_roster
19101,BLAST Slam VII,8826168772,FLCN,OG,Radiant,胜,1,I m Going To Be The Best Carry,necrolyte,31,5034,>>>>>>>><<<<<<<<<,muerta,4390,644,S,shredder,3685,1349,17744,14901,2843,2/0/0,league_roster,league_roster,league_roster
19101,BLAST Slam VII,8826168772,OG,FLCN,Dire,负,0,>>>>>>>><<<<<<<<<,muerta,29,4390,I m Going To Be The Best Carry,necrolyte,5034,-644,YeS signature player,pangolier,4274,116,14901,17744,-2843,1/2/1,league_roster,league_roster,league_roster
19101,BLAST Slam VII,8826189006,LGD,GLYPH,Radiant,胜,1,Yuma,necrolyte,40,5311,TOXIC,terrorblade,3778,1533,wsm,bristleback,4004,1307,17988,14635,3353,1/0/0,league_roster,league_roster,league_roster
19101,BLAST Slam VII,8826189006,GLYPH,LGD,Dire,负,0,TOXIC,terrorblade,24,3778,Yuma,necrolyte,5311,-1533,Wisper,snapfire,4796,-1018,14635,17988,-3353,0/1/0,league_roster,league_roster,league_roster
19101,BLAST Slam VII,8826258112,PARI,XG,Radiant,胜,1,destroy,juggernaut,18,4379,区,muerta,2908,1471,¿,mars,4352,27,18145,13346,4799,0/0/0,league_roster,league_roster,league_roster
19101,BLAST Slam VII,8826258112,XG,PARI,Dire,负,0,区,muerta,20,2908,destroy,juggernaut,4379,-1471,strafe instructor,slardar,5037,-2129,13346,18145,-4799,0/3/0,league_roster,league_roster,league_roster
19101,BLAST Slam VII,8826268112,Aurora,BB,Radiant,负,0,mode: m0NESY,tiny,28,3927,Naruto~,windrunner,4545,-618,Badwater,largo,4553,-626,15144,15827,-683,0/0/0,league_roster,league_roster,league_roster
19101,BLAST Slam VII,8826268112,BB,Aurora,Dire,胜,1,Naruto~,windrunner,21,4545,mode: m0NESY,tiny,3927,618,Shenorita`,centaur,3743,802,15827,15144,683,2/0/0,league_roster,league_roster,league_roster
19101,BLAST Slam VII,8826347921,TY,Liquid,Radiant,胜,1,arima-,nevermore,25,4483,@RV,windrunner,4197,286,50centaur,doom_bringer,3102,1381,15692,14237,1455,3/0/0,league_roster,league_roster,league_roster
19101,BLAST Slam VII,8826347921,Liquid,TY,Dire,负,0,@RV,windrunner,29,4197,arima-,nevermore,4483,-286,bangkok,beastmaster,3849,348,14237,15692,-1455,1/0/0,league_roster,league_roster,league_roster
19101,BLAST Slam VII,8826341985,TSpirit,Tundra,Radiant,胜,1,yatoro,nevermore,32,4847,cinderella,drow_ranger,3129,1718,not human (животное),shredder,3498,1349,15671,14999,672,2/1/1,league_roster,league_roster,league_roster
19101,BLAST Slam VII,8826341985,Tundra,TSpirit,Dire,负,0,cinderella,drow_ranger,22,3129,yatoro,nevermore,4847,-1718,pos3jungler,doom_bringer,3947,-818,14999,15671,-672,1/6/5,league_roster,league_roster,league_roster
19101,BLAST Slam VII,8826437838,XG,OG,Radiant,胜,1,区,tiny,25,4147,>>>>>>>><<<<<<<<<,luna,4909,-762,∩ (◣_◢) ∩,dawnbreaker,3775,372,16445,16159,286,1/0/1,league_roster,league_roster,league_roster
19101,BLAST Slam VII,8826437838,OG,XG,Dire,负,0,>>>>>>>><<<<<<<<<,luna,31,4909,区,tiny,4147,762,¿,beastmaster,4032,877,16159,16445,-286,0/0/0,league_roster,league_roster,league_roster
19101,BLAST Slam VII,8826468180,LGD,FLCN,Radiant,负,0,Yuma,night_stalker,26,3708,I m Going To Be The Best Carry,tiny,4063,-355,Darkness,doom_bringer,4338,-630,15728,15761,-33,1/1/4,league_roster,league_roster,league_roster
19101,BLAST Slam VII,8826468180,FLCN,LGD,Dire,胜,1,I m Going To Be The Best Carry,tiny,28,4063,Yuma,night_stalker,3708,355,S,axe,4170,-107,15761,15728,33,0/2/0,league_roster,league_roster,league_roster
19101,BLAST Slam VII,8826537048,Aurora,GLYPH,Radiant,负,0,mode: m0NESY,tiny,20,4292,TOXIC,nevermore,5290,-998,wsm,omniknight,4078,214,15705,16348,-643,1/1/1,league_roster,league_roster,league_roster
19101,BLAST Slam VII,8826537048,GLYPH,Aurora,Dire,胜,1,TOXIC,nevermore,25,5290,mode: m0NESY,tiny,4292,998,Shenorita`,tidehunter,3072,2218,16348,15705,643,2/0/1,league_roster,league_roster,league_roster
19101,BLAST Slam VII,8826591758,PARI,TY,Radiant,负,0,destroy,necrolyte,31,3982,arima-,lone_druid,5415,-1433,bangkok,phoenix,4278,-296,13547,17610,-4063,0/2/0,league_roster,league_roster,league_roster
19101,BLAST Slam VII,8826591758,TY,PARI,Dire,胜,1,arima-,lone_druid,27,5415,destroy,necrolyte,3982,1433,strafe instructor,shredder,2886,2529,17610,13547,4063,1/0/0,league_roster,league_roster,league_roster
19101,BLAST Slam VII,8826631538,Tundra,Liquid,Radiant,胜,1,cinderella,doom_bringer,13,3565,yondaime,drow_ranger,4663,-1098,50centaur,centaur,4922,-1357,14461,16638,-2177,0/3/0,league_roster,league_roster,league_roster
19101,BLAST Slam VII,8826631538,Liquid,Tundra,Dire,负,0,yondaime,drow_ranger,29,4663,cinderella,doom_bringer,3565,1098,not human (животное),largo,3897,766,16638,14461,2177,1/1/1,league_roster,league_roster,league_roster
19101,BLAST Slam VII,8826691962,TSpirit,BB,Radiant,负,0,yatoro,terrorblade,35,4916,Naruto~,life_stealer,4321,595,Badwater,lycan,3905,1011,14640,15555,-915,0/0/0,league_roster,league_roster,league_roster
19101,BLAST Slam VII,8826691962,BB,TSpirit,Dire,胜,1,Naruto~,life_stealer,28,4321,yatoro,terrorblade,4916,-595,pos3jungler,largo,3543,778,15555,14640,915,0/0/1,league_roster,league_roster,league_roster
19101,BLAST Slam VII,8827282767,XG,FLCN,Radiant,负,0,o,kez,24,3629,`b,alchemist,5426,-1797,Darkness,pangolier,4302,-673,17115,18733,-1618,0/0/0,league_roster,league_roster,league_roster
19101,BLAST Slam VII,8827282767,FLCN,XG,Dire,胜,1,`b,alchemist,33,5426,o,kez,3629,1797,,night_stalker,4537,889,18733,17115,1618,0/0/0,league_roster,league_roster,league_roster
19101,BLAST Slam VII,8827289834,LGD,Aurora,Radiant,胜,1,C,nevermore,29,5174,mode: m0NESY,alchemist,5589,-415,Shenorita`,shredder,2588,2586,16922,14353,2569,1/0/0,league_roster,league_roster,league_roster
19101,BLAST Slam VII,8827289834,Aurora,LGD,Dire,负,0,mode: m0NESY,alchemist,31,5589,C,nevermore,5174,415,Wisper,batrider,4215,1374,14353,16922,-2569,0/1/2,league_roster,league_roster,league_roster
19101,BLAST Slam VII,8827351366,OG,TY,Radiant,负,0,>>>>>>>><<<<<<<<<,tiny,26,4555,arima-,kez,4946,-391,bangkok,pangolier,4020,535,13877,17531,-3654,2/0/1,league_roster,league_roster,league_roster
19101,BLAST Slam VII,8827351366,TY,OG,Dire,胜,1,arima-,kez,26,4946,>>>>>>>><<<<<<<<<,tiny,4555,391,∩ (◣_◢) ∩,doom_bringer,3061,1885,17531,13877,3654,3/0/0,league_roster,league_roster,league_roster
19101,BLAST Slam VII,8827339763,TSpirit,GLYPH,Radiant,胜,1,yatoro,drow_ranger,28,5797,@Yx,nevermore,4447,1350,wsm,batrider,3042,2755,17390,15274,2116,2/0/2,league_roster,league_roster,league_roster
19101,BLAST Slam VII,8827339763,GLYPH,TSpirit,Dire,负,0,@Yx,nevermore,27,4447,yatoro,drow_ranger,5797,-1350,PO,mars,3527,920,15274,17390,-2116,0/0/1,league_roster,league_roster,league_roster
19101,BLAST Slam VII,8827394170,PARI,Tundra,Radiant,胜,1,destroy,faceless_void,24,4601,MdS,windrunner,4216,385,not human (животное),lycan,4224,377,16898,14566,2332,0/0/1,league_roster,league_roster,league_roster
19101,BLAST Slam VII,8827394170,Tundra,PARI,Dire,负,0,MdS,windrunner,24,4216,destroy,faceless_void,4601,-385,strafe instructor,pangolier,3604,612,14566,16898,-2332,3/2/0,league_roster,league_roster,league_roster
19101,BLAST Slam VII,8827398120,Liquid,BB,Radiant,胜,1,@*T,tiny,27,4715,,alchemist,3748,967,,lycan,3859,856,19237,13884,5353,3/1/1,league_roster,league_roster,league_roster
19101,BLAST Slam VII,8827398120,BB,Liquid,Dire,负,0,,alchemist,22,3748,@*T,tiny,4715,-967,50centaur,night_stalker,6216,-2468,13884,19237,-5353,0/4/0,league_roster,league_roster,league_roster
19101,BLAST Slam VII,8827464470,FLCN,Aurora,Radiant,胜,1,I m Going To Be The Best Carry,vengefulspirit,28,3343,mode: m0NESY,windrunner,3099,244,Shenorita`,doom_bringer,4617,-1274,14458,14405,53,0/1/2,league_roster,league_roster,league_roster
19101,BLAST Slam VII,8827464470,Aurora,FLCN,Dire,负,0,mode: m0NESY,windrunner,27,3099,I m Going To Be The Best Carry,vengefulspirit,3343,-244,Darkness,razor,4521,-1422,14405,14458,-53,1/1/0,league_roster,league_roster,league_roster
19101,BLAST Slam VII,8827492535,XG,TY,Radiant,负,0,区,kez,23,3327,s,windrunner,4640,-1313,bangkok,slardar,5161,-1834,13759,17295,-3536,1/1/0,league_roster,league_roster,league_roster
19101,BLAST Slam VII,8827492535,TY,XG,Dire,胜,1,s,windrunner,25,4640,区,kez,3327,1313,¿,magnataur,4187,453,17295,13759,3536,1/0/4,league_roster,league_roster,league_roster
19101,BLAST Slam VII,8827534616,TSpirit,LGD,Radiant,负,0,PAMd,juggernaut,23,4906,Yuma,vengefulspirit,4152,754,Wisper,batrider,3633,1273,18388,14910,3478,2/0/0,league_roster,league_roster,league_roster
19101,BLAST Slam VII,8827534616,LGD,TSpirit,Dire,胜,1,Yuma,vengefulspirit,30,4152,PAMd,juggernaut,4906,-754,pos3jungler,doom_bringer,5619,-1467,14910,18388,-3478,0/1/1,league_roster,league_roster,league_roster
19101,BLAST Slam VII,8827591403,OG,Tundra,Radiant,胜,1,I,necrolyte,36,5837,cinderella,phantom_assassin,3664,2173,not human (животное),shredder,3568,2269,15603,15761,-158,2/0/1,league_roster,league_roster,league_roster
19101,BLAST Slam VII,8827591403,Tundra,OG,Dire,负,0,cinderella,phantom_assassin,18,3664,I,necrolyte,5837,-2173,∩ (◣_◢) ∩,beastmaster,3808,-144,15761,15603,158,0/2/1,league_roster,league_roster,league_roster
19101,BLAST Slam VII,8827680462,Liquid,GLYPH,Radiant,胜,1,PF,bristleback,36,5326,TOXIC,faceless_void,4519,807,wsm,beastmaster,4823,503,18227,17068,1159,2/1/0,league_roster,league_roster,league_roster
19101,BLAST Slam VII,8827680462,GLYPH,Liquid,Dire,负,0,TOXIC,faceless_void,21,4519,PF,bristleback,5326,-807,50centaur,axe,5499,-980,17068,18227,-1159,0/0/0,league_roster,league_roster,league_roster
19101,BLAST Slam VII,8827613435,BB,PARI,Radiant,负,0,P7%,nevermore,28,4934,destroy,kez,5094,-160,strafe instructor,dawnbreaker,3231,1703,16780,16526,254,0/2/1,league_roster,league_roster,league_roster
19101,BLAST Slam VII,8827613435,PARI,BB,Dire,胜,1,destroy,kez,31,5094,P7%,nevermore,4934,160,Badwater,tidehunter,4508,586,16526,16780,-254,0/0/1,league_roster,league_roster,league_roster
19101,BLAST Slam VII,8827769920,Aurora,TSpirit,Radiant,胜,1,mode: m0NESY,tiny,15,2765,yatoro,kez,4676,-1911,pos3jungler,omniknight,4783,-2018,15186,17452,-2266,0/2/1,league_roster,league_roster,league_roster
19101,BLAST Slam VII,8827769920,TSpirit,Aurora,Dire,负,0,yatoro,kez,29,4676,mode: m0NESY,tiny,2765,1911,Shenorita`,largo,4236,440,17452,15186,2266,5/1/0,league_roster,league_roster,league_roster
19101,BLAST Slam VII,8827784459,TY,FLCN,Radiant,负,0,*S,kez,23,4294,I m Going To Be The Best Carry,tiny,4709,-415,Darkness,legion_commander,2915,1379,15507,16897,-1390,4/1/0,league_roster,league_roster,league_roster
19101,BLAST Slam VII,8827784459,FLCN,TY,Dire,胜,1,I m Going To Be The Best Carry,tiny,33,4709,*S,kez,4294,415,bangkok,pangolier,3648,1061,16897,15507,1390,0/0/2,league_roster,league_roster,league_roster
19101,BLAST Slam VII,8827888041,XG,Tundra,Radiant,负,0,)T,furion,30,3510,pT,doom_bringer,4384,-874,not human (животное),beastmaster,4596,-1086,14546,18148,-3602,1/2/2,league_roster,league_roster,league_roster
19101,BLAST Slam VII,8827888041,Tundra,XG,Dire,胜,1,pT,doom_bringer,25,4384,)T,furion,3510,874,¿,tidehunter,3950,434,18148,14546,3602,4/1/1,league_roster,league_roster,league_roster
19101,BLAST Slam VII,8827875225,LGD,Liquid,Radiant,负,0,Yuma,necrolyte,32,4671,yondaime,nevermore,4843,-172,50centaur,axe,4849,-178,15833,16070,-237,1/1/1,league_roster,league_roster,league_roster
19101,BLAST Slam VII,8827875225,Liquid,LGD,Dire,胜,1,yondaime,nevermore,28,4843,Yuma,necrolyte,4671,172,Wisper,batrider,3729,1114,16070,15833,237,1/2/0,league_roster,league_roster,league_roster
19101,BLAST Slam VII,8828562631,PARI,GLYPH,Radiant,胜,1,destroy,nevermore,31,4798,`cG,kez,5066,-268,wsm,lycan,3259,1539,19088,15122,3966,0/1/1,league_roster,league_roster,league_roster
19101,BLAST Slam VII,8828562631,GLYPH,PARI,Dire,负,0,`cG,kez,27,5066,destroy,nevermore,4798,268,strafe instructor,axe,5647,-581,15122,19088,-3966,0/0/1,league_roster,league_roster,league_roster
19101,BLAST Slam VII,8828557643,OG,BB,Radiant,负,0,>>>>>>>><<<<<<<<<,kez,18,3792,@R%,terrorblade,4563,-771,p9,axe,4630,-838,14027,16056,-2029,0/1/1,league_roster,league_roster,league_roster
19101,BLAST Slam VII,8828557643,BB,OG,Dire,胜,1,@R%,terrorblade,25,4563,>>>>>>>><<<<<<<<<,kez,3792,771,@O,night_stalker,2946,1617,16056,14027,2029,0/0/0,league_roster,league_roster,league_roster
19101,BLAST Slam VII,8828602222,FLCN,TSpirit,Radiant,胜,1,I m Going To Be The Best Carry,alchemist,25,4519,yatoro,windrunner,3838,681,pos3jungler,death_prophet,5117,-598,17151,16695,456,0/2/1,league_roster,league_roster,league_roster
19101,BLAST Slam VII,8828602222,TSpirit,FLCN,Dire,负,0,yatoro,windrunner,24,3838,I m Going To Be The Best Carry,alchemist,4519,-681,Darkness,razor,3881,-43,16695,17151,-456,0/1/2,league_roster,league_roster,league_roster
19101,BLAST Slam VII,8828608241,TY,Tundra,Radiant,胜,1,arima-,nevermore,29,5371,lost in the world,windrunner,3453,1918,not human (животное),largo,3149,2222,17136,12972,4164,1/1/1,league_roster,league_roster,league_roster
19101,BLAST Slam VII,8828608241,Tundra,TY,Dire,负,0,lost in the world,windrunner,22,3453,arima-,nevermore,5371,-1918,6,undying,3850,-397,12972,17136,-4164,1/1/2,league_roster,league_roster,league_roster
19101,BLAST Slam VII,8828662524,Aurora,Liquid,Radiant,胜,1,mode: m0NESY,tiny,21,4371,yondaime,dragon_knight,4867,-496,50centaur,abyssal_underlord,3423,948,15080,15267,-187,1/0/2,league_roster,league_roster,league_roster
19101,BLAST Slam VII,8828662524,Liquid,Aurora,Dire,负,0,yondaime,dragon_knight,28,4867,mode: m0NESY,tiny,4371,496,,dawnbreaker,3752,1115,15267,15080,187,0/0/0,league_roster,league_roster,league_roster
19101,BLAST Slam VII,8828679235,BB,XG,Radiant,胜,1,Naruto~,kez,28,4437,区,alchemist,5120,-683,¿,shredder,3682,755,14524,16313,-1789,0/0/1,league_roster,league_roster,league_roster
19101,BLAST Slam VII,8828679235,XG,BB,Dire,负,0,区,alchemist,23,5120,Naruto~,kez,4437,683,Badwater,slardar,3494,1626,16313,14524,1789,1/0/0,league_roster,league_roster,league_roster
19101,BLAST Slam VII,8828733774,GLYPH,OG,Radiant,负,0,TOXIC,monkey_king,31,4586,>>>>>>>><<<<<<<<<,terrorblade,4706,-120,@e,axe,5313,-727,16054,16234,-180,1/1/0,league_roster,league_roster,league_roster
19101,BLAST Slam VII,8828733774,OG,GLYPH,Dire,胜,1,>>>>>>>><<<<<<<<<,terrorblade,30,4706,TOXIC,monkey_king,4586,120,wsm,dark_seer,4527,179,16234,16054,180,0/0/1,league_roster,league_roster,league_roster
19101,BLAST Slam VII,8828731237,PARI,LGD,Radiant,负,0,;,muerta,23,3738,Yuma,necrolyte,6109,-2371,Wisper,enigma,4246,-508,14199,17453,-3254,0/1/0,league_roster,league_roster,league_roster
19101,BLAST Slam VII,8828731237,LGD,PARI,Dire,胜,1,Yuma,necrolyte,30,6109,;,muerta,3738,2371,strafe instructor,axe,3663,2446,17453,14199,3254,4/0/0,league_roster,league_roster,league_roster
19101,BLAST Slam VII,8828810013,XG,TSpirit,Radiant,胜,1,区,kez,28,4417,@m,tiny,3471,946,pos3jungler,slardar,2954,1463,17901,12223,5678,1/0/0,league_roster,league_roster,league_roster
19101,BLAST Slam VII,8828810013,TSpirit,XG,Dire,负,0,@m,tiny,24,3471,区,kez,4417,-946,¿,beastmaster,5404,-1933,12223,17901,-5678,0/1/1,league_roster,league_roster,league_roster
19101,BLAST Slam VII,8828847743,TY,Aurora,Radiant,负,0,arima-,luna,24,3434,P,gyrocopter,5588,-2154,Shenorita`,axe,4400,-966,14751,17277,-2526,0/2/0,league_roster,league_roster,league_roster
19101,BLAST Slam VII,8828847743,Aurora,TY,Dire,胜,1,P,gyrocopter,37,5588,arima-,luna,3434,2154,bangkok,enigma,3372,2216,17277,14751,2526,1/1/0,league_roster,league_roster,league_roster
19101,BLAST Slam VII,8828912690,Tundra,FLCN,Radiant,负,0,lost in the world,nevermore,22,4200,I m Going To Be The Best Carry,tiny,5259,-1059,Darkness,doom_bringer,3216,984,14599,17127,-2528,2/0/1,league_roster,league_roster,league_roster
19101,BLAST Slam VII,8828912690,FLCN,Tundra,Dire,胜,1,I m Going To Be The Best Carry,tiny,27,5259,lost in the world,nevermore,4200,1059,not human (животное),centaur,3675,1584,17127,14599,2528,1/0/1,league_roster,league_roster,league_roster
19101,BLAST Slam VII,8828964848,LGD,OG,Radiant,负,0,Yuma,nevermore,27,3916,>>>>>>>><<<<<<<<<,abaddon,3952,-36,∩ (◣_◢) ∩,shredder,3891,25,16060,14543,1517,1/1/2,league_roster,league_roster,league_roster
19101,BLAST Slam VII,8828964848,OG,LGD,Dire,胜,1,>>>>>>>><<<<<<<<<,abaddon,24,3952,Yuma,nevermore,3916,36,FC,axe,4166,-214,14543,16060,-1517,0/1/4,league_roster,league_roster,league_roster
19101,BLAST Slam VII,8828993295,TY,BB,Radiant,负,0,`˽,tiny,24,4079,Naruto~,windrunner,5232,-1153,w,shredder,4325,-246,14855,18798,-3943,0/0/0,league_roster,league_roster,league_roster
19101,BLAST Slam VII,8828993295,BB,TY,Dire,胜,1,Naruto~,windrunner,25,5232,`˽,tiny,4079,1153,@,phoenix,2788,2444,18798,14855,3943,1/0/7,league_roster,league_roster,league_roster
19101,BLAST Slam VII,8829074990,PARI,Aurora,Radiant,胜,1,destroy,nevermore,24,5701,mode: m0NESY,tiny,4062,1639,Shenorita`,dawnbreaker,3678,2023,18546,14925,3621,2/1/2,league_roster,league_roster,league_roster
19101,BLAST Slam VII,8829074990,Aurora,PARI,Dire,负,0,mode: m0NESY,tiny,20,4062,destroy,nevermore,5701,-1639,strafe instructor,axe,4360,-298,14925,18546,-3621,1/0/1,league_roster,league_roster,league_roster
19101,BLAST Slam VII,8829095250,TSpirit,Liquid,Radiant,胜,1,yatoro,drow_ranger,27,5727,yondaime,nevermore,4820,907,50centaur,axe,2839,2888,16750,15437,1313,4/0/0,league_roster,league_roster,league_roster
19101,BLAST Slam VII,8829095250,Liquid,TSpirit,Dire,负,0,yondaime,nevermore,24,4820,yatoro,drow_ranger,5727,-907,pos3jungler,batrider,3288,1532,15437,16750,-1313,0/0/1,league_roster,league_roster,league_roster
19101,BLAST Slam VII,8829158433,GLYPH,XG,Radiant,负,0,TOXIC,terrorblade,29,3540,],muerta,4457,-917,¿,doom_bringer,5209,-1669,13954,18101,-4147,0/4/1,league_roster,league_roster,league_roster
19101,BLAST Slam VII,8829158433,XG,GLYPH,Dire,胜,1,],muerta,24,4457,TOXIC,terrorblade,3540,917,0A,largo,3303,1154,18101,13954,4147,0/2/3,league_roster,league_roster,league_roster
19101,BLAST Slam VII,8829839467,FLCN,Liquid,Radiant,负,0,I m Going To Be The Best Carry,tiny,14,2976,y,drow_ranger,4578,-1602,50centaur,dawnbreaker,3770,-794,12295,15477,-3182,1/0/1,league_roster,league_roster,league_roster
19101,BLAST Slam VII,8829839467,Liquid,FLCN,Dire,胜,1,y,drow_ranger,25,4578,I m Going To Be The Best Carry,tiny,2976,1602,Darkness,pangolier,2791,1787,15477,12295,3182,2/1/2,league_roster,league_roster,league_roster
19101,BLAST Slam VII,8829839456,Tundra,BB,Radiant,负,0,lost in the world,kez,20,3520,(,tiny,4046,-526,T,largo,4094,-574,14879,14932,-53,0/1/0,league_roster,league_roster,league_roster
19101,BLAST Slam VII,8829839456,BB,Tundra,Dire,胜,1,(,tiny,25,4046,lost in the world,kez,3520,526,?Z,necrolyte,4942,-896,14932,14879,53,0/1/2,league_roster,league_roster,league_roster
19101,BLAST Slam VII,8829882210,PARI,TSpirit,Radiant,负,0,destroy,nevermore,26,4825,1.1,drow_ranger,4192,633,f,batrider,3186,1639,16877,13738,3139,1/1/0,league_roster,league_roster,league_roster
19101,BLAST Slam VII,8829882210,TSpirit,PARI,Dire,胜,1,1.1,drow_ranger,20,4192,destroy,nevermore,4825,-633,strafe instructor,axe,3907,285,13738,16877,-3139,0/0/1,league_roster,league_roster,league_roster
19101,BLAST Slam VII,8829902323,TY,GLYPH,Radiant,胜,1,arima-,clinkz,33,4969,TOXIC,windrunner,4584,385,8,beastmaster,3221,1748,17092,15228,1864,0/0/1,league_roster,league_roster,league_roster
19101,BLAST Slam VII,8829902323,GLYPH,TY,Dire,负,0,TOXIC,windrunner,28,4584,arima-,clinkz,4969,-385,bangkok,lycan,3764,820,15228,17092,-1864,1/0/0,league_roster,league_roster,league_roster
19101,BLAST Slam VII,8829947467,LGD,XG,Radiant,胜,1,9N,tiny,21,4028,`f,lone_druid,4736,-708,J,axe,4366,-338,15259,17027,-1768,0/0/4,league_roster,league_roster,league_roster
19101,BLAST Slam VII,8829947467,XG,LGD,Dire,负,0,`f,lone_druid,28,4736,9N,tiny,4028,708,@z@,shredder,3602,1134,17027,15259,1768,1/0/2,league_roster,league_roster,league_roster
19101,BLAST Slam VII,8829947329,Aurora,OG,Radiant,胜,1,̟,phantom_lancer,26,4209,),drow_ranger,5274,-1065,∩ (◣_◢) ∩,doom_bringer,3713,496,14953,15967,-1014,1/1/0,league_roster,league_roster,league_roster
19101,BLAST Slam VII,8829947329,OG,Aurora,Dire,负,0,),drow_ranger,31,5274,̟,phantom_lancer,4209,1065,^,axe,3352,1922,15967,14953,1014,2/0/1,league_roster,league_roster,league_roster
19101,BLAST Slam VII,8830011623,FLCN,BB,Radiant,负,0,I m Going To Be The Best Carry,windrunner,28,4384,Naruto~,kez,4277,107,N,centaur,4563,-179,16126,16724,-598,0/0/2,league_roster,league_roster,league_roster
19101,BLAST Slam VII,8830011623,BB,FLCN,Dire,胜,1,Naruto~,kez,26,4277,I m Going To Be The Best Carry,windrunner,4384,-107,Darkness,viper,4172,105,16724,16126,598,4/1/2,league_roster,league_roster,league_roster
19101,BLAST Slam VII,8830022703,PARI,Liquid,Radiant,胜,1,"@""",kez,25,3995,"G,",drow_ranger,4050,-55,50centaur,doom_bringer,3654,341,15749,14392,1357,1/1/2,league_roster,league_roster,league_roster
19101,BLAST Slam VII,8830022703,Liquid,PARI,Dire,负,0,"G,",drow_ranger,33,4050,"@""",kez,3995,55,,beastmaster,3650,400,14392,15749,-1357,1/2/0,league_roster,league_roster,league_roster
19101,BLAST Slam VII,8830092075,TSpirit,OG,Radiant,胜,1,1.1,necrolyte,27,4012,>>>>>>>><<<<<<<<<,vengefulspirit,3700,312,∩ (◣_◢) ∩,axe,3720,292,14873,13751,1122,1/1/1,league_roster,league_roster,league_roster
19101,BLAST Slam VII,8830092075,OG,TSpirit,Dire,负,0,>>>>>>>><<<<<<<<<,vengefulspirit,21,3700,1.1,necrolyte,4012,-312,pos3jungler,doom_bringer,4008,-308,13751,14873,-1122,2/2/1,league_roster,league_roster,league_roster
19101,BLAST Slam VII,8830097448,GLYPH,Tundra,Radiant,负,0,#V,nevermore,22,4716,lost in the world,templar_assassin,5144,-428,not human (животное),doom_bringer,3640,1076,14572,14429,143,1/0/0,league_roster,league_roster,league_roster
19101,BLAST Slam VII,8830097448,Tundra,GLYPH,Dire,胜,1,lost in the world,templar_assassin,30,5144,#V,nevermore,4716,428,wsm,snapfire,3146,1998,14429,14572,-143,3/0/0,league_roster,league_roster,league_roster
19101,BLAST Slam VII,8830175194,XG,Aurora,Radiant,负,0,SY,tiny,19,4049,,furion,4457,-408,Shenorita`,axe,3974,75,15002,16306,-1304,1/0/0,league_roster,league_roster,league_roster
19101,BLAST Slam VII,8830175194,Aurora,XG,Dire,胜,1,,furion,28,4457,SY,tiny,4049,408,¿,dawnbreaker,3435,1022,16306,15002,1304,1/0/1,league_roster,league_roster,league_roster
19101,BLAST Slam VII,8830280454,PARI,FLCN,Radiant,胜,1,PjJY,nevermore,26,4562,I m Going To Be The Best Carry,vengefulspirit,3173,1389,Darkness,mars,3735,827,17664,13394,4270,0/2/1,league_roster,league_roster,league_roster
19101,BLAST Slam VII,8830280454,FLCN,PARI,Dire,负,0,I m Going To Be The Best Carry,vengefulspirit,21,3173,PjJY,nevermore,4562,-1389,,axe,5190,-2017,13394,17664,-4270,0/1/0,league_roster,league_roster,league_roster
19101,BLAST Slam VII,8830206341,LGD,TY,Radiant,胜,1,E1,gyrocopter,35,5366,arima-,nevermore,4897,469,bangkok,beastmaster,3446,1920,19296,15009,4287,0/0/3,league_roster,league_roster,league_roster
19101,BLAST Slam VII,8830206341,TY,LGD,Dire,负,0,arima-,nevermore,33,4897,E1,gyrocopter,5366,-469,Wisper,snapfire,4327,570,15009,19296,-4287,2/2/0,league_roster,league_roster,league_roster
19101,BLAST Slam VII,8830423116,BB,GLYPH,Radiant,胜,1,0,monkey_king,32,4774,TOXIC,windrunner,4493,281,wsm,omniknight,2603,2171,15421,13799,1622,0/0/0,league_roster,league_roster,league_roster
19101,BLAST Slam VII,8830423116,GLYPH,BB,Dire,负,0,TOXIC,windrunner,28,4493,0,monkey_king,4774,-281,Badwater,largo,3935,558,13799,15421,-1622,0/0/0,league_roster,league_roster,league_roster
19101,BLAST Slam VII,8830442388,LGD,Tundra,Radiant,胜,1,Yuma,drow_ranger,30,5254,ׂ,nevermore,4436,818,not human (животное),tidehunter,3135,2119,15725,15759,-34,1/0/2,league_roster,league_roster,league_roster
19101,BLAST Slam VII,8830442388,Tundra,LGD,Dire,负,0,ׂ,nevermore,18,4436,Yuma,drow_ranger,5254,-818,,largo,3460,976,15759,15725,34,2/2/3,league_roster,league_roster,league_roster
19101,BLAST Slam VII,8830529631,Liquid,OG,Radiant,胜,1,yondaime,drow_ranger,24,4996,>>>>>>>><<<<<<<<<,phantom_lancer,4138,858,∩ (◣_◢) ∩,shredder,3104,1892,16320,13462,2858,3/0/0,league_roster,league_roster,league_roster
19101,BLAST Slam VII,8830529631,OG,Liquid,Dire,负,0,>>>>>>>><<<<<<<<<,phantom_lancer,22,4138,yondaime,drow_ranger,4996,-858,50centaur,slardar,3368,770,13462,16320,-2858,0/0/1,league_roster,league_roster,league_roster
19101,BLAST Slam VII,8831470213,TSpirit,OG,Radiant,胜,1,1.1,tiny,23,4027,>>>>>>>><<<<<<<<<,windrunner,3698,329,∩ (◣_◢) ∩,doom_bringer,4200,-173,16444,14665,1779,0/0/0,league_roster,league_roster,league_roster
19101,BLAST Slam VII,8831470213,OG,TSpirit,Dire,负,0,>>>>>>>><<<<<<<<<,windrunner,20,3698,1.1,tiny,4027,-329,pn,largo,5062,-1364,14665,16444,-1779,0/2/1,league_roster,league_roster,league_roster
19101,BLAST Slam VII,8831470350,Aurora,Tundra,Radiant,负,0,mode: m0NESY,windrunner,27,4348,lost in the world,ursa,5006,-658,not human (животное),largo,3546,802,14742,16332,-1590,1/0/0,league_roster,league_roster,league_roster
19101,BLAST Slam VII,8831470350,Tundra,Aurora,Dire,胜,1,lost in the world,ursa,25,5006,mode: m0NESY,windrunner,4348,658,Shenorita`,shredder,2132,2874,16332,14742,1590,3/0/1,league_roster,league_roster,league_roster
19101,BLAST Slam VII,8831571711,OG,TSpirit,Radiant,负,0,>>>>>>>><<<<<<<<<,kez,27,4466,1.1,drow_ranger,4774,-308,pos3jungler,tidehunter,4088,378,14254,15841,-1587,1/0/1,league_roster,league_roster,league_roster
19101,BLAST Slam VII,8831571711,TSpirit,OG,Dire,胜,1,1.1,drow_ranger,31,4774,>>>>>>>><<<<<<<<<,kez,4466,308,∩ (◣_◢) ∩,lycan,2732,2042,15841,14254,1587,1/0/1,league_roster,league_roster,league_roster
19101,BLAST Slam VII,8831571549,Aurora,Tundra,Radiant,胜,1,mode: m0NESY,alchemist,22,5088,E~u,dragon_knight,3748,1340,not human (животное),beastmaster,3799,1289,16162,13643,2519,3/0/1,league_roster,league_roster,league_roster
19101,BLAST Slam VII,8831571549,Tundra,Aurora,Dire,负,0,E~u,dragon_knight,23,3748,mode: m0NESY,alchemist,5088,-1340,Shenorita`,dawnbreaker,3535,213,13643,16162,-2519,0/1/1,league_roster,league_roster,league_roster
19101,BLAST Slam VII,8831663527,TSpirit,TY,Radiant,负,0,1.1,nevermore,27,4908,arima-,templar_assassin,3660,1248,bangkok,abyssal_underlord,3193,1715,16061,14482,1579,3/0/1,league_roster,league_roster,league_roster
19101,BLAST Slam VII,8831663527,TY,TSpirit,Dire,胜,1,arima-,templar_assassin,17,3660,1.1,nevermore,4908,-1248,pos3jungler,largo,4532,-872,14482,16061,-1579,0/1/1,league_roster,league_roster,league_roster
19101,BLAST Slam VII,8831674830,Aurora,Tundra,Radiant,胜,1,e,nevermore,37,5347,),necrolyte,6194,-847,not human (животное),brewmaster,2310,3037,15486,15297,189,0/0/0,league_roster,league_roster,league_roster
19101,BLAST Slam VII,8831674830,Tundra,Aurora,Dire,负,0,),necrolyte,32,6194,e,nevermore,5347,847,P,axe,3060,3134,15297,15486,-189,5/0/2,league_roster,league_roster,league_roster
19101,BLAST Slam VII,8831810450,TY,TSpirit,Radiant,胜,1,,lone_druid,29,4558,1.1,alchemist,5123,-565,pos3jungler,pangolier,3571,987,18042,14857,3185,1/1/1,league_roster,league_roster,league_roster
19101,BLAST Slam VII,8831810450,TSpirit,TY,Dire,负,0,1.1,alchemist,20,5123,,lone_druid,4558,565,,axe,4680,443,14857,18042,-3185,2/2/1,league_roster,league_roster,league_roster
19101,BLAST Slam VII,8831817474,Liquid,Aurora,Radiant,负,0,yondaime,life_stealer,18,4188,,windrunner,4588,-400,Shenorita`,axe,4178,10,14924,18060,-3136,1/1/1,league_roster,league_roster,league_roster
19101,BLAST Slam VII,8831817474,Aurora,Liquid,Dire,胜,1,,windrunner,27,4588,yondaime,life_stealer,4188,400,50centaur,dawnbreaker,3558,1030,18060,14924,3136,0/0/1,league_roster,league_roster,league_roster
19101,BLAST Slam VII,8831927547,Aurora,Liquid,Radiant,胜,1,mode: m0NESY,phantom_lancer,21,4007,,drow_ranger,4876,-869,50centaur,slardar,3872,135,14135,15793,-1658,2/0/2,league_roster,league_roster,league_roster
19101,BLAST Slam VII,8831927547,Liquid,Aurora,Dire,负,0,,drow_ranger,32,4876,mode: m0NESY,phantom_lancer,4007,869,Z,axe,3728,1148,15793,14135,1658,4/2/2,league_roster,league_roster,league_roster
