league_id,league_name,match_id,team,opponent,side,result,win,pos1_player,pos1_hero,pos1_lh_5m,pos1_networth_10m,enemy_pos1_player,enemy_pos1_hero,enemy_pos1_networth_10m,pos1_vs_enemy_pos1_diff_10m,enemy_pos3_player,enemy_pos3_hero,enemy_pos3_networth_10m,pos1_vs_enemy_pos3_diff_10m,team_networth_10m,enemy_team_networth_10m,team_networth_diff_10m,pos1_kda_10m,pos1_role_source,enemy_pos1_role_source,enemy_pos3_role_source
19696,DreamLeague Season 29,8809159511,VG,TSpirit,Radiant,负,0,pUx,kez,20,4149,兜圈。,alchemist,4475,-326,pos3jungler,primal_beast,4020,129,17009,16236,773,1/0/0,league_roster,league_roster,league_roster
19696,DreamLeague Season 29,8809159511,TSpirit,VG,Dire,胜,1,兜圈。,alchemist,23,4475,pUx,kez,4149,326,`#t.,bristleback,4642,-167,16236,17009,-773,1/1/2,league_roster,league_roster,league_roster
19696,DreamLeague Season 29,8809166456,Aurora,Liquid,Radiant,胜,1,`!,tiny,28,4594,uǍ,nevermore,5127,-533,50centaur,pangolier,3394,1200,15398,16092,-694,1/0/2,league_roster,league_roster,league_roster
19696,DreamLeague Season 29,8809166456,Liquid,Aurora,Dire,负,0,uǍ,nevermore,32,5127,`!,tiny,4594,533,Щa,magnataur,3624,1503,16092,15398,694,0/0/0,league_roster,league_roster,league_roster
19696,DreamLeague Season 29,8809158835,VP,FLCN,Radiant,胜,1,nokia,lone_druid,23,4438,,alchemist,4946,-508,,dawnbreaker,3492,946,16070,16882,-812,0/1/0,league_roster,league_roster,league_roster
19696,DreamLeague Season 29,8809158835,FLCN,VP,Dire,负,0,,alchemist,23,4946,nokia,lone_druid,4438,508,saberlight,axe,4026,920,16882,16070,812,1/1/1,league_roster,league_roster,league_roster
19696,DreamLeague Season 29,8809158915,GL,EX-ROIC,Radiant,负,0,鬼,tiny,22,3894,.tv/yumadota2,kez,4472,-578,GAMBOT-PARIS,shredder,3807,87,14278,14708,-430,0/0/0,league_roster,league_roster,league_roster
19696,DreamLeague Season 29,8809158915,EX-ROIC,GL,Dire,胜,1,.tv/yumadota2,kez,23,4472,鬼,tiny,3894,578,помойка,slardar,3373,1099,14708,14278,430,1/0/0,league_roster,league_roster,league_roster
19696,DreamLeague Season 29,8809227928,Liquid,Aurora,Radiant,胜,1,`,luna,24,4778,зݵ,windrunner,4549,229,Ǎ,largo,3908,870,17965,15528,2437,1/1/1,league_roster,league_roster,league_roster
19696,DreamLeague Season 29,8809227928,Aurora,Liquid,Dire,负,0,зݵ,windrunner,27,4549,`,luna,4778,-229,`^8,slardar,4200,349,15528,17965,-2437,0/0/1,league_roster,league_roster,league_roster
19696,DreamLeague Season 29,8809246462,EX-HERO,GL,Radiant,胜,1,.tv/yumadota2,alchemist,21,5633,鬼,chaos_knight,4134,1499,помойка,lycan,4379,1254,17546,16110,1436,3/0/0,league_roster,league_roster,league_roster
19696,DreamLeague Season 29,8809246462,GL,EX-HERO,Dire,负,0,鬼,chaos_knight,23,4134,.tv/yumadota2,alchemist,5633,-1499,GAMBOT-PARIS,tidehunter,4053,81,16110,17546,-1436,0/0/2,league_roster,league_roster,league_roster
19696,DreamLeague Season 29,8809244962,TSpirit,VG,Radiant,胜,1,兜圈。,alchemist,30,5112,D9,windrunner,4182,930,,shredder,4228,884,15700,15998,-298,0/1/0,league_roster,league_roster,league_roster
19696,DreamLeague Season 29,8809244962,VG,TSpirit,Dire,负,0,D9,windrunner,25,4182,兜圈。,alchemist,5112,-930,pos3jungler,legion_commander,3819,363,15998,15700,298,2/0/1,league_roster,league_roster,league_roster
19696,DreamLeague Season 29,8809303579,Aurora,Liquid,Radiant,负,0,0̯H,windrunner,28,5499,@,luna,4363,1136,s͠,slardar,3557,1942,18095,14762,3333,2/0/2,league_roster,league_roster,league_roster
19696,DreamLeague Season 29,8809303579,Liquid,Aurora,Dire,胜,1,@,luna,24,4363,0̯H,windrunner,5499,-1136,ڳH,abyssal_underlord,4528,-165,14762,18095,-3333,0/1/0,league_roster,league_roster,league_roster
19696,DreamLeague Season 29,8809242493,FLCN,VP,Radiant,胜,1,v:,life_stealer,24,4512,nokia,windrunner,4708,-196,saberlight,abyssal_underlord,4245,267,15429,16949,-1520,0/0/1,league_roster,league_roster,league_roster
19696,DreamLeague Season 29,8809242493,VP,FLCN,Dire,负,0,nokia,windrunner,24,4708,v:,life_stealer,4512,196,,tidehunter,4163,545,16949,15429,1520,1/0/1,league_roster,league_roster,league_roster
19696,DreamLeague Season 29,8809373469,RKX,BetBoom,Radiant,负,0,`ND,kez,22,4781,P.,tiny,4867,-86,Р!R,tidehunter,3914,867,15584,17116,-1532,0/0/1,league_roster,league_roster,league_roster
19696,DreamLeague Season 29,8809373469,BetBoom,RKX,Dire,胜,1,P.,tiny,29,4867,`ND,kez,4781,86,underrated,shredder,3840,1027,17116,15584,1532,1/1/0,league_roster,league_roster,league_roster
19696,DreamLeague Season 29,8809385333,NGX,NAVI,Radiant,负,0,jL,kez,19,3798,winter,ursa,3407,391,ƬψƬ ☢ Sιrιus-妥,axe,4896,-1098,16811,14968,1843,0/1/0,league_roster,league_roster,league_roster
19696,DreamLeague Season 29,8809385333,NAVI,NGX,Dire,胜,1,winter,ursa,13,3407,jL,kez,3798,-391,Ͼ,viper,4565,-1158,14968,16811,-1843,2/2/0,league_roster,league_roster,league_roster
19696,DreamLeague Season 29,8809412954,PV,Tundra,Radiant,胜,1,destroy,tiny,24,3993,Preacher Man,lone_druid,4727,-734,not human (животное),batrider,3727,266,15249,14806,443,0/1/0,league_roster,league_roster,league_roster
19696,DreamLeague Season 29,8809412954,Tundra,PV,Dire,负,0,Preacher Man,lone_druid,31,4727,destroy,tiny,3993,734,strafe instructor,abyssal_underlord,3098,1629,14806,15249,-443,1/0/0,league_roster,league_roster,league_roster
19696,DreamLeague Season 29,8809425113,FLCN,VP,Radiant,胜,1,pT,alchemist,25,4760,nokia,furion,4030,730,saberlight,tidehunter,4482,278,18482,16004,2478,0/0/0,league_roster,league_roster,league_roster
19696,DreamLeague Season 29,8809425113,VP,FLCN,Dire,负,0,nokia,furion,30,4030,pT,alchemist,4760,-730,fG>,shredder,5889,-1859,16004,18482,-2478,1/2/1,league_roster,league_roster,league_roster
19696,DreamLeague Season 29,8809470214,RKX,BetBoom,Radiant,负,0,yR,terrorblade,20,4301,07,life_stealer,4407,-106,W,lycan,3814,487,14189,15279,-1090,1/0/0,league_roster,league_roster,league_roster
19696,DreamLeague Season 29,8809470214,BetBoom,RKX,Dire,胜,1,07,life_stealer,24,4407,yR,terrorblade,4301,106,underrated,largo,3676,731,15279,14189,1090,2/0/0,league_roster,league_roster,league_roster
19696,DreamLeague Season 29,8809490207,NGX,NAVI,Radiant,负,0,rin,tiny,26,4179,winter,necrolyte,4955,-776,ƬψƬ ☢ Sιrιus-妥,axe,4648,-469,15834,15405,429,1/1/2,league_roster,league_roster,league_roster
19696,DreamLeague Season 29,8809490207,NAVI,NGX,Dire,胜,1,winter,necrolyte,26,4955,rin,tiny,4179,776,malrincyq,bristleback,4349,606,15405,15834,-429,2/1/1,league_roster,league_roster,league_roster
19696,DreamLeague Season 29,8809504168,PV,Tundra,Radiant,负,0,destroy,tiny,26,3883,Preacher Man,doom_bringer,5012,-1129,not human (животное),tidehunter,4439,-556,12837,17808,-4971,0/0/1,league_roster,league_roster,league_roster
19696,DreamLeague Season 29,8809504168,Tundra,PV,Dire,胜,1,Preacher Man,doom_bringer,25,5012,destroy,tiny,3883,1129,strafe instructor,largo,2828,2184,17808,12837,4971,2/0/5,league_roster,league_roster,league_roster
19696,DreamLeague Season 29,8809536007,PlayTime,XG,Radiant,负,0,{C,nevermore,30,5280,P,drow_ranger,4575,705,0A,axe,3104,2176,16784,14931,1853,1/0/1,league_roster,league_roster,league_roster
19696,DreamLeague Season 29,8809536007,XG,PlayTime,Dire,胜,1,P,drow_ranger,26,4575,{C,nevermore,5280,-705,^,primal_beast,3416,1159,14931,16784,-1853,0/0/0,league_roster,league_roster,league_roster
19696,DreamLeague Season 29,8809600367,PV,Tundra,Radiant,胜,1,destroy,phantom_lancer,23,5315,Preacher Man,doom_bringer,3479,1836,not human (животное),tidehunter,3065,2250,16322,14012,2310,4/0/0,league_roster,league_roster,league_roster
19696,DreamLeague Season 29,8809600367,Tundra,PV,Dire,负,0,Preacher Man,doom_bringer,18,3479,destroy,phantom_lancer,5315,-1836,strafe instructor,dawnbreaker,3079,400,14012,16322,-2310,1/2/1,league_roster,league_roster,league_roster
19696,DreamLeague Season 29,8809634682,XG,PlayTime,Radiant,胜,1,@+,drow_ranger,30,5309,Y>,monkey_king,3478,1831,P#,slardar,3048,2261,19703,13813,5890,1/0/0,league_roster,league_roster,league_roster
19696,DreamLeague Season 29,8809634682,PlayTime,XG,Dire,负,0,Y>,monkey_king,20,3478,@+,drow_ranger,5309,-1831,,abyssal_underlord,4848,-1370,13813,19703,-5890,0/3/0,league_roster,league_roster,league_roster
19696,DreamLeague Season 29,8809655926,VG,GL,Radiant,胜,1,I,ursa,28,4752,鬼,drow_ranger,4014,738,помойка,slardar,2883,1869,18220,12919,5301,0/0/0,league_roster,league_roster,league_roster
19696,DreamLeague Season 29,8809655926,GL,VG,Dire,负,0,鬼,drow_ranger,28,4014,I,ursa,4752,-738,|I,beastmaster,4058,-44,12919,18220,-5301,0/0/0,league_roster,league_roster,league_roster
19696,DreamLeague Season 29,8809656567,Aurora,FLCN,Radiant,负,0,tragic,ursa,23,3416,,alchemist,4672,-1256,0Є,razor,4230,-814,15098,16657,-1559,0/0/0,league_roster,league_roster,league_roster
19696,DreamLeague Season 29,8809656567,FLCN,Aurora,Dire,胜,1,,alchemist,22,4672,tragic,ursa,3416,1256,gD,dawnbreaker,4767,-95,16657,15098,1559,0/1/0,league_roster,league_roster,league_roster
19696,DreamLeague Season 29,8809696561,Liquid,TSpirit,Radiant,负,0,0&,kez,24,4685,兜圈。,terrorblade,4343,342,pos3jungler,axe,4144,541,17079,16022,1057,2/0/1,league_roster,league_roster,league_roster
19696,DreamLeague Season 29,8809696561,TSpirit,Liquid,Dire,胜,1,兜圈。,terrorblade,25,4343,0&,kez,4685,-342,,tidehunter,3830,513,16022,17079,-1057,0/2/0,league_roster,league_roster,league_roster
19696,DreamLeague Season 29,8809710774,VP,EX-HERO,Radiant,胜,1,nokia,terrorblade,26,4355,.tv/yumadota2,tiny,4354,1,GAMBOT-PARIS,lycan,3949,406,14391,16746,-2355,1/1/0,league_roster,league_roster,league_roster
19696,DreamLeague Season 29,8809710774,EX-HERO,VP,Dire,负,0,.tv/yumadota2,tiny,15,4354,nokia,terrorblade,4355,-1,saberlight,tidehunter,3691,663,16746,14391,2355,2/0/1,league_roster,league_roster,league_roster
19696,DreamLeague Season 29,8809726019,GL,VG,Radiant,负,0,鬼,faceless_void,24,4423,`,muerta,4716,-293,@v,batrider,3353,1070,17334,16688,646,0/0/1,league_roster,league_roster,league_roster
19696,DreamLeague Season 29,8809726019,VG,GL,Dire,胜,1,`,muerta,23,4716,鬼,faceless_void,4423,293,помойка,axe,4236,480,16688,17334,-646,0/1/1,league_roster,league_roster,league_roster
19696,DreamLeague Season 29,8809747666,FLCN,Aurora,Radiant,胜,1,ֺS,luna,27,4170,@S,furion,4052,118,@HS,mars,3212,958,17343,14528,2815,1/1/3,league_roster,league_roster,league_roster
19696,DreamLeague Season 29,8809747666,Aurora,FLCN,Dire,负,0,@S,furion,33,4052,ֺS,luna,4170,-118,pS,doom_bringer,5789,-1737,14528,17343,-2815,1/2/1,league_roster,league_roster,league_roster
19696,DreamLeague Season 29,8809797141,VP,EX-HERO,Radiant,胜,1,nokia,tiny,25,4801,.tv/yumadota2,ursa,5414,-613,GAMBOT-PARIS,doom_bringer,3018,1783,15380,14704,676,2/0/2,league_roster,league_roster,league_roster
19696,DreamLeague Season 29,8809797141,EX-HERO,VP,Dire,负,0,.tv/yumadota2,ursa,20,5414,nokia,tiny,4801,613,saberlight,beastmaster,3156,2258,14704,15380,-676,5/0/0,league_roster,league_roster,league_roster
19696,DreamLeague Season 29,8809802771,TSpirit,Liquid,Radiant,负,0,兜圈。,phantom_lancer,22,4027,0;@,kez,4402,-375,p3,doom_bringer,3863,164,14444,16553,-2109,0/0/0,league_roster,league_roster,league_roster
19696,DreamLeague Season 29,8809802771,Liquid,TSpirit,Dire,胜,1,0;@,kez,28,4402,兜圈。,phantom_lancer,4027,375,pos3jungler,tidehunter,3816,586,16553,14444,2109,0/0/1,league_roster,league_roster,league_roster
19696,DreamLeague Season 29,8809888784,Liquid,TSpirit,Radiant,负,0,4,muerta,25,3355,兜圈。,faceless_void,4024,-669,pos3jungler,death_prophet,3387,-32,13950,15240,-1290,1/1/1,league_roster,league_roster,league_roster
19696,DreamLeague Season 29,8809888784,TSpirit,Liquid,Dire,胜,1,兜圈。,faceless_void,25,4024,4,muerta,3355,669,Wb[,abyssal_underlord,3685,339,15240,13950,1290,1/1/2,league_roster,league_roster,league_roster
19696,DreamLeague Season 29,8810373967,PV,BetBoom,Radiant,胜,1,destroy,necrolyte,21,5018,",",alchemist,4486,532,@,axe,3265,1753,17251,15918,1333,2/1/0,league_roster,league_roster,league_roster
19696,DreamLeague Season 29,8810373967,BetBoom,PV,Dire,负,0,",",alchemist,22,4486,destroy,necrolyte,5018,-532,strafe instructor,dawnbreaker,5000,-514,15918,17251,-1333,1/0/1,league_roster,league_roster,league_roster
19696,DreamLeague Season 29,8810373970,RKX,NAVI,Radiant,胜,1,,naga_siren,25,4627,winter,monkey_king,4247,380,ƬψƬ ☢ Sιrιus-妥,bristleback,5313,-686,15859,16800,-941,1/2/0,league_roster,league_roster,league_roster
19696,DreamLeague Season 29,8810373970,NAVI,RKX,Dire,负,0,winter,monkey_king,23,4247,,naga_siren,4627,-380,underrated,abyssal_underlord,4186,61,16800,15859,941,1/0/0,league_roster,league_roster,league_roster
19696,DreamLeague Season 29,8810373959,XG,Tundra,Radiant,胜,1,U>,drow_ranger,22,4274,Last Call,kez,4054,220,not human (животное),brewmaster,2438,1836,15831,13833,1998,1/0/1,league_roster,league_roster,league_roster
19696,DreamLeague Season 29,8810373959,Tundra,XG,Dire,负,0,Last Call,kez,24,4054,U>,drow_ranger,4274,-220,@h,doom_bringer,3485,569,13833,15831,-1998,1/1/0,league_roster,league_roster,league_roster
19696,DreamLeague Season 29,8810373935,PlayTime,NGX,Radiant,胜,1,@T,kez,21,3399,=,muerta,3775,-376,`8M,axe,4170,-771,15769,15367,402,0/2/0,league_roster,league_roster,league_roster
19696,DreamLeague Season 29,8810373935,NGX,PlayTime,Dire,负,0,=,muerta,27,3775,@T,kez,3399,376,d,doom_bringer,4380,-605,15367,15769,-402,0/0/0,league_roster,league_roster,league_roster
19696,DreamLeague Season 29,8810429061,PV,BetBoom,Radiant,负,0,destroy,storm_spirit,31,4528,p,monkey_king,4668,-140,0K,pangolier,3244,1284,15313,16550,-1237,2/2/2,league_roster,league_roster,league_roster
19696,DreamLeague Season 29,8810429061,BetBoom,PV,Dire,胜,1,p,monkey_king,27,4668,destroy,storm_spirit,4528,140,strafe instructor,dawnbreaker,3237,1431,16550,15313,1237,1/0/0,league_roster,league_roster,league_roster
19696,DreamLeague Season 29,8810441572,RKX,NAVI,Radiant,负,0,pW,faceless_void,17,3949,winter,windrunner,5531,-1582,ƬψƬ ☢ Sιrιus-妥,abyssal_underlord,4810,-861,14270,18309,-4039,1/0/3,league_roster,league_roster,league_roster
19696,DreamLeague Season 29,8810441572,NAVI,RKX,Dire,胜,1,winter,windrunner,24,5531,pW,faceless_void,3949,1582,underrated,centaur,3140,2391,18309,14270,4039,5/0/5,league_roster,league_roster,league_roster
19696,DreamLeague Season 29,8810453731,NGX,PlayTime,Radiant,负,0,rin,terrorblade,28,4721,pxA,necrolyte,5290,-569,Qo,tidehunter,4058,663,15861,17424,-1563,2/0/1,league_roster,league_roster,league_roster
19696,DreamLeague Season 29,8810453731,PlayTime,NGX,Dire,胜,1,pxA,necrolyte,35,5290,rin,terrorblade,4721,569,҉,axe,3379,1911,17424,15861,1563,2/1/0,league_roster,league_roster,league_roster
19696,DreamLeague Season 29,8810506148,PV,BetBoom,Radiant,胜,1,destroy,terrorblade,26,4430,`;,alchemist,4830,-400,L,tidehunter,3203,1227,16757,14909,1848,0/0/0,league_roster,league_roster,league_roster
19696,DreamLeague Season 29,8810506148,BetBoom,PV,Dire,负,0,`;,alchemist,19,4830,destroy,terrorblade,4430,400,strafe instructor,largo,4612,218,14909,16757,-1848,0/0/0,league_roster,league_roster,league_roster
19696,DreamLeague Season 29,8810508497,RKX,NAVI,Radiant,负,0,,tiny,27,4817,winter,windrunner,3739,1078,ƬψƬ ☢ Sιrιus-妥,axe,4612,205,17224,16066,1158,1/0/3,league_roster,league_roster,league_roster
19696,DreamLeague Season 29,8810508497,NAVI,RKX,Dire,胜,1,winter,windrunner,17,3739,,tiny,4817,-1078,underrated,slardar,4038,-299,16066,17224,-1158,0/2/3,league_roster,league_roster,league_roster
19696,DreamLeague Season 29,8810452708,Tundra,XG,Radiant,负,0,Last Call,muerta,29,4061,`ҹ,kez,4578,-517,@p,brewmaster,3370,691,14757,16114,-1357,0/1/3,league_roster,league_roster,league_roster
19696,DreamLeague Season 29,8810452708,XG,Tundra,Dire,胜,1,`ҹ,kez,26,4578,Last Call,muerta,4061,517,not human (животное),largo,3250,1328,16114,14757,1357,0/1/1,league_roster,league_roster,league_roster
19696,DreamLeague Season 29,8810600432,TSpirit,Aurora,Radiant,胜,1,兜圈。,kez,32,5309,Pĩ,doom_bringer,3733,1576,pP,magnataur,2770,2539,17098,13602,3496,1/0/0,league_roster,league_roster,league_roster
19696,DreamLeague Season 29,8810600432,Aurora,TSpirit,Dire,负,0,Pĩ,doom_bringer,19,3733,兜圈。,kez,5309,-1576,pos3jungler,largo,3561,172,13602,17098,-3496,0/2/1,league_roster,league_roster,league_roster
19696,DreamLeague Season 29,8810636217,VP,VG,Radiant,胜,1,nokia,life_stealer,24,4786,>,juggernaut,4234,552,=,pangolier,3717,1069,16147,15404,743,2/1/1,league_roster,league_roster,league_roster
19696,DreamLeague Season 29,8810636217,VG,VP,Dire,负,0,>,juggernaut,21,4234,nokia,life_stealer,4786,-552,saberlight,tidehunter,3740,494,15404,16147,-743,0/0/0,league_roster,league_roster,league_roster
19696,DreamLeague Season 29,8810614945,EX-HERO,FLCN,Radiant,负,0,.tv/yumadota2,ursa,21,4155,1,windrunner,4793,-638,YeS signature player,razor,4930,-775,14920,17729,-2809,3/2/2,league_roster,league_roster,league_roster
19696,DreamLeague Season 29,8810614945,FLCN,EX-HERO,Dire,胜,1,1,windrunner,28,4793,.tv/yumadota2,ursa,4155,638,GAMBOT-PARIS,shredder,3447,1346,17729,14920,2809,0/0/3,league_roster,league_roster,league_roster
19696,DreamLeague Season 29,8810642364,GL,Liquid,Radiant,负,0,鬼,luna,18,4065,yondaime,kez,4550,-485,,centaur,4353,-288,13602,17696,-4094,0/1/0,league_roster,league_roster,league_roster
19696,DreamLeague Season 29,8810642364,Liquid,GL,Dire,胜,1,yondaime,kez,23,4550,鬼,luna,4065,485,помойка,doom_bringer,3321,1229,17696,13602,4094,1/1/3,league_roster,league_roster,league_roster
19696,DreamLeague Season 29,8810706519,Aurora,TSpirit,Radiant,负,0,,faceless_void,16,3374,兜圈。,alchemist,3975,-601,pos3jungler,doom_bringer,4659,-1285,15517,15872,-355,0/0/2,league_roster,league_roster,league_roster
19696,DreamLeague Season 29,8810706519,TSpirit,Aurora,Dire,胜,1,兜圈。,alchemist,22,3975,,faceless_void,3374,601,pf,centaur,4045,-70,15872,15517,355,1/1/2,league_roster,league_roster,league_roster
19696,DreamLeague Season 29,8810741766,VP,VG,Radiant,胜,1,nokia,tiny,28,4917,,faceless_void,4174,743,T,dawnbreaker,4329,588,17110,15521,1589,0/0/0,league_roster,league_roster,league_roster
19696,DreamLeague Season 29,8810741766,VG,VP,Dire,负,0,,faceless_void,21,4174,nokia,tiny,4917,-743,saberlight,magnataur,3890,284,15521,17110,-1589,1/0/0,league_roster,league_roster,league_roster
19696,DreamLeague Season 29,8810753165,EX-HERO,FLCN,Radiant,负,0,.tv/yumadota2,terrorblade,19,3861,D,life_stealer,3604,257,PZe,abyssal_underlord,4291,-430,16990,16002,988,0/2/1,league_roster,league_roster,league_roster
19696,DreamLeague Season 29,8810753165,FLCN,EX-HERO,Dire,胜,1,D,life_stealer,26,3604,.tv/yumadota2,terrorblade,3861,-257,GAMBOT-PARIS,kunkka,5172,-1568,16002,16990,-988,0/1/0,league_roster,league_roster,league_roster
19696,DreamLeague Season 29,8810792178,Liquid,GL,Radiant,胜,1,*,troll_warlord,28,4972,鬼,faceless_void,4535,437,помойка,lycan,2931,2041,18574,14221,4353,0/0/1,league_roster,league_roster,league_roster
19696,DreamLeague Season 29,8810792178,GL,Liquid,Dire,负,0,鬼,faceless_void,19,4535,*,troll_warlord,4972,-437,,dawnbreaker,4664,-129,14221,18574,-4353,2/0/0,league_roster,league_roster,league_roster
19696,DreamLeague Season 29,8810894235,PV,XG,Radiant,负,0,destroy,monkey_king,29,4779,!gD,lone_druid,4190,589,J,shredder,4126,653,17024,15411,1613,1/1/0,league_roster,league_roster,league_roster
19696,DreamLeague Season 29,8810894235,XG,PV,Dire,胜,1,!gD,lone_druid,25,4190,destroy,monkey_king,4779,-589,strafe instructor,beastmaster,4506,-316,15411,17024,-1613,0/0/1,league_roster,league_roster,league_roster
19696,DreamLeague Season 29,8810894092,NAVI,BetBoom,Radiant,胜,1,winter,ursa,15,3974,P(<,life_stealer,4591,-617,B,mars,3979,-5,15036,16963,-1927,0/0/0,league_roster,league_roster,league_roster
19696,DreamLeague Season 29,8810894092,BetBoom,NAVI,Dire,负,0,P(<,life_stealer,26,4591,winter,ursa,3974,617,ƬψƬ ☢ Sιrιus-妥,axe,4201,390,16963,15036,1927,0/0/2,league_roster,league_roster,league_roster
19696,DreamLeague Season 29,8810895940,NGX,Tundra,Radiant,负,0,P6,templar_assassin,13,3187,Last Call,kez,4059,-872,not human (животное),doom_bringer,4536,-1349,13979,16030,-2051,0/1/2,league_roster,league_roster,league_roster
19696,DreamLeague Season 29,8810895940,Tundra,NGX,Dire,胜,1,Last Call,kez,25,4059,P6,templar_assassin,3187,872,GA,slardar,3391,668,16030,13979,2051,1/0/2,league_roster,league_roster,league_roster
19696,DreamLeague Season 29,8810894132,RKX,PlayTime,Radiant,负,0,!?,necrolyte,29,5100,(<,tiny,4713,387,`m¼,axe,2832,2268,17896,15265,2631,2/1/0,league_roster,league_roster,league_roster
19696,DreamLeague Season 29,8810894132,PlayTime,RKX,Dire,胜,1,(<,tiny,24,4713,!?,necrolyte,5100,-387,underrated,pangolier,4502,211,15265,17896,-2631,1/0/1,league_roster,league_roster,league_roster
19696,DreamLeague Season 29,8810990695,BetBoom,NAVI,Radiant,负,0,0K<,necrolyte,29,5291,winter,faceless_void,3985,1306,ƬψƬ ☢ Sιrιus-妥,axe,4092,1199,16893,14544,2349,2/0/1,league_roster,league_roster,league_roster
19696,DreamLeague Season 29,8810990695,NAVI,BetBoom,Dire,胜,1,winter,faceless_void,18,3985,0K<,necrolyte,5291,-1306,17 mind,dawnbreaker,4450,-465,14544,16893,-2349,0/0/0,league_roster,league_roster,league_roster
19696,DreamLeague Season 29,8810991986,NGX,Tundra,Radiant,胜,1,97,tiny,24,4382,Last Call,kez,5166,-784,not human (животное),largo,3723,659,17213,15855,1358,1/0/0,league_roster,league_roster,league_roster
19696,DreamLeague Season 29,8810991986,Tundra,NGX,Dire,负,0,Last Call,kez,25,5166,97,tiny,4382,784,@,tidehunter,4941,225,15855,17213,-1358,1/0/2,league_roster,league_roster,league_roster
19696,DreamLeague Season 29,8811000876,RKX,PlayTime,Radiant,负,0,'MC,terrorblade,20,3986,`b,monkey_king,4873,-887,,doom_bringer,4212,-226,16013,18961,-2948,2/2/2,league_roster,league_roster,league_roster
19696,DreamLeague Season 29,8811000876,PlayTime,RKX,Dire,胜,1,`b,monkey_king,21,4873,'MC,terrorblade,3986,887,underrated,slardar,3922,951,18961,16013,2948,2/0/5,league_roster,league_roster,league_roster
19696,DreamLeague Season 29,8810989536,PV,XG,Radiant,胜,1,destroy,tiny,23,3803,区,lone_druid,4083,-280,pՌ,bristleback,4250,-447,14395,15453,-1058,1/1/0,league_roster,league_roster,league_roster
19696,DreamLeague Season 29,8810989536,XG,PV,Dire,负,0,区,lone_druid,17,4083,destroy,tiny,3803,280,strafe instructor,dawnbreaker,3360,723,15453,14395,1058,0/0/0,league_roster,league_roster,league_roster
19696,DreamLeague Season 29,8811075585,Tundra,NGX,Radiant,胜,1,Last Call,windrunner,20,4018,8,tiny,4893,-875,@zW,magnataur,3722,296,16412,15919,493,2/1/2,league_roster,league_roster,league_roster
19696,DreamLeague Season 29,8811075585,NGX,Tundra,Dire,负,0,8,tiny,27,4893,Last Call,windrunner,4018,875,not human (животное),largo,3770,1123,15919,16412,-493,1/0/0,league_roster,league_roster,league_roster
19696,DreamLeague Season 29,8811095968,PV,XG,Radiant,胜,1,destroy,muerta,30,4280,慖,phantom_assassin,4299,-19,0V,slardar,3089,1191,16418,14608,1810,0/0/2,league_roster,league_roster,league_roster
19696,DreamLeague Season 29,8811095968,XG,PV,Dire,负,0,慖,phantom_assassin,31,4299,destroy,muerta,4280,19,strafe instructor,beastmaster,4185,114,14608,16418,-1810,1/2/1,league_roster,league_roster,league_roster
19696,DreamLeague Season 29,8811620119,Aurora,EX-HERO,Radiant,胜,1,6,tiny,19,4455,.tv/yumadota2,alchemist,4465,-10,GAMBOT-PARIS,viper,3179,1276,16740,13805,2935,2/0/2,league_roster,league_roster,league_roster
19696,DreamLeague Season 29,8811620119,EX-HERO,Aurora,Dire,负,0,.tv/yumadota2,alchemist,19,4465,6,tiny,4455,10,Shenorita`,doom_bringer,4499,-34,13805,16740,-2935,1/0/0,league_roster,league_roster,league_roster
19696,DreamLeague Season 29,8811618959,Liquid,VP,Radiant,胜,1,yondaime,bristleback,34,4760,nokia,terrorblade,3597,1163,saberlight,dawnbreaker,3616,1144,16756,15039,1717,1/1/2,league_roster,league_roster,league_roster
19696,DreamLeague Season 29,8811618959,VP,Liquid,Dire,负,0,nokia,terrorblade,23,3597,yondaime,bristleback,4760,-1163,50centaur,abyssal_underlord,3580,17,15039,16756,-1717,0/3/2,league_roster,league_roster,league_roster
19696,DreamLeague Season 29,8811618995,VG,FLCN,Radiant,负,0,],drow_ranger,23,4057,I m Going To Be The Best Carry,lone_druid,4419,-362,YeS signature player,shredder,3987,70,17071,16280,791,0/2/6,league_roster,league_roster,league_roster
19696,DreamLeague Season 29,8811618995,FLCN,VG,Dire,胜,1,I m Going To Be The Best Carry,lone_druid,28,4419,],drow_ranger,4057,362,,beastmaster,4319,100,16280,17071,-791,0/0/1,league_roster,league_roster,league_roster
19696,DreamLeague Season 29,8811618989,TSpirit,GL,Radiant,胜,1,w_,tiny,24,4393,鬼,kez,4465,-72,помойка,doom_bringer,3899,494,13716,15565,-1849,1/0/2,league_roster,league_roster,league_roster
19696,DreamLeague Season 29,8811618989,GL,TSpirit,Dire,负,0,鬼,kez,20,4465,w_,tiny,4393,72,,largo,2962,1503,15565,13716,1849,2/1/1,league_roster,league_roster,league_roster
19696,DreamLeague Season 29,8811683230,VP,Liquid,Radiant,负,0,nokia,kez,25,4020,yondaime,muerta,4621,-601,50centaur,bristleback,4187,-167,14620,16318,-1698,0/0/1,league_roster,league_roster,league_roster
19696,DreamLeague Season 29,8811683230,Liquid,VP,Dire,胜,1,yondaime,muerta,32,4621,nokia,kez,4020,601,saberlight,kunkka,3068,1553,16318,14620,1698,2/0/1,league_roster,league_roster,league_roster
19696,DreamLeague Season 29,8811680490,EX-HERO,Aurora,Radiant,负,0,.tv/yumadota2,alchemist,16,5342,P,windrunner,5112,230,Shenorita`,tidehunter,4430,912,16046,17333,-1287,3/1/0,league_roster,league_roster,league_roster
19696,DreamLeague Season 29,8811680490,Aurora,EX-HERO,Dire,胜,1,P,windrunner,29,5112,.tv/yumadota2,alchemist,5342,-230,GAMBOT-PARIS,primal_beast,3041,2071,17333,16046,1287,1/0/2,league_roster,league_roster,league_roster
19696,DreamLeague Season 29,8811706161,GL,TSpirit,Radiant,负,0,鬼,luna,27,4216,Pv,furion,4471,-255,pos3jungler,largo,3760,456,15580,15462,118,0/2/1,league_roster,league_roster,league_roster
19696,DreamLeague Season 29,8811706161,TSpirit,GL,Dire,胜,1,Pv,furion,28,4471,鬼,luna,4216,255,помойка,dawnbreaker,3858,613,15462,15580,-118,2/2/1,league_roster,league_roster,league_roster
19696,DreamLeague Season 29,8811687114,FLCN,VG,Radiant,胜,1,I m Going To Be The Best Carry,tiny,25,3822,Roselia,kez,3887,-65,F',mars,4031,-209,14945,16301,-1356,0/1/0,league_roster,league_roster,league_roster
19696,DreamLeague Season 29,8811687114,VG,FLCN,Dire,负,0,Roselia,kez,24,3887,I m Going To Be The Best Carry,tiny,3822,65,YeS signature player,doom_bringer,4176,-289,16301,14945,1356,0/0/1,league_roster,league_roster,league_roster
19696,DreamLeague Season 29,8811838021,NGX,XG,Radiant,胜,1,`^@,lone_druid,23,3872,区,kez,4860,-988,¿,abyssal_underlord,4008,-136,16096,17205,-1109,1/2/1,league_roster,league_roster,league_roster
19696,DreamLeague Season 29,8811838021,XG,NGX,Dire,负,0,区,kez,36,4860,`^@,lone_druid,3872,988,malrincyq,largo,3918,942,17205,16096,1109,1/0/4,league_roster,league_roster,league_roster
19696,DreamLeague Season 29,8811838048,PV,NAVI,Radiant,胜,1,destroy,lone_druid,41,5531,winter,terrorblade,4486,1045,ƬψƬ ☢ Sιrιus-妥,axe,3435,2096,18478,16220,2258,0/0/0,league_roster,league_roster,league_roster
19696,DreamLeague Season 29,8811838048,NAVI,PV,Dire,负,0,winter,terrorblade,25,4486,destroy,lone_druid,5531,-1045,strafe instructor,brewmaster,4366,120,16220,18478,-2258,1/1/0,league_roster,league_roster,league_roster
19696,DreamLeague Season 29,8811845697,BetBoom,PlayTime,Radiant,负,0,Naruto~,tiny,22,3904,VE,doom_bringer,4414,-510,^,abyssal_underlord,3860,44,15672,16254,-582,0/2/0,league_roster,league_roster,league_roster
19696,DreamLeague Season 29,8811845697,PlayTime,BetBoom,Dire,胜,1,VE,doom_bringer,18,4414,Naruto~,tiny,3904,510,Badwater,magnataur,4117,297,16254,15672,582,1/1/0,league_roster,league_roster,league_roster
19696,DreamLeague Season 29,8811839782,Tundra,RKX,Radiant,负,0,Last Call,beastmaster,32,4842,abi eja,luna,4857,-15,underrated,kunkka,3917,925,17271,16872,399,1/1/3,league_roster,league_roster,league_roster
19696,DreamLeague Season 29,8811839782,RKX,Tundra,Dire,胜,1,abi eja,luna,25,4857,Last Call,beastmaster,4842,15,not human (животное),shredder,4262,595,16872,17271,-399,2/1/0,league_roster,league_roster,league_roster
19696,DreamLeague Season 29,8811941658,PV,NAVI,Radiant,胜,1,destroy,muerta,28,4892,winter,ursa,4127,765,ƬψƬ ☢ Sιrιus-妥,slardar,3237,1655,16692,14076,2616,0/0/0,league_roster,league_roster,league_roster
19696,DreamLeague Season 29,8811941658,NAVI,PV,Dire,负,0,winter,ursa,26,4127,destroy,muerta,4892,-765,strafe instructor,axe,4683,-556,14076,16692,-2616,0/0/1,league_roster,league_roster,league_roster
19696,DreamLeague Season 29,8811958377,PlayTime,BetBoom,Radiant,负,0,VE,tiny,23,3867,Naruto~,kez,4878,-1011,>ݒ,pangolier,4378,-511,14209,17507,-3298,0/1/0,league_roster,league_roster,league_roster
19696,DreamLeague Season 29,8811958377,BetBoom,PlayTime,Dire,胜,1,Naruto~,kez,31,4878,VE,tiny,3867,1011,^,abyssal_underlord,3299,1579,17507,14209,3298,0/0/1,league_roster,league_roster,league_roster
19696,DreamLeague Season 29,8811930872,NGX,XG,Radiant,胜,1,rin,nevermore,28,5533,@,clinkz,4374,1159,¿,shredder,3082,2451,16714,14892,1822,6/2/1,league_roster,league_roster,league_roster
19696,DreamLeague Season 29,8811930872,XG,NGX,Dire,负,0,@,clinkz,30,4374,rin,nevermore,5533,-1159,malrincyq,doom_bringer,3842,532,14892,16714,-1822,1/0/1,league_roster,league_roster,league_roster
19696,DreamLeague Season 29,8811974004,RKX,Tundra,Radiant,胜,1,"""w",naga_siren,20,4236,Last Call,monkey_king,3420,816,not human (животное),beastmaster,4074,162,17314,14584,2730,0/0/1,league_roster,league_roster,league_roster
19696,DreamLeague Season 29,8811974004,Tundra,RKX,Dire,负,0,Last Call,monkey_king,27,3420,"""w",naga_siren,4236,-816,underrated,kunkka,4640,-1220,14584,17314,-2730,0/4/0,league_roster,league_roster,league_roster
19696,DreamLeague Season 29,8812041728,BetBoom,PlayTime,Radiant,胜,1,Naruto~,kez,23,3184,VE,doom_bringer,4627,-1443,^,axe,5095,-1911,13736,16219,-2483,0/4/0,league_roster,league_roster,league_roster
19696,DreamLeague Season 29,8812041728,PlayTime,BetBoom,Dire,负,0,VE,doom_bringer,24,4627,Naruto~,kez,3184,1443,Badwater,largo,4148,479,16219,13736,2483,0/0/0,league_roster,league_roster,league_roster
19696,DreamLeague Season 29,8812138585,TSpirit,VP,Radiant,胜,1,兜圈。,kez,30,4195,nokia,life_stealer,2578,1617,saberlight,axe,3603,592,17411,12747,4664,0/1/1,league_roster,league_roster,league_roster
19696,DreamLeague Season 29,8812138585,VP,TSpirit,Dire,负,0,nokia,life_stealer,17,2578,兜圈。,kez,4195,-1617,pos3jungler,death_prophet,4792,-2214,12747,17411,-4664,0/1/1,league_roster,league_roster,league_roster
19696,DreamLeague Season 29,8812138635,FLCN,Liquid,Radiant,胜,1,`7y,ursa,28,4633,yondaime,nevermore,4369,264,50centaur,centaur,3415,1218,15879,15264,615,2/1/0,league_roster,league_roster,league_roster
19696,DreamLeague Season 29,8812138635,Liquid,FLCN,Dire,负,0,yondaime,nevermore,27,4369,`7y,ursa,4633,-264,YeS signature player,mars,3794,575,15264,15879,-615,0/1/0,league_roster,league_roster,league_roster
19696,DreamLeague Season 29,8812155277,Aurora,GL,Radiant,胜,1,tragic,doom_bringer,21,3505,鬼,drow_ranger,4764,-1259,помойка,night_stalker,3929,-424,12877,16165,-3288,2/1/0,league_roster,league_roster,league_roster
19696,DreamLeague Season 29,8812155277,GL,Aurora,Dire,负,0,鬼,drow_ranger,24,4764,tragic,doom_bringer,3505,1259,Shenorita`,shredder,2697,2067,16165,12877,3288,1/0/2,league_roster,league_roster,league_roster
19696,DreamLeague Season 29,8812138607,VG,EX-HERO,Radiant,胜,1,,tiny,22,3957,.tv/yumadota2,muerta,3520,437,GAMBOT-PARIS,tidehunter,4595,-638,17594,16540,1054,0/0/0,league_roster,league_roster,league_roster
19696,DreamLeague Season 29,8812138607,EX-HERO,VG,Dire,负,0,.tv/yumadota2,muerta,25,3520,,tiny,3957,-437,Bach,beastmaster,4711,-1191,16540,17594,-1054,0/1/0,league_roster,league_roster,league_roster
19696,DreamLeague Season 29,8812233361,VP,TSpirit,Radiant,负,0,nokia,muerta,24,3800,pJf,alchemist,4268,-468,pos3jungler,slardar,3608,192,14100,15776,-1676,0/1/0,league_roster,league_roster,league_roster
19696,DreamLeague Season 29,8812233361,TSpirit,VP,Dire,胜,1,pJf,alchemist,26,4268,nokia,muerta,3800,468,saberlight,beastmaster,3921,347,15776,14100,1676,0/1/0,league_roster,league_roster,league_roster
19696,DreamLeague Season 29,8812263063,Aurora,GL,Radiant,胜,1,tragic,windrunner,25,5024,鬼,drow_ranger,3695,1329,помойка,doom_bringer,3307,1717,16641,14231,2410,3/1/1,league_roster,league_roster,league_roster
19696,DreamLeague Season 29,8812263063,GL,Aurora,Dire,负,0,鬼,drow_ranger,18,3695,tragic,windrunner,5024,-1329,Shenorita`,largo,3507,188,14231,16641,-2410,1/4/2,league_roster,league_roster,league_roster
19696,DreamLeague Season 29,8812258249,FLCN,Liquid,Radiant,胜,1,m$,tiny,30,3998,yondaime,muerta,4042,-44,50centaur,dawnbreaker,4294,-296,15133,16140,-1007,0/0/0,league_roster,league_roster,league_roster
19696,DreamLeague Season 29,8812258249,Liquid,FLCN,Dire,负,0,yondaime,muerta,23,4042,m$,tiny,3998,44,YeS signature player,viper,4054,-12,16140,15133,1007,0/2/2,league_roster,league_roster,league_roster
19696,DreamLeague Season 29,8812274718,EX-HERO,VG,Radiant,负,0,.tv/yumadota2,life_stealer,22,3161,Roselia,drow_ranger,5067,-1906,Bach,axe,4613,-1452,12388,18007,-5619,0/2/0,league_roster,league_roster,league_roster
19696,DreamLeague Season 29,8812274718,VG,EX-HERO,Dire,胜,1,Roselia,drow_ranger,22,5067,.tv/yumadota2,life_stealer,3161,1906,GAMBOT-PARIS,shredder,3780,1287,18007,12388,5619,3/0/1,league_roster,league_roster,league_roster
19696,DreamLeague Season 29,8812989097,NAVI,PlayTime,Radiant,胜,1,winter,terrorblade,32,4290,VE,alchemist,3780,510,^,largo,3911,379,18714,14863,3851,0/2/1,league_roster,league_roster,league_roster
19696,DreamLeague Season 29,8812989097,PlayTime,NAVI,Dire,负,0,VE,alchemist,19,3780,winter,terrorblade,4290,-510,ƬψƬ ☢ Sιrιus-妥,abyssal_underlord,5374,-1594,14863,18714,-3851,0/1/1,league_roster,league_roster,league_roster
19696,DreamLeague Season 29,8812989027,NGX,PV,Radiant,负,0,rin,luna,24,4746,destroy,kez,4650,96,strafe instructor,axe,3840,906,12324,17568,-5244,1/0/0,league_roster,league_roster,league_roster
19696,DreamLeague Season 29,8812989027,PV,NGX,Dire,胜,1,destroy,kez,25,4650,rin,luna,4746,-96,malrincyq,largo,2449,2201,17568,12324,5244,2/0/2,league_roster,league_roster,league_roster
19696,DreamLeague Season 29,8812990272,XG,RKX,Radiant,胜,1,区,faceless_void,25,4562,abi eja,sven,4841,-279,underrated,axe,4857,-295,15760,15547,213,0/0/1,league_roster,league_roster,league_roster
19696,DreamLeague Season 29,8812990272,RKX,XG,Dire,负,0,abi eja,sven,22,4841,区,faceless_void,4562,279,¿,dawnbreaker,4178,663,15547,15760,-213,1/0/0,league_roster,league_roster,league_roster
19696,DreamLeague Season 29,8812989544,Tundra,BetBoom,Radiant,胜,1,Last Call,kez,25,3944,Naruto~,luna,4051,-107,Rs,tidehunter,3827,117,14082,16194,-2112,1/1/1,league_roster,league_roster,league_roster
19696,DreamLeague Season 29,8812989544,BetBoom,Tundra,Dire,负,0,Naruto~,luna,26,4051,Last Call,kez,3944,107,not human (животное),shredder,2974,1077,16194,14082,2112,0/0/4,league_roster,league_roster,league_roster
19696,DreamLeague Season 29,8813059358,RKX,XG,Radiant,负,0,abi eja,tiny,12,3829,区,alchemist,6274,-2445,¿,dawnbreaker,4308,-479,16059,18302,-2243,0/2/4,league_roster,league_roster,league_roster
19696,DreamLeague Season 29,8813059358,XG,RKX,Dire,胜,1,区,alchemist,37,6274,abi eja,tiny,3829,2445,underrated,abyssal_underlord,4677,1597,18302,16059,2243,0/0/1,league_roster,league_roster,league_roster
19696,DreamLeague Season 29,8813051930,PlayTime,NAVI,Radiant,负,0,VE,beastmaster,27,4777,winter,windrunner,4746,31,ƬψƬ ☢ Sιrιus-妥,axe,3558,1219,15735,17357,-1622,0/0/3,league_roster,league_roster,league_roster
19696,DreamLeague Season 29,8813051930,NAVI,PlayTime,Dire,胜,1,winter,windrunner,24,4746,VE,beastmaster,4777,-31,Ps,slardar,2849,1897,17357,15735,1622,0/0/0,league_roster,league_roster,league_roster
19696,DreamLeague Season 29,8813055101,PV,NGX,Radiant,胜,1,destroy,kez,28,4554,rin,gyrocopter,3733,821,malrincyq,largo,3670,884,16015,14225,1790,4/0/0,league_roster,league_roster,league_roster
19696,DreamLeague Season 29,8813055101,NGX,PV,Dire,负,0,rin,gyrocopter,27,3733,destroy,kez,4554,-821,strafe instructor,axe,3951,-218,14225,16015,-1790,1/4/1,league_roster,league_roster,league_roster
19696,DreamLeague Season 29,8813075789,BetBoom,Tundra,Radiant,胜,1,u,muerta,26,4664,Last Call,kez,4845,-181,not human (животное),doom_bringer,3343,1321,17815,17019,796,1/1/3,league_roster,league_roster,league_roster
19696,DreamLeague Season 29,8813075789,Tundra,BetBoom,Dire,负,0,Last Call,kez,27,4845,u,muerta,4664,181,Badwater,tidehunter,3548,1297,17019,17815,-796,3/0/2,league_roster,league_roster,league_roster
19696,DreamLeague Season 29,8813156153,Tundra,BetBoom,Radiant,胜,1,Last Call,windrunner,23,3391,Naruto~,dawnbreaker,2734,657,Badwater,largo,3711,-320,15474,15153,321,0/2/4,league_roster,league_roster,league_roster
19696,DreamLeague Season 29,8813156153,BetBoom,Tundra,Dire,负,0,Naruto~,dawnbreaker,18,2734,Last Call,windrunner,3391,-657,not human (животное),lycan,4508,-1774,15153,15474,-321,0/3/3,league_roster,league_roster,league_roster
19696,DreamLeague Season 29,8813239365,EX-HERO,Liquid,Radiant,负,0,.tv/yumadota2,faceless_void,26,3994,ᄔ,kez,4691,-697,50centaur,doom_bringer,4283,-289,13928,16673,-2745,1/0/2,league_roster,league_roster,league_roster
19696,DreamLeague Season 29,8813239365,Liquid,EX-HERO,Dire,胜,1,ᄔ,kez,27,4691,.tv/yumadota2,faceless_void,3994,697,GAMBOT-PARIS,tidehunter,3261,1430,16673,13928,2745,0/0/1,league_roster,league_roster,league_roster
19696,DreamLeague Season 29,8813239180,GL,VP,Radiant,负,0,鬼,ursa,24,4831,nokia,alchemist,5273,-442,saberlight,tidehunter,3309,1522,15316,15817,-501,4/0/1,league_roster,league_roster,league_roster
19696,DreamLeague Season 29,8813239180,VP,GL,Dire,胜,1,nokia,alchemist,23,5273,鬼,ursa,4831,442,помойка,largo,3404,1869,15817,15316,501,2/0/0,league_roster,league_roster,league_roster
19696,DreamLeague Season 29,8813240600,Aurora,VG,Radiant,胜,1,tragic,ursa,27,4821,ԓ,drow_ranger,4387,434,Bach,death_prophet,4463,358,17387,16169,1218,2/0/1,league_roster,league_roster,league_roster
19696,DreamLeague Season 29,8813240600,VG,Aurora,Dire,负,0,ԓ,drow_ranger,32,4387,tragic,ursa,4821,-434,:,doom_bringer,4049,338,16169,17387,-1218,0/1/1,league_roster,league_roster,league_roster
19696,DreamLeague Season 29,8813287573,TSpirit,FLCN,Radiant,胜,1,兜圈。,alchemist,16,3831,I m Going To Be The Best Carry,weaver,3563,268,YeS signature player,doom_bringer,3913,-82,15239,14650,589,1/1/3,league_roster,league_roster,league_roster
19696,DreamLeague Season 29,8813287573,FLCN,TSpirit,Dire,负,0,I m Going To Be The Best Carry,weaver,28,3563,兜圈。,alchemist,3831,-268,pos3jungler,largo,4612,-1049,14650,15239,-589,0/0/1,league_roster,league_roster,league_roster
19696,DreamLeague Season 29,8813352678,Liquid,EX-HERO,Radiant,胜,1,yondaime,tiny,26,4211,.tv/yumadota2,monkey_king,3794,417,GAMBOT-PARIS,shredder,4431,-220,16685,15528,1157,0/1/1,league_roster,league_roster,league_roster
19696,DreamLeague Season 29,8813352678,EX-HERO,Liquid,Dire,负,0,.tv/yumadota2,monkey_king,18,3794,yondaime,tiny,4211,-417,50centaur,doom_bringer,4379,-585,15528,16685,-1157,1/2/2,league_roster,league_roster,league_roster
19696,DreamLeague Season 29,8813352696,VP,GL,Radiant,负,0,nokia,windrunner,27,4067,鬼,life_stealer,4723,-656,помойка,slardar,4594,-527,14224,17181,-2957,0/0/1,league_roster,league_roster,league_roster
19696,DreamLeague Season 29,8813352696,GL,VP,Dire,胜,1,鬼,life_stealer,24,4723,nokia,windrunner,4067,656,saberlight,abyssal_underlord,4001,722,17181,14224,2957,0/0/1,league_roster,league_roster,league_roster
19696,DreamLeague Season 29,8813355676,VG,Aurora,Radiant,胜,1,Roselia,muerta,28,3791,tragic,ursa,4124,-333,`,slardar,3782,9,16050,15413,637,1/2/2,league_roster,league_roster,league_roster
19696,DreamLeague Season 29,8813355676,Aurora,VG,Dire,负,0,tragic,ursa,26,4124,Roselia,muerta,3791,333,Bach,axe,4527,-403,15413,16050,-637,3/1/2,league_roster,league_roster,league_roster
19696,DreamLeague Season 29,8813398413,FLCN,TSpirit,Radiant,胜,1,I m Going To Be The Best Carry,windrunner,31,4779,兜圈。,terrorblade,4248,531,pos3jungler,axe,4391,388,17025,16168,857,1/0/3,league_roster,league_roster,league_roster
19696,DreamLeague Season 29,8813398413,TSpirit,FLCN,Dire,负,0,兜圈。,terrorblade,21,4248,I m Going To Be The Best Carry,windrunner,4779,-531,YeS signature player,shredder,4585,-337,16168,17025,-857,1/1/0,league_roster,league_roster,league_roster
19696,DreamLeague Season 29,8813441620,VP,GL,Radiant,负,0,nokia,tiny,25,4908,鬼,luna,3815,1093,помойка,abyssal_underlord,4197,711,15140,15702,-562,1/0/1,league_roster,league_roster,league_roster
19696,DreamLeague Season 29,8813441620,GL,VP,Dire,胜,1,鬼,luna,18,3815,nokia,tiny,4908,-1093,saberlight,primal_beast,3223,592,15702,15140,562,2/1/2,league_roster,league_roster,league_roster
19696,DreamLeague Season 29,8813453376,VG,Aurora,Radiant,负,0,Roselia,medusa,22,4180,tragic,ursa,4348,-168,Shenorita`,doom_bringer,4505,-325,16289,16036,253,2/1/3,league_roster,league_roster,league_roster
19696,DreamLeague Season 29,8813453376,Aurora,VG,Dire,胜,1,tragic,ursa,31,4348,Roselia,medusa,4180,168,Bach,bristleback,3689,659,16036,16289,-253,0/0/0,league_roster,league_roster,league_roster
19696,DreamLeague Season 29,8813536582,TSpirit,FLCN,Radiant,负,0,兜圈。,kez,31,4038,I m Going To Be The Best Carry,tiny,5468,-1430,YeS signature player,shredder,3692,346,16081,17764,-1683,1/2/0,league_roster,league_roster,league_roster
19696,DreamLeague Season 29,8813536582,FLCN,TSpirit,Dire,胜,1,I m Going To Be The Best Carry,tiny,26,5468,兜圈。,kez,4038,1430,R,primal_beast,4344,1124,17764,16081,1683,2/0/2,league_roster,league_roster,league_roster
19696,DreamLeague Season 29,8813551147,NAVI,Tundra,Radiant,胜,1,winter,ursa,27,4723,Last Call,windrunner,4226,497,not human (животное),shredder,2802,1921,13403,14611,-1208,0/0/0,league_roster,league_roster,league_roster
19696,DreamLeague Season 29,8813551147,Tundra,NAVI,Dire,负,0,Last Call,windrunner,27,4226,winter,ursa,4723,-497,ƬψƬ ☢ Sιrιus-妥,centaur,3367,859,14611,13403,1208,1/1/2,league_roster,league_roster,league_roster
19696,DreamLeague Season 29,8813556518,RKX,NGX,Radiant,负,0,abi eja,kez,23,4309,0,monkey_king,4491,-182,malrincyq,axe,3639,670,15770,15020,750,2/1/2,league_roster,league_roster,league_roster
19696,DreamLeague Season 29,8813556518,NGX,RKX,Dire,胜,1,0,monkey_king,23,4491,abi eja,kez,4309,182,underrated,dawnbreaker,3681,810,15020,15770,-750,1/0/1,league_roster,league_roster,league_roster
19696,DreamLeague Season 29,8813604844,PV,PlayTime,Radiant,负,0,destroy,drow_ranger,29,4146,@:UЕ,doom_bringer,4470,-324,WZ,axe,3919,227,15827,16493,-666,0/2/0,league_roster,league_roster,league_roster
19696,DreamLeague Season 29,8813604844,PlayTime,PV,Dire,胜,1,@:UЕ,doom_bringer,28,4470,destroy,drow_ranger,4146,324,strafe instructor,slardar,3112,1358,16493,15827,666,1/2/0,league_roster,league_roster,league_roster
19696,DreamLeague Season 29,8813650766,Tundra,NAVI,Radiant,胜,1,Last Call,templar_assassin,26,4740,winter,broodmother,2630,2110,ƬψƬ ☢ Sιrιus-妥,axe,4890,-150,15534,14235,1299,0/1/1,league_roster,league_roster,league_roster
19696,DreamLeague Season 29,8813650766,NAVI,Tundra,Dire,负,0,winter,broodmother,20,2630,Last Call,templar_assassin,4740,-2110,not human (животное),largo,4366,-1736,14235,15534,-1299,0/2/1,league_roster,league_roster,league_roster
19696,DreamLeague Season 29,8813657190,NGX,RKX,Radiant,胜,1,rin,muerta,32,5195,P,mirana,5044,151,underrated,slardar,2859,2336,17225,15231,1994,4/0/3,league_roster,league_roster,league_roster
19696,DreamLeague Season 29,8813657190,RKX,NGX,Dire,负,0,P,mirana,26,5044,rin,muerta,5195,-151,malrincyq,tidehunter,3634,1410,15231,17225,-1994,3/1/3,league_roster,league_roster,league_roster
19696,DreamLeague Season 29,8813653439,BetBoom,XG,Radiant,胜,1,ܔ,kez,25,3889,区,tiny,3921,-32,¿,doom_bringer,4196,-307,16160,15621,539,0/0/1,league_roster,league_roster,league_roster
19696,DreamLeague Season 29,8813653439,XG,BetBoom,Dire,负,0,区,tiny,17,3921,ܔ,kez,3889,32,,abyssal_underlord,4636,-715,15621,16160,-539,0/1/0,league_roster,league_roster,league_roster
19696,DreamLeague Season 29,8813707883,PlayTime,PV,Radiant,负,0,J,alchemist,13,5160,destroy,tiny,5584,-424,strafe instructor,dawnbreaker,4235,925,18224,17019,1205,0/1/0,league_roster,league_roster,league_roster
19696,DreamLeague Season 29,8813707883,PV,PlayTime,Dire,胜,1,destroy,tiny,39,5584,J,alchemist,5160,424,`Kt,axe,4655,929,17019,18224,-1205,0/0/1,league_roster,league_roster,league_roster
19696,DreamLeague Season 29,8813745846,Tundra,NAVI,Radiant,负,0,Last Call,templar_assassin,26,3963,winter,monkey_king,4277,-314,ƬψƬ ☢ Sιrιus-妥,magnataur,4936,-973,16286,18330,-2044,0/0/0,league_roster,league_roster,league_roster
19696,DreamLeague Season 29,8813745846,NAVI,Tundra,Dire,胜,1,winter,monkey_king,24,4277,Last Call,templar_assassin,3963,314,not human (животное),brewmaster,4463,-186,18330,16286,2044,1/1/2,league_roster,league_roster,league_roster
19696,DreamLeague Season 29,8813775647,XG,BetBoom,Radiant,负,0,区,phantom_lancer,31,3871,Naruto~,kez,4803,-932,Badwater,primal_beast,4317,-446,14074,17969,-3895,0/1/0,league_roster,league_roster,league_roster
19696,DreamLeague Season 29,8813775647,BetBoom,XG,Dire,胜,1,Naruto~,kez,29,4803,区,phantom_lancer,3871,932,¿,shredder,4078,725,17969,14074,3895,0/0/2,league_roster,league_roster,league_roster
19696,DreamLeague Season 29,8813802531,PlayTime,PV,Radiant,胜,1,VE,necrolyte,27,4119,destroy,lone_druid,5374,-1255,strafe instructor,dawnbreaker,3394,725,17046,15899,1147,0/2/1,league_roster,league_roster,league_roster
19696,DreamLeague Season 29,8813802531,PV,PlayTime,Dire,负,0,destroy,lone_druid,34,5374,VE,necrolyte,4119,1255,p6l,beastmaster,3350,2024,15899,17046,-1147,1/0/0,league_roster,league_roster,league_roster
19696,DreamLeague Season 29,8814473986,TSpirit,EX-HERO,Radiant,胜,1,兜圈。,juggernaut,28,4779,Yuma,ursa,3246,1533,GAMBOT-PARIS,pangolier,3602,1177,18677,14171,4506,0/0/1,league_roster,league_roster,league_roster
19696,DreamLeague Season 29,8814473986,EX-HERO,TSpirit,Dire,负,0,Yuma,ursa,17,3246,兜圈。,juggernaut,4779,-1533,hV,slardar,4706,-1460,14171,18677,-4506,1/2/3,league_roster,league_roster,league_roster
19696,DreamLeague Season 29,8814473655,VG,Liquid,Radiant,胜,1,Roselia,terrorblade,26,4882,yondaime,furion,4985,-103,),slardar,3494,1388,16957,15228,1729,2/0/0,league_roster,league_roster,league_roster
19696,DreamLeague Season 29,8814473655,Liquid,VG,Dire,负,0,yondaime,furion,24,4985,Roselia,terrorblade,4882,103,Bach,doom_bringer,4219,766,15228,16957,-1729,0/1/0,league_roster,league_roster,league_roster
19696,DreamLeague Season 29,8814473618,VP,Aurora,Radiant,负,0,nokia,life_stealer,25,4122,tragic,phantom_lancer,3805,317,@f#,axe,4467,-345,16031,16134,-103,0/1/3,league_roster,league_roster,league_roster
19696,DreamLeague Season 29,8814473618,Aurora,VP,Dire,胜,1,tragic,phantom_lancer,22,3805,nokia,life_stealer,4122,-317,saberlight,slardar,3898,-93,16134,16031,103,0/1/1,league_roster,league_roster,league_roster
19696,DreamLeague Season 29,8814475396,GL,FLCN,Radiant,胜,1,鬼,lone_druid,26,4757,*~h,ursa,4566,191,YeS signature player,shredder,2807,1950,15875,14681,1194,1/0/3,league_roster,league_roster,league_roster
19696,DreamLeague Season 29,8814475396,FLCN,GL,Dire,负,0,*~h,ursa,31,4566,鬼,lone_druid,4757,-191,помойка,largo,3284,1282,14681,15875,-1194,0/1/0,league_roster,league_roster,league_roster
19696,DreamLeague Season 29,8814549253,EX-HERO,TSpirit,Radiant,负,0,Yuma,meepo,27,4467,N,tiny,3458,1009,#y,pangolier,4671,-204,16274,14745,1529,2/1/2,league_roster,league_roster,league_roster
19696,DreamLeague Season 29,8814549253,TSpirit,EX-HERO,Dire,胜,1,N,tiny,23,3458,Yuma,meepo,4467,-1009,GAMBOT-PARIS,bristleback,4412,-954,14745,16274,-1529,0/1/1,league_roster,league_roster,league_roster
19696,DreamLeague Season 29,8814554021,VG,Liquid,Radiant,负,0,Roselia,windrunner,24,4351,yondaime,tiny,3810,541,50centaur,doom_bringer,3597,754,17476,14779,2697,3/1/2,league_roster,league_roster,league_roster
19696,DreamLeague Season 29,8814554021,Liquid,VG,Dire,胜,1,yondaime,tiny,22,3810,Roselia,windrunner,4351,-541,Bach,batrider,4238,-428,14779,17476,-2697,0/1/0,league_roster,league_roster,league_roster
19696,DreamLeague Season 29,8814558995,Aurora,VP,Radiant,负,0,tragic,windrunner,24,4285,nokia,luna,3209,1076,saberlight,centaur,3654,631,17053,13562,3491,0/0/1,league_roster,league_roster,league_roster
19696,DreamLeague Season 29,8814558995,VP,Aurora,Dire,胜,1,nokia,luna,22,3209,tragic,windrunner,4285,-1076,p6n,beastmaster,4868,-1659,13562,17053,-3491,0/0/0,league_roster,league_roster,league_roster
19696,DreamLeague Season 29,8814561483,FLCN,GL,Radiant,胜,1,I m Going To Be The Best Carry,luna,46,5199,鬼,clinkz,4265,934,помойка,lycan,3870,1329,16556,15094,1462,5/0/2,league_roster,league_roster,league_roster
19696,DreamLeague Season 29,8814561483,GL,FLCN,Dire,负,0,鬼,clinkz,24,4265,I m Going To Be The Best Carry,luna,5199,-934,YeS signature player,shredder,4109,156,15094,16556,-1462,1/2/1,league_roster,league_roster,league_roster
19696,DreamLeague Season 29,8814642533,VG,Liquid,Radiant,负,0,Roselia,alchemist,24,5435,A,luna,4861,574,50centaur,pangolier,4662,773,14437,17593,-3156,0/0/0,league_roster,league_roster,league_roster
19696,DreamLeague Season 29,8814642533,Liquid,VG,Dire,胜,1,A,luna,33,4861,Roselia,alchemist,5435,-574,Bach,primal_beast,2773,2088,17593,14437,3156,2/1/2,league_roster,league_roster,league_roster
19696,DreamLeague Season 29,8814645393,VP,Aurora,Radiant,负,0,nokia,kez,14,3533,tragic,tiny,4911,-1378,Shenorita`,dawnbreaker,4740,-1207,13860,16788,-2928,2/1/0,league_roster,league_roster,league_roster
19696,DreamLeague Season 29,8814645393,Aurora,VP,Dire,胜,1,tragic,tiny,26,4911,nokia,kez,3533,1378,saberlight,tidehunter,4135,776,16788,13860,2928,1/0/1,league_roster,league_roster,league_roster
19696,DreamLeague Season 29,8814673909,FLCN,GL,Radiant,胜,1,I m Going To Be The Best Carry,luna,28,4917,鬼,muerta,3706,1211,помойка,lycan,3786,1131,18959,13861,5098,1/0/4,league_roster,league_roster,league_roster
19696,DreamLeague Season 29,8814673909,GL,FLCN,Dire,负,0,鬼,muerta,27,3706,I m Going To Be The Best Carry,luna,4917,-1211,YeS signature player,mars,4414,-708,13861,18959,-5098,1/0/0,league_roster,league_roster,league_roster
19696,DreamLeague Season 29,8814748706,PV,RKX,Radiant,胜,1,destroy,tiny,19,3793,abi eja,lone_druid,4512,-719,underrated,dawnbreaker,4204,-411,16149,16269,-120,1/2/2,league_roster,league_roster,league_roster
19696,DreamLeague Season 29,8814748706,RKX,PV,Dire,负,0,abi eja,lone_druid,20,4512,destroy,tiny,3793,719,strafe instructor,abyssal_underlord,3743,769,16269,16149,120,1/1/0,league_roster,league_roster,league_roster
19696,DreamLeague Season 29,8814775838,PlayTime,Tundra,Radiant,胜,1,VE,windrunner,28,4500,Damn,ursa,4201,299,not human (животное),batrider,2999,1501,16423,14462,1961,2/1/3,league_roster,league_roster,league_roster
19696,DreamLeague Season 29,8814775838,Tundra,PlayTime,Dire,负,0,Damn,ursa,20,4201,VE,windrunner,4500,-299,^,doom_bringer,3355,846,14462,16423,-1961,0/1/1,league_roster,league_roster,league_roster
19696,DreamLeague Season 29,8814800807,XG,NAVI,Radiant,负,0,区,drow_ranger,27,4267,winter,doom_bringer,4661,-394,ƬψƬ ☢ Sιrιus-妥,centaur,3461,806,17749,15148,2601,1/1/1,league_roster,league_roster,league_roster
19696,DreamLeague Season 29,8814800807,NAVI,XG,Dire,胜,1,winter,doom_bringer,26,4661,区,drow_ranger,4267,394,¿,dawnbreaker,4609,52,15148,17749,-2601,1/1/0,league_roster,league_roster,league_roster
19696,DreamLeague Season 29,8814771003,NGX,BetBoom,Radiant,负,0,S,terrorblade,23,3802,Naruto~,kez,4330,-528,Badwater,beastmaster,4618,-816,15271,16950,-1679,2/0/0,league_roster,league_roster,league_roster
19696,DreamLeague Season 29,8814771003,BetBoom,NGX,Dire,胜,1,Naruto~,kez,23,4330,S,terrorblade,3802,528,malrincyq,axe,4629,-299,16950,15271,1679,2/2/1,league_roster,league_roster,league_roster
19696,DreamLeague Season 29,8814858474,RKX,PV,Radiant,胜,1,abi eja,kez,20,3853,destroy,muerta,5599,-1746,strafe instructor,slardar,3315,538,13939,17373,-3434,1/1/0,league_roster,league_roster,league_roster
19696,DreamLeague Season 29,8814858474,PV,RKX,Dire,负,0,destroy,muerta,35,5599,abi eja,kez,3853,1746,underrated,primal_beast,3255,2344,17373,13939,3434,3/0/0,league_roster,league_roster,league_roster
19696,DreamLeague Season 29,8814932055,XG,NAVI,Radiant,负,0,,kez,26,3604,winter,faceless_void,4216,-612,ƬψƬ ☢ Sιrιus-妥,abyssal_underlord,3947,-343,17092,16241,851,0/0/2,league_roster,league_roster,league_roster
19696,DreamLeague Season 29,8814932055,NAVI,XG,Dire,胜,1,winter,faceless_void,24,4216,,kez,3604,612,%y,largo,4941,-725,16241,17092,-851,0/0/0,league_roster,league_roster,league_roster
19696,DreamLeague Season 29,8814885502,Tundra,PlayTime,Radiant,胜,1,Damn,windrunner,29,4763,VE,muerta,4344,419,^,abyssal_underlord,2752,2011,16226,14599,1627,3/2/5,league_roster,league_roster,league_roster
19696,DreamLeague Season 29,8814885502,PlayTime,Tundra,Dire,负,0,VE,muerta,24,4344,Damn,windrunner,4763,-419,not human (животное),tidehunter,2690,1654,14599,16226,-1627,0/0/2,league_roster,league_roster,league_roster
19696,DreamLeague Season 29,8814944245,NGX,BetBoom,Radiant,负,0,rin,medusa,21,3106,Naruto~,muerta,4516,-1410,Badwater,beastmaster,6138,-3032,13862,18350,-4488,0/1/1,league_roster,league_roster,league_roster
19696,DreamLeague Season 29,8814944245,BetBoom,NGX,Dire,胜,1,Naruto~,muerta,26,4516,rin,medusa,3106,1410,cQR,centaur,4181,335,18350,13862,4488,0/0/1,league_roster,league_roster,league_roster
19696,DreamLeague Season 29,8814994202,RKX,PV,Radiant,负,0,kj,necrolyte,28,4805,destroy,kez,4792,13,strafe instructor,axe,5595,-790,16116,18447,-2331,1/3/3,league_roster,league_roster,league_roster
19696,DreamLeague Season 29,8814994202,PV,RKX,Dire,胜,1,destroy,kez,30,4792,kj,necrolyte,4805,-13,underrated,death_prophet,4417,375,18447,16116,2331,3/0/0,league_roster,league_roster,league_roster
19696,DreamLeague Season 29,8815026096,PlayTime,Tundra,Radiant,负,0,VE,windrunner,29,3727,Damn,kez,4131,-404,not human (животное),shredder,5452,-1725,15293,16560,-1267,0/0/0,league_roster,league_roster,league_roster
19696,DreamLeague Season 29,8815026096,Tundra,PlayTime,Dire,胜,1,Damn,kez,22,4131,VE,windrunner,3727,404,^,tidehunter,3529,602,16560,15293,1267,0/0/1,league_roster,league_roster,league_roster
19696,DreamLeague Season 29,8815801127,PlayTime,XG,Radiant,胜,1,VE,necrolyte,33,5485,区,terrorblade,3801,1684,¿,axe,3982,1503,18695,14418,4277,2/1/1,league_roster,league_roster,league_roster
19696,DreamLeague Season 29,8815801127,XG,PlayTime,Dire,负,0,区,terrorblade,25,3801,VE,necrolyte,5485,-1684,o,brewmaster,3969,-168,14418,18695,-4277,1/1/0,league_roster,league_roster,league_roster
19696,DreamLeague Season 29,8815854223,PlayTime,Tundra,Radiant,负,0,VE,nevermore,26,4791,Damn,phantom_assassin,3881,910,not human (животное),largo,3563,1228,14879,14942,-63,1/0/1,league_roster,league_roster,league_roster
19696,DreamLeague Season 29,8815854223,Tundra,PlayTime,Dire,胜,1,Damn,phantom_assassin,23,3881,VE,nevermore,4791,-910,^,beastmaster,2632,1249,14942,14879,63,0/1/1,league_roster,league_roster,league_roster
19696,DreamLeague Season 29,8815912139,Tundra,XG,Radiant,胜,1,Damn,muerta,23,3875,区,luna,4091,-216,¿,abyssal_underlord,3139,736,15487,14396,1091,3/2/1,league_roster,league_roster,league_roster
19696,DreamLeague Season 29,8815912139,XG,Tundra,Dire,负,0,区,luna,21,4091,Damn,muerta,3875,216,not human (животное),doom_bringer,4664,-573,14396,15487,-1091,1/1/1,league_roster,league_roster,league_roster
19696,DreamLeague Season 29,8817062805,FLCN,Tundra,Radiant,胜,1,,windrunner,32,3578,Damn,phantom_assassin,4742,-1164,not human (животное),doom_bringer,3888,-310,16049,15169,880,1/1/5,league_roster,league_roster,league_roster
19696,DreamLeague Season 29,8817062805,Tundra,FLCN,Dire,负,0,Damn,phantom_assassin,32,4742,,windrunner,3578,1164,YeS signature player,tidehunter,4857,-115,15169,16049,-880,2/0/1,league_roster,league_roster,league_roster
19696,DreamLeague Season 29,8817145578,Tundra,FLCN,Radiant,负,0,Damn,windrunner,24,3686,I m Going To Be The Best Carry,life_stealer,4618,-932,YeS signature player,shredder,3944,-258,14351,15602,-1251,1/1/0,league_roster,league_roster,league_roster
19696,DreamLeague Season 29,8817145578,FLCN,Tundra,Dire,胜,1,I m Going To Be The Best Carry,life_stealer,33,4618,Damn,windrunner,3686,932,not human (животное),sand_king,3723,895,15602,14351,1251,1/0/0,league_roster,league_roster,league_roster
19696,DreamLeague Season 29,8817248835,Liquid,PV,Radiant,负,0,[(,windrunner,33,5602,destroy,kez,4701,901,strafe instructor,beastmaster,3754,1848,16073,16628,-555,4/1/3,league_roster,league_roster,league_roster
19696,DreamLeague Season 29,8817248835,PV,Liquid,Dire,胜,1,destroy,kez,27,4701,[(,windrunner,5602,-901,50centaur,tidehunter,3504,1197,16628,16073,555,0/0/0,league_roster,league_roster,league_roster
19696,DreamLeague Season 29,8817309538,TSpirit,BB,Radiant,胜,1,兜圈。,drow_ranger,30,5072,e,monkey_king,4542,530,Badwater,axe,2801,2271,15230,14325,905,3/0/0,league_roster,league_roster,league_roster
19696,DreamLeague Season 29,8817309538,BB,TSpirit,Dire,负,0,e,monkey_king,29,4542,兜圈。,drow_ranger,5072,-530,n<,pangolier,3012,1530,14325,15230,-905,1/0/1,league_roster,league_roster,league_roster
19696,DreamLeague Season 29,8817364827,PV,Liquid,Radiant,负,0,destroy,necrolyte,31,5829,yondaime,kez,4386,1443,50centaur,night_stalker,3509,2320,16885,15123,1762,3/0/2,league_roster,league_roster,league_roster
19696,DreamLeague Season 29,8817364827,Liquid,PV,Dire,胜,1,yondaime,kez,26,4386,destroy,necrolyte,5829,-1443,strafe instructor,shredder,3551,835,15123,16885,-1762,1/1/2,league_roster,league_roster,league_roster
19696,DreamLeague Season 29,8817437213,TSpirit,BB,Radiant,胜,1,Pѵ,nevermore,27,4563,Naruto~,monkey_king,3485,1078,Badwater,largo,3798,765,14966,13781,1185,0/0/0,league_roster,league_roster,league_roster
19696,DreamLeague Season 29,8817437213,BB,TSpirit,Dire,负,0,Naruto~,monkey_king,21,3485,Pѵ,nevermore,4563,-1078,!/,pangolier,4085,-600,13781,14966,-1185,0/1/1,league_roster,league_roster,league_roster
19696,DreamLeague Season 29,8817480844,PV,Liquid,Radiant,胜,1,destroy,terrorblade,30,5046,,nevermore,4483,563,50centaur,abyssal_underlord,3450,1596,16186,15903,283,2/0/2,league_roster,league_roster,league_roster
19696,DreamLeague Season 29,8817480844,Liquid,PV,Dire,负,0,,nevermore,31,4483,destroy,terrorblade,5046,-563,strafe instructor,shredder,3163,1320,15903,16186,-283,1/1/1,league_roster,league_roster,league_roster
19696,DreamLeague Season 29,8817588541,NAVI,Aurora,Radiant,胜,1,PC+,templar_assassin,24,5286,C+,ursa,4265,1021,C+,phoenix,3606,1680,16948,15597,1351,4/1/0,league_roster,league_roster,league_roster
19696,DreamLeague Season 29,8817588541,Aurora,NAVI,Dire,负,0,C+,ursa,24,4265,PC+,templar_assassin,5286,-1021,C+,axe,4364,-99,15597,16948,-1351,0/1/3,league_roster,league_roster,league_roster
19696,DreamLeague Season 29,8817670980,Aurora,NAVI,Radiant,胜,1,tragic,ursa,24,4313,winter,faceless_void,2999,1314,ƬψƬ ☢ Sιrιus-妥,magnataur,3202,1111,16540,13170,3370,1/0/0,league_roster,league_roster,league_roster
19696,DreamLeague Season 29,8817670980,NAVI,Aurora,Dire,负,0,winter,faceless_void,14,2999,tragic,ursa,4313,-1314,Shenorita`,dawnbreaker,4236,-1237,13170,16540,-3370,0/2/1,league_roster,league_roster,league_roster
19696,DreamLeague Season 29,8817760291,Aurora,NAVI,Radiant,胜,1,tragic,tiny,19,3822,winter,monkey_king,3806,16,N,shredder,3862,-40,17098,14529,2569,0/1/2,league_roster,league_roster,league_roster
19696,DreamLeague Season 29,8817760291,NAVI,Aurora,Dire,负,0,winter,monkey_king,26,3806,tragic,tiny,3822,-16,Shenorita`,dawnbreaker,4801,-995,14529,17098,-2569,0/1/0,league_roster,league_roster,league_roster
19696,DreamLeague Season 29,8818236072,Tundra,VP,Radiant,负,0,l\,alchemist,27,5253,nokia,muerta,5106,147,saberlight,axe,3972,1281,15217,15668,-451,0/0/1,league_roster,league_roster,league_roster
19696,DreamLeague Season 29,8818236072,VP,Tundra,Dire,胜,1,nokia,muerta,30,5106,l\,alchemist,5253,-147,not human (животное),shredder,3705,1401,15668,15217,451,2/0/0,league_roster,league_roster,league_roster
19696,DreamLeague Season 29,8818298714,VP,Tundra,Radiant,负,0,nokia,luna,22,4194,Damn,muerta,4198,-4,not human (животное),lycan,4760,-566,15399,14843,556,0/1/0,league_roster,league_roster,league_roster
19696,DreamLeague Season 29,8818298714,Tundra,VP,Dire,胜,1,Damn,muerta,19,4198,nokia,luna,4194,4,saberlight,centaur,3564,634,14843,15399,-556,1/1/1,league_roster,league_roster,league_roster
19696,DreamLeague Season 29,8818365999,VP,Tundra,Radiant,负,0,nokia,windrunner,31,5066,g\,muerta,4060,1006,Z,tidehunter,2985,2081,17267,14390,2877,1/1/2,league_roster,league_roster,league_roster
19696,DreamLeague Season 29,8818365999,Tundra,VP,Dire,胜,1,g\,muerta,22,4060,nokia,windrunner,5066,-1006,saberlight,axe,4381,-321,14390,17267,-2877,0/1/4,league_roster,league_roster,league_roster
19696,DreamLeague Season 29,8818469042,VG,BB,Radiant,负,0,\,lone_druid,28,4946,`\,drow_ranger,5080,-134,Badwater,dawnbreaker,3231,1715,15790,16564,-774,2/0/0,league_roster,league_roster,league_roster
19696,DreamLeague Season 29,8818469042,BB,VG,Dire,胜,1,`\,drow_ranger,28,5080,\,lone_druid,4946,134,\,doom_bringer,2765,2315,16564,15790,774,1/0/1,league_roster,league_roster,league_roster
19696,DreamLeague Season 29,8818592824,BB,VG,Radiant,负,0,Naruto~,muerta,26,3866,Roselia,tiny,3785,81,Bach,pangolier,3884,-18,15108,14650,458,0/0/0,league_roster,league_roster,league_roster
19696,DreamLeague Season 29,8818592824,VG,BB,Dire,胜,1,Roselia,tiny,18,3785,Naruto~,muerta,3866,-81,p\,dawnbreaker,4249,-464,14650,15108,-458,0/0/0,league_roster,league_roster,league_roster
19696,DreamLeague Season 29,8818701153,VG,BB,Radiant,负,0,Roselia,terrorblade,25,2875,Naruto~,monkey_king,4541,-1666,Badwater,brewmaster,3766,-891,13325,16033,-2708,0/3/0,league_roster,league_roster,league_roster
19696,DreamLeague Season 29,8818701153,BB,VG,Dire,胜,1,Naruto~,monkey_king,28,4541,Roselia,terrorblade,2875,1666,Bach,shredder,3425,1116,16033,13325,2708,0/0/0,league_roster,league_roster,league_roster
19696,DreamLeague Season 29,8818801707,Liquid,XG,Radiant,负,0,yondaime,tiny,19,3551,区,drow_ranger,4563,-1012,¿,dawnbreaker,4830,-1279,13672,17837,-4165,2/3/0,league_roster,league_roster,league_roster
19696,DreamLeague Season 29,8818801707,XG,Liquid,Dire,胜,1,区,drow_ranger,23,4563,yondaime,tiny,3551,1012,50centaur,slardar,3056,1507,17837,13672,4165,0/0/1,league_roster,league_roster,league_roster
19696,DreamLeague Season 29,8818882603,XG,Liquid,Radiant,负,0,区,faceless_void,20,3952,yondaime,tiny,3648,304,50centaur,tidehunter,3387,565,18473,13962,4511,0/0/0,league_roster,league_roster,league_roster
19696,DreamLeague Season 29,8818882603,Liquid,XG,Dire,胜,1,yondaime,tiny,20,3648,区,faceless_void,3952,-304,¿,dawnbreaker,5140,-1492,13962,18473,-4511,1/2/0,league_roster,league_roster,league_roster
19696,DreamLeague Season 29,8818947976,XG,Liquid,Radiant,胜,1,区,drow_ranger,22,3893,yondaime,windrunner,4282,-389,50centaur,doom_bringer,3640,253,16336,15762,574,3/2/4,league_roster,league_roster,league_roster
19696,DreamLeague Season 29,8818947976,Liquid,XG,Dire,负,0,yondaime,windrunner,27,4282,区,drow_ranger,3893,389,¿,centaur,4545,-263,15762,16336,-574,2/2/0,league_roster,league_roster,league_roster
19696,DreamLeague Season 29,8819416362,NAVI,PlayTime,Radiant,胜,1,obsession,muerta,26,4377,VE,necrolyte,5224,-847,^,largo,3865,512,16235,17192,-957,2/2/1,league_roster,league_roster,league_roster
19696,DreamLeague Season 29,8819416362,PlayTime,NAVI,Dire,负,0,VE,necrolyte,35,5224,obsession,muerta,4377,847,,axe,3628,1596,17192,16235,957,3/2/2,league_roster,league_roster,league_roster
19696,DreamLeague Season 29,8819488294,PlayTime,NAVI,Radiant,胜,1,VE,nevermore,21,4558,obsession,terrorblade,3540,1018,ƬψƬ ☢ Sιrιus-妥,abyssal_underlord,3361,1197,19922,14068,5854,1/2/2,league_roster,league_roster,league_roster
19696,DreamLeague Season 29,8819488294,NAVI,PlayTime,Dire,负,0,obsession,terrorblade,23,3540,VE,nevermore,4558,-1018,ڎ,dark_seer,5647,-2107,14068,19922,-5854,0/2/1,league_roster,league_roster,league_roster
19696,DreamLeague Season 29,8819559937,PlayTime,NAVI,Radiant,胜,1,VE,nevermore,24,3473,E,windrunner,3337,136,kp,abyssal_underlord,3982,-509,17343,14746,2597,0/0/0,league_roster,league_roster,league_roster
19696,DreamLeague Season 29,8819559937,NAVI,PlayTime,Dire,负,0,E,windrunner,17,3337,VE,nevermore,3473,-136,^,enigma,5427,-2090,14746,17343,-2597,1/2/1,league_roster,league_roster,league_roster
19696,DreamLeague Season 29,8819659855,FLCN,PV,Radiant,胜,1,I m Going To Be The Best Carry,tiny,26,4763,destroy,viper,4396,367,strafe instructor,dawnbreaker,4425,338,17572,15386,2186,1/0/1,league_roster,league_roster,league_roster
19696,DreamLeague Season 29,8819659855,PV,FLCN,Dire,负,0,destroy,viper,31,4396,I m Going To Be The Best Carry,tiny,4763,-367,YeS signature player,shredder,2957,1439,15386,17572,-2186,0/1/0,league_roster,league_roster,league_roster
19696,DreamLeague Season 29,8819762321,PV,FLCN,Radiant,胜,1,destroy,tiny,28,4819,I m Going To Be The Best Carry,lone_druid,4469,350,YeS signature player,mars,3009,1810,16295,14005,2290,3/1/2,league_roster,league_roster,league_roster
19696,DreamLeague Season 29,8819762321,FLCN,PV,Dire,负,0,I m Going To Be The Best Carry,lone_druid,27,4469,destroy,tiny,4819,-350,J6,shredder,3353,1116,14005,16295,-2290,2/1/0,league_roster,league_roster,league_roster
19696,DreamLeague Season 29,8819831686,FLCN,PV,Radiant,负,0,0,luna,29,4178,destroy,tiny,3914,264,strafe instructor,shredder,2888,1290,15050,14552,498,1/0/2,league_roster,league_roster,league_roster
19696,DreamLeague Season 29,8819831686,PV,FLCN,Dire,胜,1,destroy,tiny,21,3914,0,luna,4178,-264,@Ѷ,doom_bringer,3935,-21,14552,15050,-498,0/1/2,league_roster,league_roster,league_roster
19696,DreamLeague Season 29,8819933287,Aurora,TSpirit,Radiant,负,0,tragic,life_stealer,19,3991,兜圈。,nevermore,5030,-1039,pos3jungler,snapfire,4058,-67,13739,16381,-2642,0/0/0,league_roster,league_roster,league_roster
19696,DreamLeague Season 29,8819933287,TSpirit,Aurora,Dire,胜,1,兜圈。,nevermore,32,5030,tragic,life_stealer,3991,1039,-,doom_bringer,3438,1592,16381,13739,2642,2/0/1,league_roster,league_roster,league_roster
19696,DreamLeague Season 29,8820011939,TSpirit,Aurora,Radiant,负,0,兜圈。,furion,22,4378,tragic,doom_bringer,4120,258,HD,axe,5419,-1041,14766,16913,-2147,2/1/1,league_roster,league_roster,league_roster
19696,DreamLeague Season 29,8820011939,Aurora,TSpirit,Dire,胜,1,tragic,doom_bringer,27,4120,兜圈。,furion,4378,-258,pos3jungler,mars,4038,82,16913,14766,2147,2/1/1,league_roster,league_roster,league_roster
19696,DreamLeague Season 29,8820090629,TSpirit,Aurora,Radiant,胜,1,p9,alchemist,28,3932,z,windrunner,4242,-310,Shenorita`,dawnbreaker,4855,-923,13904,17148,-3244,0/1/3,league_roster,league_roster,league_roster
19696,DreamLeague Season 29,8820090629,Aurora,TSpirit,Dire,负,0,z,windrunner,28,4242,p9,alchemist,3932,310,`3,primal_beast,3032,1210,17148,13904,3244,1/0/1,league_roster,league_roster,league_roster
19696,DreamLeague Season 29,8820614299,XG,Tundra,Radiant,负,0,,terrorblade,22,4329,lA,kez,3700,629,PE,shredder,4038,291,15735,14345,1390,0/0/0,league_roster,league_roster,league_roster
19696,DreamLeague Season 29,8820614299,Tundra,XG,Dire,胜,1,lA,kez,18,3700,,terrorblade,4329,-629,r,beastmaster,4844,-1144,14345,15735,-1390,0/2/1,league_roster,league_roster,league_roster
19696,DreamLeague Season 29,8820696424,Tundra,XG,Radiant,负,0,0,muerta,27,3882,,furion,4190,-308,x$,shredder,4000,-118,15219,16034,-815,1/0/0,league_roster,league_roster,league_roster
19696,DreamLeague Season 29,8820696424,XG,Tundra,Dire,胜,1,,furion,19,4190,0,muerta,3882,308,%,necrolyte,4284,-94,16034,15219,815,1/1/3,league_roster,league_roster,league_roster
19696,DreamLeague Season 29,8820791846,XG,Tundra,Radiant,负,0,"""7",terrorblade,15,3414,Pr+,doom_bringer,4344,-930,not human (животное),necrolyte,5431,-2017,15986,16919,-933,0/1/0,league_roster,league_roster,league_roster
19696,DreamLeague Season 29,8820791846,Tundra,XG,Dire,胜,1,Pr+,doom_bringer,21,4344,"""7",terrorblade,3414,930,+,axe,4663,-319,16919,15986,933,0/0/4,league_roster,league_roster,league_roster
19696,DreamLeague Season 29,8820939983,PlayTime,BB,Radiant,负,0,p5/,tiny,19,4477,07,alchemist,4355,122,0g7,beastmaster,4144,333,15240,16432,-1192,0/0/1,league_roster,league_roster,league_roster
19696,DreamLeague Season 29,8820939983,BB,PlayTime,Dire,胜,1,07,alchemist,20,4355,p5/,tiny,4477,-122,k,dawnbreaker,3886,469,16432,15240,1192,2/1/2,league_roster,league_roster,league_roster
19696,DreamLeague Season 29,8821039753,PlayTime,BB,Radiant,胜,1,0o,monkey_king,26,4513,,tiny,4231,282,+)܎,beastmaster,4417,96,16004,17348,-1344,1/0/0,league_roster,league_roster,league_roster
19696,DreamLeague Season 29,8821039753,BB,PlayTime,Dire,负,0,,tiny,26,4231,0o,monkey_king,4513,-282,8)܎,abyssal_underlord,3766,465,17348,16004,1344,1/1/3,league_roster,league_roster,league_roster
19696,DreamLeague Season 29,8821169334,PlayTime,BB,Radiant,胜,1,p؎,necrolyte,22,4561,,monkey_king,4084,477,I6a,abyssal_underlord,3574,987,16491,16212,279,0/0/0,league_roster,league_roster,league_roster
19696,DreamLeague Season 29,8821169334,BB,PlayTime,Dire,负,0,,monkey_king,20,4084,p؎,necrolyte,4561,-477,O,lycan,3744,340,16212,16491,-279,0/1/2,league_roster,league_roster,league_roster
19696,DreamLeague Season 29,8821255705,Aurora,Tundra,Radiant,胜,1,`r,windrunner,26,4696,Damn,ursa,4462,234,@,largo,3344,1352,15596,15013,583,2/0/4,league_roster,league_roster,league_roster
19696,DreamLeague Season 29,8821255705,Tundra,Aurora,Dire,负,0,Damn,ursa,27,4462,`r,windrunner,4696,-234,_n,shredder,3713,749,15013,15596,-583,0/0/1,league_roster,league_roster,league_roster
19696,DreamLeague Season 29,8821342421,Tundra,Aurora,Radiant,负,0,@,nevermore,25,5363,@Ò,tiny,5110,253,?,shredder,3536,1827,17142,15708,1434,3/1/2,league_roster,league_roster,league_roster
19696,DreamLeague Season 29,8821342421,Aurora,Tundra,Dire,胜,1,@Ò,tiny,27,5110,@,nevermore,5363,-253,`@,lycan,3779,1331,15708,17142,-1434,0/0/1,league_roster,league_roster,league_roster
19696,DreamLeague Season 29,8821954344,PlayTime,FLCN,Radiant,负,0,@+S,nevermore,24,4069,@arR,life_stealer,3814,255,YeS signature player,doom_bringer,3268,801,16580,15027,1553,0/2/3,league_roster,league_roster,league_roster
19696,DreamLeague Season 29,8821954344,FLCN,PlayTime,Dire,胜,1,@arR,life_stealer,30,3814,@+S,nevermore,4069,-255,^,largo,3661,153,15027,16580,-1553,0/1/2,league_roster,league_roster,league_roster
19696,DreamLeague Season 29,8822088303,PlayTime,FLCN,Radiant,负,0,P2S,nevermore,27,4946,I m Going To Be The Best Carry,tiny,3541,1405,YeS signature player,tidehunter,2860,2086,16337,14044,2293,1/0/1,league_roster,league_roster,league_roster
19696,DreamLeague Season 29,8822088303,FLCN,PlayTime,Dire,胜,1,I m Going To Be The Best Carry,tiny,24,3541,P2S,nevermore,4946,-1405,^,viper,4204,-663,14044,16337,-2293,0/1/0,league_roster,league_roster,league_roster
19696,DreamLeague Season 29,8822238357,TSpirit,PV,Radiant,胜,1,V,faceless_void,18,3934,destroy,kez,4430,-496,strafe instructor,dawnbreaker,3529,405,17714,13738,3976,0/0/3,league_roster,league_roster,league_roster
19696,DreamLeague Season 29,8822238357,PV,TSpirit,Dire,负,0,destroy,kez,28,4430,V,faceless_void,3934,496,pos3jungler,doom_bringer,3687,743,13738,17714,-3976,1/0/0,league_roster,league_roster,league_roster
19696,DreamLeague Season 29,8822330030,PV,TSpirit,Radiant,胜,1,destroy,kez,32,4679,兜圈。,alchemist,3774,905,pos3jungler,largo,2879,1800,17059,13027,4032,0/0/0,league_roster,league_roster,league_roster
19696,DreamLeague Season 29,8822330030,TSpirit,PV,Dire,负,0,兜圈。,alchemist,16,3774,destroy,kez,4679,-905,strafe instructor,beastmaster,4142,-368,13027,17059,-4032,1/0/0,league_roster,league_roster,league_roster
19696,DreamLeague Season 29,8822412074,PV,TSpirit,Radiant,胜,1,destroy,kez,27,4785,兜圈。,doom_bringer,4736,49,pos3jungler,slardar,3192,1593,16079,15217,862,2/0/1,league_roster,league_roster,league_roster
19696,DreamLeague Season 29,8822412074,TSpirit,PV,Dire,负,0,兜圈。,doom_bringer,18,4736,destroy,kez,4785,-49,strafe instructor,viper,3707,1029,15217,16079,-862,2/0/1,league_roster,league_roster,league_roster
19696,DreamLeague Season 29,8822520406,Aurora,FLCN,Radiant,胜,1,CV,lone_druid,27,5475,I m Going To Be The Best Carry,windrunner,4411,1064,YeS signature player,shredder,3141,2334,17026,14189,2837,1/0/1,league_roster,league_roster,league_roster
19696,DreamLeague Season 29,8822520406,FLCN,Aurora,Dire,负,0,I m Going To Be The Best Carry,windrunner,35,4411,CV,lone_druid,5475,-1064,Shenorita`,slardar,3288,1123,14189,17026,-2837,1/0/1,league_roster,league_roster,league_roster
19696,DreamLeague Season 29,8822593932,FLCN,Aurora,Radiant,负,0,I m Going To Be The Best Carry,life_stealer,26,3899,tragic,ursa,4707,-808,`eV,axe,5092,-1193,14273,18008,-3735,0/1/1,league_roster,league_roster,league_roster
19696,DreamLeague Season 29,8822593932,Aurora,FLCN,Dire,胜,1,tragic,ursa,26,4707,I m Going To Be The Best Carry,life_stealer,3899,808,\V,tidehunter,3064,1643,18008,14273,3735,0/0/1,league_roster,league_roster,league_roster
19696,DreamLeague Season 29,8823502263,Aurora,TSpirit,Radiant,胜,1,A Narrow Escape,faceless_void,25,4859,WV,alchemist,5137,-278,V,primal_beast,2984,1875,16650,14514,2136,1/0/1,league_roster,league_roster,league_roster
19696,DreamLeague Season 29,8823502263,TSpirit,Aurora,Dire,负,0,WV,alchemist,23,5137,A Narrow Escape,faceless_void,4859,278,=S,doom_bringer,4082,1055,14514,16650,-2136,1/1/1,league_roster,league_roster,league_roster
19696,DreamLeague Season 29,8823581121,TSpirit,Aurora,Radiant,负,0,V,faceless_void,22,3122,V,naga_siren,4118,-996,R>S,shredder,5381,-2259,14106,16902,-2796,0/1/2,league_roster,league_roster,league_roster
19696,DreamLeague Season 29,8823581121,Aurora,TSpirit,Dire,胜,1,V,naga_siren,19,4118,V,faceless_void,3122,996,ĆV,legion_commander,4501,-383,16902,14106,2796,0/1/0,league_roster,league_roster,league_roster
19696,DreamLeague Season 29,8823789680,PV,Aurora,Radiant,胜,1,4T,nevermore,28,4888,БV,tiny,4412,476,V,shredder,2223,2665,14142,14694,-552,2/0/2,league_roster,league_roster,league_roster
19696,DreamLeague Season 29,8823789680,Aurora,PV,Dire,负,0,БV,tiny,24,4412,4T,nevermore,4888,-476,D4T,slardar,3415,997,14694,14142,552,1/0/1,league_roster,league_roster,league_roster
19696,DreamLeague Season 29,8823904596,PV,Aurora,Radiant,负,0,4U,nevermore,28,4785,;S,tiny,3905,880,Shenorita`,shredder,2522,2263,16806,15121,1685,2/1/0,league_roster,league_roster,league_roster
19696,DreamLeague Season 29,8823904596,Aurora,PV,Dire,胜,1,;S,tiny,19,3905,4U,nevermore,4785,-880,64U,slardar,4757,-852,15121,16806,-1685,0/0/0,league_roster,league_roster,league_roster
19696,DreamLeague Season 29,8824011004,PV,Aurora,Radiant,胜,1,ٌU,muerta,29,4390,*S,tiny,4823,-433,9S,largo,3779,611,15971,17108,-1137,0/0/0,league_roster,league_roster,league_roster
19696,DreamLeague Season 29,8824011004,Aurora,PV,Dire,负,0,*S,tiny,28,4823,ٌU,muerta,4390,433,UT,dawnbreaker,3498,1325,17108,15971,1137,1/0/1,league_roster,league_roster,league_roster
19696,DreamLeague Season 29,8824123966,PV,Aurora,Radiant,负,0,HV,faceless_void,24,3835,0HV,alchemist,5664,-1829,`{T,largo,4148,-313,14874,16919,-2045,0/1/0,league_roster,league_roster,league_roster
19696,DreamLeague Season 29,8824123966,Aurora,PV,Dire,胜,1,0HV,alchemist,27,5664,HV,faceless_void,3835,1829,# V,axe,3588,2076,16919,14874,2045,1/0/0,league_roster,league_roster,league_roster
19696,DreamLeague Season 29,8824218541,PV,Aurora,Radiant,胜,1,rV,gyrocopter,30,4655,A Narrow Escape,necrolyte,4771,-116,pSV,dawnbreaker,3885,770,17272,17629,-357,0/0/1,league_roster,league_roster,league_roster
19696,DreamLeague Season 29,8824218541,Aurora,PV,Dire,负,0,A Narrow Escape,necrolyte,30,4771,rV,gyrocopter,4655,116,vV,axe,4771,0,17629,17272,357,0/0/0,league_roster,league_roster,league_roster
19101,BLAST Slam VII,8825996999,PARI,OG,Radiant,胜,1,`eY,terrorblade,38,4934,СW,windrunner,5524,-590,∩ (◣_◢) ∩,phoenix,3574,1360,15691,17099,-1408,0/0/0,league_roster,league_roster,league_roster
19101,BLAST Slam VII,8825996999,OG,PARI,Dire,负,0,СW,windrunner,24,5524,`eY,terrorblade,4934,590,strafe instructor,beastmaster,3930,1594,17099,15691,1408,3/0/0,league_roster,league_roster,league_roster
19101,BLAST Slam VII,8825993964,FLCN,GLYPH,Radiant,负,0,[X,tiny,23,3951,TOXIC,windrunner,4630,-679,wsm,brewmaster,3960,-9,15993,15212,781,0/1/0,league_roster,league_roster,league_roster
19101,BLAST Slam VII,8825993964,GLYPH,FLCN,Dire,胜,1,TOXIC,windrunner,29,4630,[X,tiny,3951,679,6U,mars,3689,941,15212,15993,-781,2/0/0,league_roster,league_roster,league_roster
19101,BLAST Slam VII,8826042346,BB,LGD,Radiant,负,0,Naruto~,necrolyte,19,3297,Yuma,naga_siren,4942,-1645,Wisper,snapfire,4439,-1142,13731,17742,-4011,0/1/1,league_roster,league_roster,league_roster
19101,BLAST Slam VII,8826042346,LGD,BB,Dire,胜,1,Yuma,naga_siren,24,4942,Naruto~,necrolyte,3297,1645,Badwater,lycan,3970,972,17742,13731,4011,0/0/0,league_roster,league_roster,league_roster
19101,BLAST Slam VII,8826052816,XG,Liquid,Radiant,负,0,区,faceless_void,26,4139,yondaime,tiny,4760,-621,50centaur,night_stalker,4195,-56,15601,15876,-275,0/0/0,league_roster,league_roster,league_roster
19101,BLAST Slam VII,8826052816,Liquid,XG,Dire,胜,1,yondaime,tiny,25,4760,区,faceless_void,4139,621,¿,abyssal_underlord,3557,1203,15876,15601,275,1/0/2,league_roster,league_roster,league_roster
19101,BLAST Slam VII,8826110206,TY,TSpirit,Radiant,胜,1,arima-,nevermore,26,4856,0#Y,lone_druid,3932,924,pos3jungler,axe,4163,693,17411,15131,2280,0/1/1,league_roster,league_roster,league_roster
19101,BLAST Slam VII,8826110206,TSpirit,TY,Dire,负,0,0#Y,lone_druid,26,3932,arima-,nevermore,4856,-924,bangkok,enigma,4300,-368,15131,17411,-2280,0/0/0,league_roster,league_roster,league_roster
19101,BLAST Slam VII,8826099852,Aurora,Tundra,Radiant,胜,1,Ъ>PS,tiny,33,5363,Damn,nevermore,3914,1449,not human (животное),tidehunter,3878,1485,16396,15536,860,1/0/2,league_roster,league_roster,league_roster
19101,BLAST Slam VII,8826099852,Tundra,Aurora,Dire,负,0,Damn,nevermore,23,3914,Ъ>PS,tiny,5363,-1449,Shenorita`,axe,3275,639,15536,16396,-860,2/2/5,league_roster,league_roster,league_roster
19101,BLAST Slam VII,8826168772,FLCN,OG,Radiant,胜,1,I m Going To Be The Best Carry,necrolyte,31,5034,>>>>>>>><<<<<<<<<,muerta,4390,644,S,shredder,3685,1349,17744,14901,2843,2/0/0,league_roster,league_roster,league_roster
19101,BLAST Slam VII,8826168772,OG,FLCN,Dire,负,0,>>>>>>>><<<<<<<<<,muerta,29,4390,I m Going To Be The Best Carry,necrolyte,5034,-644,YeS signature player,pangolier,4274,116,14901,17744,-2843,1/2/1,league_roster,league_roster,league_roster
19101,BLAST Slam VII,8826189006,LGD,GLYPH,Radiant,胜,1,Yuma,necrolyte,40,5311,TOXIC,terrorblade,3778,1533,wsm,bristleback,4004,1307,17988,14635,3353,1/0/0,league_roster,league_roster,league_roster
19101,BLAST Slam VII,8826189006,GLYPH,LGD,Dire,负,0,TOXIC,terrorblade,24,3778,Yuma,necrolyte,5311,-1533,Wisper,snapfire,4796,-1018,14635,17988,-3353,0/1/0,league_roster,league_roster,league_roster
19101,BLAST Slam VII,8826258112,PARI,XG,Radiant,胜,1,destroy,juggernaut,18,4379,区,muerta,2908,1471,¿,mars,4352,27,18145,13346,4799,0/0/0,league_roster,league_roster,league_roster
19101,BLAST Slam VII,8826258112,XG,PARI,Dire,负,0,区,muerta,20,2908,destroy,juggernaut,4379,-1471,strafe instructor,slardar,5037,-2129,13346,18145,-4799,0/3/0,league_roster,league_roster,league_roster
19101,BLAST Slam VII,8826268112,Aurora,BB,Radiant,负,0,mode: m0NESY,tiny,28,3927,Naruto~,windrunner,4545,-618,Badwater,largo,4553,-626,15144,15827,-683,0/0/0,league_roster,league_roster,league_roster
19101,BLAST Slam VII,8826268112,BB,Aurora,Dire,胜,1,Naruto~,windrunner,21,4545,mode: m0NESY,tiny,3927,618,Shenorita`,centaur,3743,802,15827,15144,683,2/0/0,league_roster,league_roster,league_roster
19101,BLAST Slam VII,8826347921,TY,Liquid,Radiant,胜,1,arima-,nevermore,25,4483,@RV,windrunner,4197,286,50centaur,doom_bringer,3102,1381,15692,14237,1455,3/0/0,league_roster,league_roster,league_roster
19101,BLAST Slam VII,8826347921,Liquid,TY,Dire,负,0,@RV,windrunner,29,4197,arima-,nevermore,4483,-286,bangkok,beastmaster,3849,348,14237,15692,-1455,1/0/0,league_roster,league_roster,league_roster
19101,BLAST Slam VII,8826341985,TSpirit,Tundra,Radiant,胜,1,yatoro,nevermore,32,4847,cinderella,drow_ranger,3129,1718,not human (животное),shredder,3498,1349,15671,14999,672,2/1/1,league_roster,league_roster,league_roster
19101,BLAST Slam VII,8826341985,Tundra,TSpirit,Dire,负,0,cinderella,drow_ranger,22,3129,yatoro,nevermore,4847,-1718,pos3jungler,doom_bringer,3947,-818,14999,15671,-672,1/6/5,league_roster,league_roster,league_roster
19101,BLAST Slam VII,8826437838,XG,OG,Radiant,胜,1,区,tiny,25,4147,>>>>>>>><<<<<<<<<,luna,4909,-762,∩ (◣_◢) ∩,dawnbreaker,3775,372,16445,16159,286,1/0/1,league_roster,league_roster,league_roster
19101,BLAST Slam VII,8826437838,OG,XG,Dire,负,0,>>>>>>>><<<<<<<<<,luna,31,4909,区,tiny,4147,762,¿,beastmaster,4032,877,16159,16445,-286,0/0/0,league_roster,league_roster,league_roster
19101,BLAST Slam VII,8826468180,LGD,FLCN,Radiant,负,0,Yuma,night_stalker,26,3708,I m Going To Be The Best Carry,tiny,4063,-355,Darkness,doom_bringer,4338,-630,15728,15761,-33,1/1/4,league_roster,league_roster,league_roster
19101,BLAST Slam VII,8826468180,FLCN,LGD,Dire,胜,1,I m Going To Be The Best Carry,tiny,28,4063,Yuma,night_stalker,3708,355,S,axe,4170,-107,15761,15728,33,0/2/0,league_roster,league_roster,league_roster
19101,BLAST Slam VII,8826537048,Aurora,GLYPH,Radiant,负,0,mode: m0NESY,tiny,20,4292,TOXIC,nevermore,5290,-998,wsm,omniknight,4078,214,15705,16348,-643,1/1/1,league_roster,league_roster,league_roster
19101,BLAST Slam VII,8826537048,GLYPH,Aurora,Dire,胜,1,TOXIC,nevermore,25,5290,mode: m0NESY,tiny,4292,998,Shenorita`,tidehunter,3072,2218,16348,15705,643,2/0/1,league_roster,league_roster,league_roster
19101,BLAST Slam VII,8826591758,PARI,TY,Radiant,负,0,destroy,necrolyte,31,3982,arima-,lone_druid,5415,-1433,bangkok,phoenix,4278,-296,13547,17610,-4063,0/2/0,league_roster,league_roster,league_roster
19101,BLAST Slam VII,8826591758,TY,PARI,Dire,胜,1,arima-,lone_druid,27,5415,destroy,necrolyte,3982,1433,strafe instructor,shredder,2886,2529,17610,13547,4063,1/0/0,league_roster,league_roster,league_roster
19101,BLAST Slam VII,8826631538,Tundra,Liquid,Radiant,胜,1,cinderella,doom_bringer,13,3565,yondaime,drow_ranger,4663,-1098,50centaur,centaur,4922,-1357,14461,16638,-2177,0/3/0,league_roster,league_roster,league_roster
19101,BLAST Slam VII,8826631538,Liquid,Tundra,Dire,负,0,yondaime,drow_ranger,29,4663,cinderella,doom_bringer,3565,1098,not human (животное),largo,3897,766,16638,14461,2177,1/1/1,league_roster,league_roster,league_roster
19101,BLAST Slam VII,8826691962,TSpirit,BB,Radiant,负,0,yatoro,terrorblade,35,4916,Naruto~,life_stealer,4321,595,Badwater,lycan,3905,1011,14640,15555,-915,0/0/0,league_roster,league_roster,league_roster
19101,BLAST Slam VII,8826691962,BB,TSpirit,Dire,胜,1,Naruto~,life_stealer,28,4321,yatoro,terrorblade,4916,-595,pos3jungler,largo,3543,778,15555,14640,915,0/0/1,league_roster,league_roster,league_roster
19101,BLAST Slam VII,8827282767,XG,FLCN,Radiant,负,0,o,kez,24,3629,`b,alchemist,5426,-1797,Darkness,pangolier,4302,-673,17115,18733,-1618,0/0/0,league_roster,league_roster,league_roster
19101,BLAST Slam VII,8827282767,FLCN,XG,Dire,胜,1,`b,alchemist,33,5426,o,kez,3629,1797,,night_stalker,4537,889,18733,17115,1618,0/0/0,league_roster,league_roster,league_roster
19101,BLAST Slam VII,8827289834,LGD,Aurora,Radiant,胜,1,C,nevermore,29,5174,mode: m0NESY,alchemist,5589,-415,Shenorita`,shredder,2588,2586,16922,14353,2569,1/0/0,league_roster,league_roster,league_roster
19101,BLAST Slam VII,8827289834,Aurora,LGD,Dire,负,0,mode: m0NESY,alchemist,31,5589,C,nevermore,5174,415,Wisper,batrider,4215,1374,14353,16922,-2569,0/1/2,league_roster,league_roster,league_roster
19101,BLAST Slam VII,8827351366,OG,TY,Radiant,负,0,>>>>>>>><<<<<<<<<,tiny,26,4555,arima-,kez,4946,-391,bangkok,pangolier,4020,535,13877,17531,-3654,2/0/1,league_roster,league_roster,league_roster
19101,BLAST Slam VII,8827351366,TY,OG,Dire,胜,1,arima-,kez,26,4946,>>>>>>>><<<<<<<<<,tiny,4555,391,∩ (◣_◢) ∩,doom_bringer,3061,1885,17531,13877,3654,3/0/0,league_roster,league_roster,league_roster
19101,BLAST Slam VII,8827339763,TSpirit,GLYPH,Radiant,胜,1,yatoro,drow_ranger,28,5797,@Yx,nevermore,4447,1350,wsm,batrider,3042,2755,17390,15274,2116,2/0/2,league_roster,league_roster,league_roster
19101,BLAST Slam VII,8827339763,GLYPH,TSpirit,Dire,负,0,@Yx,nevermore,27,4447,yatoro,drow_ranger,5797,-1350,PO,mars,3527,920,15274,17390,-2116,0/0/1,league_roster,league_roster,league_roster
19101,BLAST Slam VII,8827394170,PARI,Tundra,Radiant,胜,1,destroy,faceless_void,24,4601,MdS,windrunner,4216,385,not human (животное),lycan,4224,377,16898,14566,2332,0/0/1,league_roster,league_roster,league_roster
19101,BLAST Slam VII,8827394170,Tundra,PARI,Dire,负,0,MdS,windrunner,24,4216,destroy,faceless_void,4601,-385,strafe instructor,pangolier,3604,612,14566,16898,-2332,3/2/0,league_roster,league_roster,league_roster
19101,BLAST Slam VII,8827398120,Liquid,BB,Radiant,胜,1,@*T,tiny,27,4715,,alchemist,3748,967,,lycan,3859,856,19237,13884,5353,3/1/1,league_roster,league_roster,league_roster
19101,BLAST Slam VII,8827398120,BB,Liquid,Dire,负,0,,alchemist,22,3748,@*T,tiny,4715,-967,50centaur,night_stalker,6216,-2468,13884,19237,-5353,0/4/0,league_roster,league_roster,league_roster
19101,BLAST Slam VII,8827464470,FLCN,Aurora,Radiant,胜,1,I m Going To Be The Best Carry,vengefulspirit,28,3343,mode: m0NESY,windrunner,3099,244,Shenorita`,doom_bringer,4617,-1274,14458,14405,53,0/1/2,league_roster,league_roster,league_roster
19101,BLAST Slam VII,8827464470,Aurora,FLCN,Dire,负,0,mode: m0NESY,windrunner,27,3099,I m Going To Be The Best Carry,vengefulspirit,3343,-244,Darkness,razor,4521,-1422,14405,14458,-53,1/1/0,league_roster,league_roster,league_roster
19101,BLAST Slam VII,8827492535,XG,TY,Radiant,负,0,区,kez,23,3327,s,windrunner,4640,-1313,bangkok,slardar,5161,-1834,13759,17295,-3536,1/1/0,league_roster,league_roster,league_roster
19101,BLAST Slam VII,8827492535,TY,XG,Dire,胜,1,s,windrunner,25,4640,区,kez,3327,1313,¿,magnataur,4187,453,17295,13759,3536,1/0/4,league_roster,league_roster,league_roster
19101,BLAST Slam VII,8827534616,TSpirit,LGD,Radiant,负,0,PAMd,juggernaut,23,4906,Yuma,vengefulspirit,4152,754,Wisper,batrider,3633,1273,18388,14910,3478,2/0/0,league_roster,league_roster,league_roster
19101,BLAST Slam VII,8827534616,LGD,TSpirit,Dire,胜,1,Yuma,vengefulspirit,30,4152,PAMd,juggernaut,4906,-754,pos3jungler,doom_bringer,5619,-1467,14910,18388,-3478,0/1/1,league_roster,league_roster,league_roster
19101,BLAST Slam VII,8827591403,OG,Tundra,Radiant,胜,1,I,necrolyte,36,5837,cinderella,phantom_assassin,3664,2173,not human (животное),shredder,3568,2269,15603,15761,-158,2/0/1,league_roster,league_roster,league_roster
19101,BLAST Slam VII,8827591403,Tundra,OG,Dire,负,0,cinderella,phantom_assassin,18,3664,I,necrolyte,5837,-2173,∩ (◣_◢) ∩,beastmaster,3808,-144,15761,15603,158,0/2/1,league_roster,league_roster,league_roster
19101,BLAST Slam VII,8827680462,Liquid,GLYPH,Radiant,胜,1,PF,bristleback,36,5326,TOXIC,faceless_void,4519,807,wsm,beastmaster,4823,503,18227,17068,1159,2/1/0,league_roster,league_roster,league_roster
19101,BLAST Slam VII,8827680462,GLYPH,Liquid,Dire,负,0,TOXIC,faceless_void,21,4519,PF,bristleback,5326,-807,50centaur,axe,5499,-980,17068,18227,-1159,0/0/0,league_roster,league_roster,league_roster
19101,BLAST Slam VII,8827613435,BB,PARI,Radiant,负,0,P7%,nevermore,28,4934,destroy,kez,5094,-160,strafe instructor,dawnbreaker,3231,1703,16780,16526,254,0/2/1,league_roster,league_roster,league_roster
19101,BLAST Slam VII,8827613435,PARI,BB,Dire,胜,1,destroy,kez,31,5094,P7%,nevermore,4934,160,Badwater,tidehunter,4508,586,16526,16780,-254,0/0/1,league_roster,league_roster,league_roster
19101,BLAST Slam VII,8827769920,Aurora,TSpirit,Radiant,胜,1,mode: m0NESY,tiny,15,2765,yatoro,kez,4676,-1911,pos3jungler,omniknight,4783,-2018,15186,17452,-2266,0/2/1,league_roster,league_roster,league_roster
19101,BLAST Slam VII,8827769920,TSpirit,Aurora,Dire,负,0,yatoro,kez,29,4676,mode: m0NESY,tiny,2765,1911,Shenorita`,largo,4236,440,17452,15186,2266,5/1/0,league_roster,league_roster,league_roster
19101,BLAST Slam VII,8827784459,TY,FLCN,Radiant,负,0,*S,kez,23,4294,I m Going To Be The Best Carry,tiny,4709,-415,Darkness,legion_commander,2915,1379,15507,16897,-1390,4/1/0,league_roster,league_roster,league_roster
19101,BLAST Slam VII,8827784459,FLCN,TY,Dire,胜,1,I m Going To Be The Best Carry,tiny,33,4709,*S,kez,4294,415,bangkok,pangolier,3648,1061,16897,15507,1390,0/0/2,league_roster,league_roster,league_roster
19101,BLAST Slam VII,8827888041,XG,Tundra,Radiant,负,0,)T,furion,30,3510,pT,doom_bringer,4384,-874,not human (животное),beastmaster,4596,-1086,14546,18148,-3602,1/2/2,league_roster,league_roster,league_roster
19101,BLAST Slam VII,8827888041,Tundra,XG,Dire,胜,1,pT,doom_bringer,25,4384,)T,furion,3510,874,¿,tidehunter,3950,434,18148,14546,3602,4/1/1,league_roster,league_roster,league_roster
19101,BLAST Slam VII,8827875225,LGD,Liquid,Radiant,负,0,Yuma,necrolyte,32,4671,yondaime,nevermore,4843,-172,50centaur,axe,4849,-178,15833,16070,-237,1/1/1,league_roster,league_roster,league_roster
19101,BLAST Slam VII,8827875225,Liquid,LGD,Dire,胜,1,yondaime,nevermore,28,4843,Yuma,necrolyte,4671,172,Wisper,batrider,3729,1114,16070,15833,237,1/2/0,league_roster,league_roster,league_roster
19101,BLAST Slam VII,8828562631,PARI,GLYPH,Radiant,胜,1,destroy,nevermore,31,4798,`cG,kez,5066,-268,wsm,lycan,3259,1539,19088,15122,3966,0/1/1,league_roster,league_roster,league_roster
19101,BLAST Slam VII,8828562631,GLYPH,PARI,Dire,负,0,`cG,kez,27,5066,destroy,nevermore,4798,268,strafe instructor,axe,5647,-581,15122,19088,-3966,0/0/1,league_roster,league_roster,league_roster
19101,BLAST Slam VII,8828557643,OG,BB,Radiant,负,0,>>>>>>>><<<<<<<<<,kez,18,3792,@R%,terrorblade,4563,-771,p9,axe,4630,-838,14027,16056,-2029,0/1/1,league_roster,league_roster,league_roster
19101,BLAST Slam VII,8828557643,BB,OG,Dire,胜,1,@R%,terrorblade,25,4563,>>>>>>>><<<<<<<<<,kez,3792,771,@O,night_stalker,2946,1617,16056,14027,2029,0/0/0,league_roster,league_roster,league_roster
19101,BLAST Slam VII,8828602222,FLCN,TSpirit,Radiant,胜,1,I m Going To Be The Best Carry,alchemist,25,4519,yatoro,windrunner,3838,681,pos3jungler,death_prophet,5117,-598,17151,16695,456,0/2/1,league_roster,league_roster,league_roster
19101,BLAST Slam VII,8828602222,TSpirit,FLCN,Dire,负,0,yatoro,windrunner,24,3838,I m Going To Be The Best Carry,alchemist,4519,-681,Darkness,razor,3881,-43,16695,17151,-456,0/1/2,league_roster,league_roster,league_roster
19101,BLAST Slam VII,8828608241,TY,Tundra,Radiant,胜,1,arima-,nevermore,29,5371,lost in the world,windrunner,3453,1918,not human (животное),largo,3149,2222,17136,12972,4164,1/1/1,league_roster,league_roster,league_roster
19101,BLAST Slam VII,8828608241,Tundra,TY,Dire,负,0,lost in the world,windrunner,22,3453,arima-,nevermore,5371,-1918,6,undying,3850,-397,12972,17136,-4164,1/1/2,league_roster,league_roster,league_roster
19101,BLAST Slam VII,8828662524,Aurora,Liquid,Radiant,胜,1,mode: m0NESY,tiny,21,4371,yondaime,dragon_knight,4867,-496,50centaur,abyssal_underlord,3423,948,15080,15267,-187,1/0/2,league_roster,league_roster,league_roster
19101,BLAST Slam VII,8828662524,Liquid,Aurora,Dire,负,0,yondaime,dragon_knight,28,4867,mode: m0NESY,tiny,4371,496,,dawnbreaker,3752,1115,15267,15080,187,0/0/0,league_roster,league_roster,league_roster
19101,BLAST Slam VII,8828679235,BB,XG,Radiant,胜,1,Naruto~,kez,28,4437,区,alchemist,5120,-683,¿,shredder,3682,755,14524,16313,-1789,0/0/1,league_roster,league_roster,league_roster
19101,BLAST Slam VII,8828679235,XG,BB,Dire,负,0,区,alchemist,23,5120,Naruto~,kez,4437,683,Badwater,slardar,3494,1626,16313,14524,1789,1/0/0,league_roster,league_roster,league_roster
19101,BLAST Slam VII,8828733774,GLYPH,OG,Radiant,负,0,TOXIC,monkey_king,31,4586,>>>>>>>><<<<<<<<<,terrorblade,4706,-120,@e,axe,5313,-727,16054,16234,-180,1/1/0,league_roster,league_roster,league_roster
19101,BLAST Slam VII,8828733774,OG,GLYPH,Dire,胜,1,>>>>>>>><<<<<<<<<,terrorblade,30,4706,TOXIC,monkey_king,4586,120,wsm,dark_seer,4527,179,16234,16054,180,0/0/1,league_roster,league_roster,league_roster
19101,BLAST Slam VII,8828731237,PARI,LGD,Radiant,负,0,;,muerta,23,3738,Yuma,necrolyte,6109,-2371,Wisper,enigma,4246,-508,14199,17453,-3254,0/1/0,league_roster,league_roster,league_roster
19101,BLAST Slam VII,8828731237,LGD,PARI,Dire,胜,1,Yuma,necrolyte,30,6109,;,muerta,3738,2371,strafe instructor,axe,3663,2446,17453,14199,3254,4/0/0,league_roster,league_roster,league_roster
19101,BLAST Slam VII,8828810013,XG,TSpirit,Radiant,胜,1,区,kez,28,4417,@m,tiny,3471,946,pos3jungler,slardar,2954,1463,17901,12223,5678,1/0/0,league_roster,league_roster,league_roster
19101,BLAST Slam VII,8828810013,TSpirit,XG,Dire,负,0,@m,tiny,24,3471,区,kez,4417,-946,¿,beastmaster,5404,-1933,12223,17901,-5678,0/1/1,league_roster,league_roster,league_roster
19101,BLAST Slam VII,8828847743,TY,Aurora,Radiant,负,0,arima-,luna,24,3434,P,gyrocopter,5588,-2154,Shenorita`,axe,4400,-966,14751,17277,-2526,0/2/0,league_roster,league_roster,league_roster
19101,BLAST Slam VII,8828847743,Aurora,TY,Dire,胜,1,P,gyrocopter,37,5588,arima-,luna,3434,2154,bangkok,enigma,3372,2216,17277,14751,2526,1/1/0,league_roster,league_roster,league_roster
19101,BLAST Slam VII,8828912690,Tundra,FLCN,Radiant,负,0,lost in the world,nevermore,22,4200,I m Going To Be The Best Carry,tiny,5259,-1059,Darkness,doom_bringer,3216,984,14599,17127,-2528,2/0/1,league_roster,league_roster,league_roster
19101,BLAST Slam VII,8828912690,FLCN,Tundra,Dire,胜,1,I m Going To Be The Best Carry,tiny,27,5259,lost in the world,nevermore,4200,1059,not human (животное),centaur,3675,1584,17127,14599,2528,1/0/1,league_roster,league_roster,league_roster
19101,BLAST Slam VII,8828964848,LGD,OG,Radiant,负,0,Yuma,nevermore,27,3916,>>>>>>>><<<<<<<<<,abaddon,3952,-36,∩ (◣_◢) ∩,shredder,3891,25,16060,14543,1517,1/1/2,league_roster,league_roster,league_roster
19101,BLAST Slam VII,8828964848,OG,LGD,Dire,胜,1,>>>>>>>><<<<<<<<<,abaddon,24,3952,Yuma,nevermore,3916,36,FC,axe,4166,-214,14543,16060,-1517,0/1/4,league_roster,league_roster,league_roster
19101,BLAST Slam VII,8828993295,TY,BB,Radiant,负,0,`˽,tiny,24,4079,Naruto~,windrunner,5232,-1153,w,shredder,4325,-246,14855,18798,-3943,0/0/0,league_roster,league_roster,league_roster
19101,BLAST Slam VII,8828993295,BB,TY,Dire,胜,1,Naruto~,windrunner,25,5232,`˽,tiny,4079,1153,@,phoenix,2788,2444,18798,14855,3943,1/0/7,league_roster,league_roster,league_roster
19101,BLAST Slam VII,8829074990,PARI,Aurora,Radiant,胜,1,destroy,nevermore,24,5701,mode: m0NESY,tiny,4062,1639,Shenorita`,dawnbreaker,3678,2023,18546,14925,3621,2/1/2,league_roster,league_roster,league_roster
19101,BLAST Slam VII,8829074990,Aurora,PARI,Dire,负,0,mode: m0NESY,tiny,20,4062,destroy,nevermore,5701,-1639,strafe instructor,axe,4360,-298,14925,18546,-3621,1/0/1,league_roster,league_roster,league_roster
19101,BLAST Slam VII,8829095250,TSpirit,Liquid,Radiant,胜,1,yatoro,drow_ranger,27,5727,yondaime,nevermore,4820,907,50centaur,axe,2839,2888,16750,15437,1313,4/0/0,league_roster,league_roster,league_roster
19101,BLAST Slam VII,8829095250,Liquid,TSpirit,Dire,负,0,yondaime,nevermore,24,4820,yatoro,drow_ranger,5727,-907,pos3jungler,batrider,3288,1532,15437,16750,-1313,0/0/1,league_roster,league_roster,league_roster
19101,BLAST Slam VII,8829158433,GLYPH,XG,Radiant,负,0,TOXIC,terrorblade,29,3540,],muerta,4457,-917,¿,doom_bringer,5209,-1669,13954,18101,-4147,0/4/1,league_roster,league_roster,league_roster
19101,BLAST Slam VII,8829158433,XG,GLYPH,Dire,胜,1,],muerta,24,4457,TOXIC,terrorblade,3540,917,0A,largo,3303,1154,18101,13954,4147,0/2/3,league_roster,league_roster,league_roster
19101,BLAST Slam VII,8829839467,FLCN,Liquid,Radiant,负,0,I m Going To Be The Best Carry,tiny,14,2976,y,drow_ranger,4578,-1602,50centaur,dawnbreaker,3770,-794,12295,15477,-3182,1/0/1,league_roster,league_roster,league_roster
19101,BLAST Slam VII,8829839467,Liquid,FLCN,Dire,胜,1,y,drow_ranger,25,4578,I m Going To Be The Best Carry,tiny,2976,1602,Darkness,pangolier,2791,1787,15477,12295,3182,2/1/2,league_roster,league_roster,league_roster
19101,BLAST Slam VII,8829839456,Tundra,BB,Radiant,负,0,lost in the world,kez,20,3520,(,tiny,4046,-526,T,largo,4094,-574,14879,14932,-53,0/1/0,league_roster,league_roster,league_roster
19101,BLAST Slam VII,8829839456,BB,Tundra,Dire,胜,1,(,tiny,25,4046,lost in the world,kez,3520,526,?Z,necrolyte,4942,-896,14932,14879,53,0/1/2,league_roster,league_roster,league_roster
19101,BLAST Slam VII,8829882210,PARI,TSpirit,Radiant,负,0,destroy,nevermore,26,4825,1.1,drow_ranger,4192,633,f,batrider,3186,1639,16877,13738,3139,1/1/0,league_roster,league_roster,league_roster
19101,BLAST Slam VII,8829882210,TSpirit,PARI,Dire,胜,1,1.1,drow_ranger,20,4192,destroy,nevermore,4825,-633,strafe instructor,axe,3907,285,13738,16877,-3139,0/0/1,league_roster,league_roster,league_roster
19101,BLAST Slam VII,8829902323,TY,GLYPH,Radiant,胜,1,arima-,clinkz,33,4969,TOXIC,windrunner,4584,385,8,beastmaster,3221,1748,17092,15228,1864,0/0/1,league_roster,league_roster,league_roster
19101,BLAST Slam VII,8829902323,GLYPH,TY,Dire,负,0,TOXIC,windrunner,28,4584,arima-,clinkz,4969,-385,bangkok,lycan,3764,820,15228,17092,-1864,1/0/0,league_roster,league_roster,league_roster
19101,BLAST Slam VII,8829947467,LGD,XG,Radiant,胜,1,9N,tiny,21,4028,`f,lone_druid,4736,-708,J,axe,4366,-338,15259,17027,-1768,0/0/4,league_roster,league_roster,league_roster
19101,BLAST Slam VII,8829947467,XG,LGD,Dire,负,0,`f,lone_druid,28,4736,9N,tiny,4028,708,@z@,shredder,3602,1134,17027,15259,1768,1/0/2,league_roster,league_roster,league_roster
19101,BLAST Slam VII,8829947329,Aurora,OG,Radiant,胜,1,̟,phantom_lancer,26,4209,),drow_ranger,5274,-1065,∩ (◣_◢) ∩,doom_bringer,3713,496,14953,15967,-1014,1/1/0,league_roster,league_roster,league_roster
19101,BLAST Slam VII,8829947329,OG,Aurora,Dire,负,0,),drow_ranger,31,5274,̟,phantom_lancer,4209,1065,^,axe,3352,1922,15967,14953,1014,2/0/1,league_roster,league_roster,league_roster
19101,BLAST Slam VII,8830011623,FLCN,BB,Radiant,负,0,I m Going To Be The Best Carry,windrunner,28,4384,Naruto~,kez,4277,107,N,centaur,4563,-179,16126,16724,-598,0/0/2,league_roster,league_roster,league_roster
19101,BLAST Slam VII,8830011623,BB,FLCN,Dire,胜,1,Naruto~,kez,26,4277,I m Going To Be The Best Carry,windrunner,4384,-107,Darkness,viper,4172,105,16724,16126,598,4/1/2,league_roster,league_roster,league_roster
19101,BLAST Slam VII,8830022703,PARI,Liquid,Radiant,胜,1,"@""",kez,25,3995,"G,",drow_ranger,4050,-55,50centaur,doom_bringer,3654,341,15749,14392,1357,1/1/2,league_roster,league_roster,league_roster
19101,BLAST Slam VII,8830022703,Liquid,PARI,Dire,负,0,"G,",drow_ranger,33,4050,"@""",kez,3995,55,,beastmaster,3650,400,14392,15749,-1357,1/2/0,league_roster,league_roster,league_roster
19101,BLAST Slam VII,8830092075,TSpirit,OG,Radiant,胜,1,1.1,necrolyte,27,4012,>>>>>>>><<<<<<<<<,vengefulspirit,3700,312,∩ (◣_◢) ∩,axe,3720,292,14873,13751,1122,1/1/1,league_roster,league_roster,league_roster
19101,BLAST Slam VII,8830092075,OG,TSpirit,Dire,负,0,>>>>>>>><<<<<<<<<,vengefulspirit,21,3700,1.1,necrolyte,4012,-312,pos3jungler,doom_bringer,4008,-308,13751,14873,-1122,2/2/1,league_roster,league_roster,league_roster
19101,BLAST Slam VII,8830097448,GLYPH,Tundra,Radiant,负,0,#V,nevermore,22,4716,lost in the world,templar_assassin,5144,-428,not human (животное),doom_bringer,3640,1076,14572,14429,143,1/0/0,league_roster,league_roster,league_roster
19101,BLAST Slam VII,8830097448,Tundra,GLYPH,Dire,胜,1,lost in the world,templar_assassin,30,5144,#V,nevermore,4716,428,wsm,snapfire,3146,1998,14429,14572,-143,3/0/0,league_roster,league_roster,league_roster
19101,BLAST Slam VII,8830175194,XG,Aurora,Radiant,负,0,SY,tiny,19,4049,,furion,4457,-408,Shenorita`,axe,3974,75,15002,16306,-1304,1/0/0,league_roster,league_roster,league_roster
19101,BLAST Slam VII,8830175194,Aurora,XG,Dire,胜,1,,furion,28,4457,SY,tiny,4049,408,¿,dawnbreaker,3435,1022,16306,15002,1304,1/0/1,league_roster,league_roster,league_roster
19101,BLAST Slam VII,8830280454,PARI,FLCN,Radiant,胜,1,PjJY,nevermore,26,4562,I m Going To Be The Best Carry,vengefulspirit,3173,1389,Darkness,mars,3735,827,17664,13394,4270,0/2/1,league_roster,league_roster,league_roster
19101,BLAST Slam VII,8830280454,FLCN,PARI,Dire,负,0,I m Going To Be The Best Carry,vengefulspirit,21,3173,PjJY,nevermore,4562,-1389,,axe,5190,-2017,13394,17664,-4270,0/1/0,league_roster,league_roster,league_roster
19101,BLAST Slam VII,8830206341,LGD,TY,Radiant,胜,1,E1,gyrocopter,35,5366,arima-,nevermore,4897,469,bangkok,beastmaster,3446,1920,19296,15009,4287,0/0/3,league_roster,league_roster,league_roster
19101,BLAST Slam VII,8830206341,TY,LGD,Dire,负,0,arima-,nevermore,33,4897,E1,gyrocopter,5366,-469,Wisper,snapfire,4327,570,15009,19296,-4287,2/2/0,league_roster,league_roster,league_roster
19101,BLAST Slam VII,8830423116,BB,GLYPH,Radiant,胜,1,0,monkey_king,32,4774,TOXIC,windrunner,4493,281,wsm,omniknight,2603,2171,15421,13799,1622,0/0/0,league_roster,league_roster,league_roster
19101,BLAST Slam VII,8830423116,GLYPH,BB,Dire,负,0,TOXIC,windrunner,28,4493,0,monkey_king,4774,-281,Badwater,largo,3935,558,13799,15421,-1622,0/0/0,league_roster,league_roster,league_roster
19101,BLAST Slam VII,8830442388,LGD,Tundra,Radiant,胜,1,Yuma,drow_ranger,30,5254,ׂ,nevermore,4436,818,not human (животное),tidehunter,3135,2119,15725,15759,-34,1/0/2,league_roster,league_roster,league_roster
19101,BLAST Slam VII,8830442388,Tundra,LGD,Dire,负,0,ׂ,nevermore,18,4436,Yuma,drow_ranger,5254,-818,,largo,3460,976,15759,15725,34,2/2/3,league_roster,league_roster,league_roster
19101,BLAST Slam VII,8830529631,Liquid,OG,Radiant,胜,1,yondaime,drow_ranger,24,4996,>>>>>>>><<<<<<<<<,phantom_lancer,4138,858,∩ (◣_◢) ∩,shredder,3104,1892,16320,13462,2858,3/0/0,league_roster,league_roster,league_roster
19101,BLAST Slam VII,8830529631,OG,Liquid,Dire,负,0,>>>>>>>><<<<<<<<<,phantom_lancer,22,4138,yondaime,drow_ranger,4996,-858,50centaur,slardar,3368,770,13462,16320,-2858,0/0/1,league_roster,league_roster,league_roster
19101,BLAST Slam VII,8831470213,TSpirit,OG,Radiant,胜,1,1.1,tiny,23,4027,>>>>>>>><<<<<<<<<,windrunner,3698,329,∩ (◣_◢) ∩,doom_bringer,4200,-173,16444,14665,1779,0/0/0,league_roster,league_roster,league_roster
19101,BLAST Slam VII,8831470213,OG,TSpirit,Dire,负,0,>>>>>>>><<<<<<<<<,windrunner,20,3698,1.1,tiny,4027,-329,pn,largo,5062,-1364,14665,16444,-1779,0/2/1,league_roster,league_roster,league_roster
19101,BLAST Slam VII,8831470350,Aurora,Tundra,Radiant,负,0,mode: m0NESY,windrunner,27,4348,lost in the world,ursa,5006,-658,not human (животное),largo,3546,802,14742,16332,-1590,1/0/0,league_roster,league_roster,league_roster
19101,BLAST Slam VII,8831470350,Tundra,Aurora,Dire,胜,1,lost in the world,ursa,25,5006,mode: m0NESY,windrunner,4348,658,Shenorita`,shredder,2132,2874,16332,14742,1590,3/0/1,league_roster,league_roster,league_roster
19101,BLAST Slam VII,8831571711,OG,TSpirit,Radiant,负,0,>>>>>>>><<<<<<<<<,kez,27,4466,1.1,drow_ranger,4774,-308,pos3jungler,tidehunter,4088,378,14254,15841,-1587,1/0/1,league_roster,league_roster,league_roster
19101,BLAST Slam VII,8831571711,TSpirit,OG,Dire,胜,1,1.1,drow_ranger,31,4774,>>>>>>>><<<<<<<<<,kez,4466,308,∩ (◣_◢) ∩,lycan,2732,2042,15841,14254,1587,1/0/1,league_roster,league_roster,league_roster
19101,BLAST Slam VII,8831571549,Aurora,Tundra,Radiant,胜,1,mode: m0NESY,alchemist,22,5088,E~u,dragon_knight,3748,1340,not human (животное),beastmaster,3799,1289,16162,13643,2519,3/0/1,league_roster,league_roster,league_roster
19101,BLAST Slam VII,8831571549,Tundra,Aurora,Dire,负,0,E~u,dragon_knight,23,3748,mode: m0NESY,alchemist,5088,-1340,Shenorita`,dawnbreaker,3535,213,13643,16162,-2519,0/1/1,league_roster,league_roster,league_roster
19101,BLAST Slam VII,8831663527,TSpirit,TY,Radiant,负,0,1.1,nevermore,27,4908,arima-,templar_assassin,3660,1248,bangkok,abyssal_underlord,3193,1715,16061,14482,1579,3/0/1,league_roster,league_roster,league_roster
19101,BLAST Slam VII,8831663527,TY,TSpirit,Dire,胜,1,arima-,templar_assassin,17,3660,1.1,nevermore,4908,-1248,pos3jungler,largo,4532,-872,14482,16061,-1579,0/1/1,league_roster,league_roster,league_roster
19101,BLAST Slam VII,8831674830,Aurora,Tundra,Radiant,胜,1,e,nevermore,37,5347,),necrolyte,6194,-847,not human (животное),brewmaster,2310,3037,15486,15297,189,0/0/0,league_roster,league_roster,league_roster
19101,BLAST Slam VII,8831674830,Tundra,Aurora,Dire,负,0,),necrolyte,32,6194,e,nevermore,5347,847,P,axe,3060,3134,15297,15486,-189,5/0/2,league_roster,league_roster,league_roster
19101,BLAST Slam VII,8831810450,TY,TSpirit,Radiant,胜,1,,lone_druid,29,4558,1.1,alchemist,5123,-565,pos3jungler,pangolier,3571,987,18042,14857,3185,1/1/1,league_roster,league_roster,league_roster
19101,BLAST Slam VII,8831810450,TSpirit,TY,Dire,负,0,1.1,alchemist,20,5123,,lone_druid,4558,565,,axe,4680,443,14857,18042,-3185,2/2/1,league_roster,league_roster,league_roster
19101,BLAST Slam VII,8831817474,Liquid,Aurora,Radiant,负,0,yondaime,life_stealer,18,4188,,windrunner,4588,-400,Shenorita`,axe,4178,10,14924,18060,-3136,1/1/1,league_roster,league_roster,league_roster
19101,BLAST Slam VII,8831817474,Aurora,Liquid,Dire,胜,1,,windrunner,27,4588,yondaime,life_stealer,4188,400,50centaur,dawnbreaker,3558,1030,18060,14924,3136,0/0/1,league_roster,league_roster,league_roster
19101,BLAST Slam VII,8831927547,Aurora,Liquid,Radiant,胜,1,mode: m0NESY,phantom_lancer,21,4007,,drow_ranger,4876,-869,50centaur,slardar,3872,135,14135,15793,-1658,2/0/2,league_roster,league_roster,league_roster
19101,BLAST Slam VII,8831927547,Liquid,Aurora,Dire,负,0,,drow_ranger,32,4876,mode: m0NESY,phantom_lancer,4007,869,Z,axe,3728,1148,15793,14135,1658,4/2/2,league_roster,league_roster,league_roster
19543,PGL Wallachia 2026 Season 8,8775954955,TSpirit,VG,Radiant,负,0,我讨厌这个世界,monkey_king,28,4217,綢,muerta,4205,12,@e,slardar,4154,63,14485,17041,-2556,0/1/1,league_roster,league_roster,league_roster
19543,PGL Wallachia 2026 Season 8,8775954955,VG,TSpirit,Dire,胜,1,綢,muerta,23,4205,我讨厌这个世界,monkey_king,4217,-12,GAMBOT-PARIS,void_spirit,3571,634,17041,14485,2556,1/2/1,league_roster,league_roster,league_roster
19543,PGL Wallachia 2026 Season 8,8775954888,XG,NAVI,Radiant,胜,1,y,monkey_king,35,4181,"pA,",tiny,3649,532,whaler,lycan,4032,149,15257,15527,-270,0/1/1,league_roster,league_roster,league_roster
19543,PGL Wallachia 2026 Season 8,8775954888,NAVI,XG,Dire,负,0,"pA,",tiny,13,3649,y,monkey_king,4181,-532,P$,magnataur,4158,-509,15527,15257,270,1/1/0,league_roster,league_roster,league_roster
19543,PGL Wallachia 2026 Season 8,8776019262,XG,NAVI,Radiant,胜,1,0,tiny,26,4641,rejected,medusa,4105,536,whaler,mars,3625,1016,17658,15303,2355,1/0/0,league_roster,league_roster,league_roster
19543,PGL Wallachia 2026 Season 8,8776019262,NAVI,XG,Dire,负,0,rejected,medusa,26,4105,0,tiny,4641,-536,`yv,doom_bringer,4962,-857,15303,17658,-2355,0/2/1,league_roster,league_roster,league_roster
19543,PGL Wallachia 2026 Season 8,8776009613,VG,TSpirit,Radiant,负,0,Roselia,windrunner,26,4144,我讨厌这个世界,tiny,4403,-259,GAMBOT-PARIS,largo,3910,234,15744,15822,-78,1/0/3,league_roster,league_roster,league_roster
19543,PGL Wallachia 2026 Season 8,8776009613,TSpirit,VG,Dire,胜,1,我讨厌这个世界,tiny,28,4403,Roselia,windrunner,4144,259,Bach,abyssal_underlord,4269,134,15822,15744,78,2/1/0,league_roster,league_roster,league_roster
19543,PGL Wallachia 2026 Season 8,8776077999,GL,Liquid,Radiant,负,0,鬼,viper,25,5357,yondaime,lone_druid,4804,553,50centaur,bristleback,3858,1499,16647,16559,88,3/1/0,league_roster,league_roster,league_roster
19543,PGL Wallachia 2026 Season 8,8776077999,Liquid,GL,Dire,胜,1,yondaime,lone_druid,27,4804,鬼,viper,5357,-553,помойка,tidehunter,3508,1296,16559,16647,-88,0/0/0,league_roster,league_roster,league_roster
19543,PGL Wallachia 2026 Season 8,8776094912,TSpirit,VG,Radiant,胜,1,我讨厌这个世界,terrorblade,29,4654,,beastmaster,4772,-118,Bach,doom_bringer,3435,1219,15421,15798,-377,1/0/0,league_roster,league_roster,league_roster
19543,PGL Wallachia 2026 Season 8,8776094912,VG,TSpirit,Dire,负,0,,beastmaster,26,4772,我讨厌这个世界,terrorblade,4654,118,GAMBOT-PARIS,tidehunter,3734,1038,15798,15421,377,1/0/1,league_roster,league_roster,league_roster
19543,PGL Wallachia 2026 Season 8,8776157596,Liquid,GL,Radiant,负,0,yondaime,luna,25,3992,p|,muerta,4586,-594,помойка,beastmaster,4428,-436,13483,16285,-2802,1/1/1,league_roster,league_roster,league_roster
19543,PGL Wallachia 2026 Season 8,8776157596,GL,Liquid,Dire,胜,1,p|,muerta,23,4586,yondaime,luna,3992,594,50centaur,pangolier,2872,1714,16285,13483,2802,0/0/1,league_roster,league_roster,league_roster
19543,PGL Wallachia 2026 Season 8,8776170934,SAR,Aurora,Radiant,负,0,VE,muerta,24,4663,bored,lone_druid,5184,-521,Shenorita`,slardar,4156,507,16125,17084,-959,1/0/0,league_roster,league_roster,league_roster
19543,PGL Wallachia 2026 Season 8,8776170934,Aurora,SAR,Dire,胜,1,bored,lone_druid,34,5184,VE,muerta,4663,521,^,abyssal_underlord,3430,1754,17084,16125,959,0/1/0,league_roster,league_roster,league_roster
19543,PGL Wallachia 2026 Season 8,8776238601,SAR,Aurora,Radiant,胜,1,VE,monkey_king,22,4421,`&,tiny,4740,-319,Shenorita`,pangolier,3173,1248,14420,15149,-729,1/0/1,league_roster,league_roster,league_roster
19543,PGL Wallachia 2026 Season 8,8776238601,Aurora,SAR,Dire,负,0,`&,tiny,26,4740,VE,monkey_king,4421,319,^,slardar,2535,2205,15149,14420,729,0/0/2,league_roster,league_roster,league_roster
19543,PGL Wallachia 2026 Season 8,8776236178,GL,Liquid,Radiant,负,0,鬼,muerta,27,4610,a,tiny,3639,971,50centaur,abyssal_underlord,3719,891,15923,15124,799,0/0/0,league_roster,league_roster,league_roster
19543,PGL Wallachia 2026 Season 8,8776236178,Liquid,GL,Dire,胜,1,a,tiny,26,3639,鬼,muerta,4610,-971,помойка,night_stalker,4669,-1030,15124,15923,-799,0/1/1,league_roster,league_roster,league_roster
19543,PGL Wallachia 2026 Season 8,8776302295,SAR,Aurora,Radiant,负,0,VE,windrunner,17,3560,bored,ursa,4735,-1175,Shenorita`,pangolier,4652,-1092,14612,18124,-3512,1/1/2,league_roster,league_roster,league_roster
19543,PGL Wallachia 2026 Season 8,8776302295,Aurora,SAR,Dire,胜,1,bored,ursa,23,4735,VE,windrunner,3560,1175,^,abyssal_underlord,3877,858,18124,14612,3512,1/0/1,league_roster,league_roster,league_roster
19543,PGL Wallachia 2026 Season 8,8776345901,PV,MOUZ,Radiant,胜,1,.....,kez,33,5324,KITR,phantom_lancer,3871,1453,>,sand_king,2883,2441,18406,13030,5376,1/0/1,league_roster,league_roster,league_roster
19543,PGL Wallachia 2026 Season 8,8776345901,MOUZ,PV,Dire,负,0,KITR,phantom_lancer,27,3871,.....,kez,5324,-1453,"Nah, I'd adapt",slardar,5002,-1131,13030,18406,-5376,1/1/0,league_roster,league_roster,league_roster
19543,PGL Wallachia 2026 Season 8,8776380784,BetBoom,VP,Radiant,胜,1,Naruto~,tiny,26,4163,nokia,muerta,4815,-652,PE(,primal_beast,3745,418,17591,15444,2147,0/1/2,league_roster,league_roster,league_roster
19543,PGL Wallachia 2026 Season 8,8776380784,VP,BetBoom,Dire,负,0,nokia,muerta,27,4815,Naruto~,tiny,4163,652,17 mind,axe,5247,-432,15444,17591,-2147,1/0/0,league_roster,league_roster,league_roster
19543,PGL Wallachia 2026 Season 8,8776432038,PV,MOUZ,Radiant,胜,1,.....,monkey_king,31,5087,k(,muerta,4515,572,D3,slardar,2692,2395,16393,14502,1891,2/1/2,league_roster,league_roster,league_roster
19543,PGL Wallachia 2026 Season 8,8776432038,MOUZ,PV,Dire,负,0,k(,muerta,24,4515,.....,monkey_king,5087,-572,lD,tidehunter,4100,415,14502,16393,-1891,2/1/3,league_roster,league_roster,league_roster
19543,PGL Wallachia 2026 Season 8,8776484403,BetBoom,VP,Radiant,胜,1,`5E,life_stealer,30,4246,nokia,muerta,4858,-612,granny got hit by a bazooka,night_stalker,2759,1487,16549,16165,384,0/1/4,league_roster,league_roster,league_roster
19543,PGL Wallachia 2026 Season 8,8776484403,VP,BetBoom,Dire,负,0,nokia,muerta,30,4858,`5E,life_stealer,4246,612,17 mind,abyssal_underlord,4627,231,16165,16549,-384,0/0/0,league_roster,league_roster,league_roster
19543,PGL Wallachia 2026 Season 8,8776543835,FLCN,TY,Radiant,胜,1,I m Going To Be The Best Carry,tiny,33,4745,1000-7,alchemist,5031,-286,!!!,largo,3797,948,17797,16009,1788,0/0/0,league_roster,league_roster,league_roster
19543,PGL Wallachia 2026 Season 8,8776543835,TY,FLCN,Dire,负,0,1000-7,alchemist,24,5031,I m Going To Be The Best Carry,tiny,4745,286,YeS signature player,tidehunter,4482,549,16009,17797,-1788,2/0/0,league_roster,league_roster,league_roster
19543,PGL Wallachia 2026 Season 8,8776583882,HEROIC,Tundra,Radiant,胜,1,Yuma,tiny,21,3880,1+1=11,phantom_assassin,4278,-398,not human (животное),largo,3843,37,18193,16009,2184,1/1/0,league_roster,league_roster,league_roster
19543,PGL Wallachia 2026 Season 8,8776583882,Tundra,HEROIC,Dire,负,0,1+1=11,phantom_assassin,25,4278,Yuma,tiny,3880,398,E.,bristleback,6154,-1876,16009,18193,-2184,2/2/0,league_roster,league_roster,league_roster
19543,PGL Wallachia 2026 Season 8,8776664516,TY,FLCN,Radiant,负,0,PW<,alchemist,24,5007,I m Going To Be The Best Carry,lone_druid,5456,-449,Pv,bristleback,5562,-555,16452,19231,-2779,0/1/0,league_roster,league_roster,league_roster
19543,PGL Wallachia 2026 Season 8,8776664516,FLCN,TY,Dire,胜,1,I m Going To Be The Best Carry,lone_druid,36,5456,PW<,alchemist,5007,449,!!!,centaur,3921,1535,19231,16452,2779,0/0/0,league_roster,league_roster,league_roster
19543,PGL Wallachia 2026 Season 8,8776679266,Tundra,HEROIC,Radiant,胜,1,1+1=11,muerta,26,3781,Yuma,gyrocopter,3903,-122,Wisper,dark_seer,5032,-1251,14751,15906,-1155,1/1/0,league_roster,league_roster,league_roster
19543,PGL Wallachia 2026 Season 8,8776679266,HEROIC,Tundra,Dire,负,0,Yuma,gyrocopter,28,3903,1+1=11,muerta,3781,122,not human (животное),largo,3308,595,15906,14751,1155,0/0/1,league_roster,league_roster,league_roster
19543,PGL Wallachia 2026 Season 8,8776815882,Tundra,HEROIC,Radiant,负,0,1+1=11,gyrocopter,29,5478,@,tiny,4364,1114,Wisper,pangolier,2760,2718,17450,13546,3904,4/0/0,league_roster,league_roster,league_roster
19543,PGL Wallachia 2026 Season 8,8776815882,HEROIC,Tundra,Dire,胜,1,@,tiny,22,4364,1+1=11,gyrocopter,5478,-1114,not human (животное),largo,4490,-126,13546,17450,-3904,0/0/0,league_roster,league_roster,league_roster
19543,PGL Wallachia 2026 Season 8,8777439091,VG,NAVI,Radiant,负,0,Roselia,gyrocopter,24,3941,rejected,doom_bringer,4768,-827,lole,abyssal_underlord,4674,-733,13319,17627,-4308,0/2/0,league_roster,league_roster,league_roster
19543,PGL Wallachia 2026 Season 8,8777439091,NAVI,VG,Dire,胜,1,rejected,doom_bringer,22,4768,Roselia,gyrocopter,3941,827,Pq,pangolier,3381,1387,17627,13319,4308,2/0/3,league_roster,league_roster,league_roster
19543,PGL Wallachia 2026 Season 8,8777432261,XG,Aurora,Radiant,胜,1,ZmjjKK,weaver,25,4205,bored,lone_druid,3930,275,Shenorita`,pangolier,3644,561,17925,15248,2677,1/0/0,league_roster,league_roster,league_roster
19543,PGL Wallachia 2026 Season 8,8777432261,Aurora,XG,Dire,负,0,bored,lone_druid,19,3930,ZmjjKK,weaver,4205,-275,¿,abyssal_underlord,4605,-675,15248,17925,-2677,0/2/0,league_roster,league_roster,league_roster
19543,PGL Wallachia 2026 Season 8,8777495739,Aurora,XG,Radiant,胜,1,bored,lone_druid,26,4419,ZmjjKK,beastmaster,3704,715,¿,bristleback,3688,731,17501,15020,2481,1/1/0,league_roster,league_roster,league_roster
19543,PGL Wallachia 2026 Season 8,8777495739,XG,Aurora,Dire,负,0,ZmjjKK,beastmaster,16,3704,bored,lone_druid,4419,-715,,abyssal_underlord,4903,-1199,15020,17501,-2481,0/2/0,league_roster,league_roster,league_roster
19543,PGL Wallachia 2026 Season 8,8777492128,NAVI,VG,Radiant,负,0,rejected,gyrocopter,32,4867,P,monkey_king,4443,424,Bach,beastmaster,3785,1082,16373,16725,-352,0/1/2,league_roster,league_roster,league_roster
19543,PGL Wallachia 2026 Season 8,8777492128,VG,NAVI,Dire,胜,1,P,monkey_king,26,4443,rejected,gyrocopter,4867,-424,i,bristleback,3755,688,16725,16373,352,1/0/1,league_roster,league_roster,league_roster
19543,PGL Wallachia 2026 Season 8,8777560892,XG,Aurora,Radiant,负,0,ZmjjKK,weaver,24,3799,pf,lone_druid,5308,-1509,Shenorita`,centaur,3905,-106,15970,16163,-193,1/0/2,league_roster,league_roster,league_roster
19543,PGL Wallachia 2026 Season 8,8777560892,Aurora,XG,Dire,胜,1,pf,lone_druid,21,5308,ZmjjKK,weaver,3799,1509,¿,primal_beast,4227,1081,16163,15970,193,4/0/1,league_roster,league_roster,league_roster
19543,PGL Wallachia 2026 Season 8,8777570720,VG,NAVI,Radiant,胜,1,;ȴ,tiny,27,4859,rejected,beastmaster,4506,353,lole,centaur,3970,889,16298,15747,551,0/0/0,league_roster,league_roster,league_roster
19543,PGL Wallachia 2026 Season 8,8777570720,NAVI,VG,Dire,负,0,rejected,beastmaster,31,4506,;ȴ,tiny,4859,-353,"0""",batrider,3923,583,15747,16298,-551,0/0/1,league_roster,league_roster,league_roster
19543,PGL Wallachia 2026 Season 8,8777630244,Liquid,BetBoom,Radiant,负,0,yondaime,windrunner,32,4820,Naruto~,monkey_king,4282,538,17 mind,axe,3820,1000,15419,14748,671,1/0/0,league_roster,league_roster,league_roster
19543,PGL Wallachia 2026 Season 8,8777630244,BetBoom,Liquid,Dire,胜,1,Naruto~,monkey_king,29,4282,yondaime,windrunner,4820,-538,50centaur,brewmaster,3070,1212,14748,15419,-671,0/0/0,league_roster,league_roster,league_roster
19543,PGL Wallachia 2026 Season 8,8777652578,GL,MOUZ,Radiant,胜,1,鬼,necrolyte,22,4697,,tiny,3125,1572,TAXMAN,slardar,3621,1076,16992,13187,3805,0/1/0,league_roster,league_roster,league_roster
19543,PGL Wallachia 2026 Season 8,8777652578,MOUZ,GL,Dire,负,0,,tiny,16,3125,鬼,necrolyte,4697,-1572,помойка,doom_bringer,4306,-1181,13187,16992,-3805,0/0/0,league_roster,league_roster,league_roster
19543,PGL Wallachia 2026 Season 8,8777714725,BetBoom,Liquid,Radiant,胜,1,Naruto~,kez,25,4848,yondaime,tiny,4102,746,7,lycan,3254,1594,16099,14962,1137,1/0/2,league_roster,league_roster,league_roster
19543,PGL Wallachia 2026 Season 8,8777714725,Liquid,BetBoom,Dire,负,0,yondaime,tiny,22,4102,Naruto~,kez,4848,-746,17 mind,dawnbreaker,3378,724,14962,16099,-1137,0/0/0,league_roster,league_roster,league_roster
19543,PGL Wallachia 2026 Season 8,8777738576,GL,MOUZ,Radiant,胜,1,鬼,muerta,30,4570,KITR,windrunner,4393,177,TAXMAN,abyssal_underlord,3918,652,17149,15136,2013,0/1/2,league_roster,league_roster,league_roster
19543,PGL Wallachia 2026 Season 8,8777738576,MOUZ,GL,Dire,负,0,KITR,windrunner,26,4393,鬼,muerta,4570,-177,помойка,slardar,4251,142,15136,17149,-2013,2/1/1,league_roster,league_roster,league_roster
19543,PGL Wallachia 2026 Season 8,8777800049,TSpirit,FLCN,Radiant,胜,1,我讨厌这个世界,terrorblade,22,4069,I m Going To Be The Best Carry,alchemist,3957,112,pǠ,shredder,4381,-312,16440,15753,687,0/0/0,league_roster,league_roster,league_roster
19543,PGL Wallachia 2026 Season 8,8777800049,FLCN,TSpirit,Dire,负,0,I m Going To Be The Best Carry,alchemist,19,3957,我讨厌这个世界,terrorblade,4069,-112,GAMBOT-PARIS,slardar,4597,-640,15753,16440,-687,0/2/0,league_roster,league_roster,league_roster
19543,PGL Wallachia 2026 Season 8,8777838108,TY,SAR,Radiant,负,0,arima-,beastmaster,29,4970,VE,necrolyte,4832,138,^,slardar,2810,2160,17601,15056,2545,0/0/1,league_roster,league_roster,league_roster
19543,PGL Wallachia 2026 Season 8,8777838108,SAR,TY,Dire,胜,1,VE,necrolyte,32,4832,arima-,beastmaster,4970,-138,!!!,bristleback,3900,932,15056,17601,-2545,1/1/0,league_roster,league_roster,league_roster
19543,PGL Wallachia 2026 Season 8,8777936470,FLCN,TSpirit,Radiant,胜,1,I m Going To Be The Best Carry,alchemist,29,5834,我讨厌这个世界,tiny,3650,2184,GAMBOT-PARIS,bristleback,4564,1270,19261,14852,4409,0/0/1,league_roster,league_roster,league_roster
19543,PGL Wallachia 2026 Season 8,8777936470,TSpirit,FLCN,Dire,负,0,我讨厌这个世界,tiny,20,3650,I m Going To Be The Best Carry,alchemist,5834,-2184,Yͣ,tidehunter,5003,-1353,14852,19261,-4409,0/2/1,league_roster,league_roster,league_roster
19543,PGL Wallachia 2026 Season 8,8777955132,SAR,TY,Radiant,胜,1,VE,tiny,22,4269,arima-,lone_druid,4669,-400,!!!,centaur,4925,-656,15949,16890,-941,0/0/0,league_roster,league_roster,league_roster
19543,PGL Wallachia 2026 Season 8,8777955132,TY,SAR,Dire,负,0,arima-,lone_druid,26,4669,VE,tiny,4269,400,^,beastmaster,4047,622,16890,15949,941,1/1/0,league_roster,league_roster,league_roster
19543,PGL Wallachia 2026 Season 8,8778045350,FLCN,TSpirit,Radiant,胜,1,!U,weaver,32,4729,我讨厌这个世界,monkey_king,4054,675,GAMBOT-PARIS,pangolier,3575,1154,17684,16097,1587,1/0/0,league_roster,league_roster,league_roster
19543,PGL Wallachia 2026 Season 8,8778045350,TSpirit,FLCN,Dire,负,0,我讨厌这个世界,monkey_king,27,4054,!U,weaver,4729,-675,YeS signature player,bristleback,4439,-385,16097,17684,-1587,0/2/2,league_roster,league_roster,league_roster
19543,PGL Wallachia 2026 Season 8,8778074211,Tundra,VP,Radiant,负,0,1+1=11,life_stealer,28,3951,nokia,alchemist,4707,-756,granny got hit by a bazooka,enigma,4571,-620,16241,18547,-2306,0/0/0,league_roster,league_roster,league_roster
19543,PGL Wallachia 2026 Season 8,8778074211,VP,Tundra,Dire,胜,1,nokia,alchemist,21,4707,1+1=11,life_stealer,3951,756,not human (животное),shredder,4661,46,18547,16241,2306,0/2/2,league_roster,league_roster,league_roster
19543,PGL Wallachia 2026 Season 8,8778168822,VP,Tundra,Radiant,负,0,nokia,faceless_void,23,4227,1+1=11,lone_druid,4243,-16,not human (животное),sand_king,3722,505,16004,14317,1687,3/2/2,league_roster,league_roster,league_roster
19543,PGL Wallachia 2026 Season 8,8778168822,Tundra,VP,Dire,胜,1,1+1=11,lone_druid,24,4243,nokia,faceless_void,4227,16,granny got hit by a bazooka,primal_beast,3403,840,14317,16004,-1687,1/1/0,league_roster,league_roster,league_roster
19543,PGL Wallachia 2026 Season 8,8778162915,PV,HEROIC,Radiant,胜,1,.....,phantom_lancer,24,3739,Yuma,luna,3841,-102,*,shredder,4129,-390,16706,15491,1215,0/0/3,league_roster,league_roster,league_roster
19543,PGL Wallachia 2026 Season 8,8778162915,HEROIC,PV,Dire,负,0,Yuma,luna,24,3841,.....,phantom_lancer,3739,102,"Nah, I'd adapt",night_stalker,4695,-854,15491,16706,-1215,0/2/1,league_roster,league_roster,league_roster
19543,PGL Wallachia 2026 Season 8,8778254726,PV,HEROIC,Radiant,胜,1,.....,kez,24,4702,Yuma,monkey_king,3292,1410,Wisper,magnataur,3675,1027,17788,14091,3697,0/0/2,league_roster,league_roster,league_roster
19543,PGL Wallachia 2026 Season 8,8778254726,HEROIC,PV,Dire,负,0,Yuma,monkey_king,19,3292,.....,kez,4702,-1410,"Nah, I'd adapt",slardar,4876,-1584,14091,17788,-3697,0/1/0,league_roster,league_roster,league_roster
19543,PGL Wallachia 2026 Season 8,8778252071,Tundra,VP,Radiant,负,0,1+1=11,tiny,31,5255,nokia,windrunner,4910,345,granny got hit by a bazooka,dawnbreaker,2885,2370,16046,16511,-465,1/0/4,league_roster,league_roster,league_roster
19543,PGL Wallachia 2026 Season 8,8778252071,VP,Tundra,Dire,胜,1,nokia,windrunner,27,4910,1+1=11,tiny,5255,-345,not human (животное),abyssal_underlord,3404,1506,16511,16046,465,1/0/2,league_roster,league_roster,league_roster
19543,PGL Wallachia 2026 Season 8,8778849866,GL,TSpirit,Radiant,胜,1,鬼,lone_druid,24,5638,我讨厌这个世界,luna,4566,1072,GAMBOT-PARIS,tidehunter,2889,2749,18149,14379,3770,6/0/1,league_roster,league_roster,league_roster
19543,PGL Wallachia 2026 Season 8,8778849866,TSpirit,GL,Dire,负,0,我讨厌这个世界,luna,25,4566,鬼,lone_druid,5638,-1072,помойка,sand_king,4342,224,14379,18149,-3770,1/0/0,league_roster,league_roster,league_roster
19543,PGL Wallachia 2026 Season 8,8778849893,Liquid,VG,Radiant,负,0,yondaime,bristleback,27,4566,Ph,tiny,4026,540,Ph,night_stalker,3724,842,15983,16400,-417,0/0/1,league_roster,league_roster,league_roster
19543,PGL Wallachia 2026 Season 8,8778849893,VG,Liquid,Dire,胜,1,Ph,tiny,20,4026,yondaime,bristleback,4566,-540,50centaur,pangolier,4182,-156,16400,15983,417,0/1/0,league_roster,league_roster,league_roster
19543,PGL Wallachia 2026 Season 8,8778896415,TSpirit,GL,Radiant,负,0,f,muerta,26,4026,鬼,tiny,4323,-297,помойка,slardar,4065,-39,15131,16891,-1760,0/1/0,league_roster,league_roster,league_roster
19543,PGL Wallachia 2026 Season 8,8778896415,GL,TSpirit,Dire,胜,1,鬼,tiny,21,4323,f,muerta,4026,297,GAMBOT-PARIS,largo,3767,556,16891,15131,1760,0/1/1,league_roster,league_roster,league_roster
19543,PGL Wallachia 2026 Season 8,8778912772,VG,Liquid,Radiant,负,0,Roselia,monkey_king,22,3914,TC,kez,4505,-591,50centaur,bristleback,4109,-195,14454,17900,-3446,0/0/0,league_roster,league_roster,league_roster
19543,PGL Wallachia 2026 Season 8,8778912772,Liquid,VG,Dire,胜,1,TC,kez,27,4505,Roselia,monkey_king,3914,591,Bach,sand_king,3516,989,17900,14454,3446,1/0/4,league_roster,league_roster,league_roster
19543,PGL Wallachia 2026 Season 8,8778960929,Liquid,VG,Radiant,胜,1,yondaime,windrunner,29,4782,Roselia,tiny,3984,798,Bach,bristleback,3357,1425,17991,14460,3531,2/0/0,league_roster,league_roster,league_roster
19543,PGL Wallachia 2026 Season 8,8778960929,VG,Liquid,Dire,负,0,Roselia,tiny,18,3984,yondaime,windrunner,4782,-798,50centaur,pangolier,4878,-894,14460,17991,-3531,2/1/0,league_roster,league_roster,league_roster
19543,PGL Wallachia 2026 Season 8,8778945001,HEROIC,VP,Radiant,胜,1,Yuma,life_stealer,27,4760,nokia,tiny,4006,754,granny got hit by a bazooka,slardar,2439,2321,18388,13512,4876,0/0/3,league_roster,league_roster,league_roster
19543,PGL Wallachia 2026 Season 8,8778945001,VP,HEROIC,Dire,负,0,nokia,tiny,24,4006,Yuma,life_stealer,4760,-754,Wisper,tidehunter,3960,46,13512,18388,-4876,1/0/1,league_roster,league_roster,league_roster
19543,PGL Wallachia 2026 Season 8,8779004984,SAR,XG,Radiant,胜,1,VE,alchemist,16,4786,ZmjjKK,lone_druid,5094,-308,¿,bristleback,3416,1370,17642,15927,1715,0/1/2,league_roster,league_roster,league_roster
19543,PGL Wallachia 2026 Season 8,8779004984,XG,SAR,Dire,负,0,ZmjjKK,lone_druid,25,5094,VE,alchemist,4786,308,^,viper,3966,1128,15927,17642,-1715,2/1/1,league_roster,league_roster,league_roster
19543,PGL Wallachia 2026 Season 8,8779006190,HEROIC,VP,Radiant,胜,1,Yuma,tiny,22,4054,nokia,gyrocopter,3977,77,granny got hit by a bazooka,pangolier,3890,164,15784,15193,591,0/1/0,league_roster,league_roster,league_roster
19543,PGL Wallachia 2026 Season 8,8779006190,VP,HEROIC,Dire,负,0,nokia,gyrocopter,20,3977,Yuma,tiny,4054,-77,zr,batrider,5010,-1033,15193,15784,-591,0/2/1,league_roster,league_roster,league_roster
19543,PGL Wallachia 2026 Season 8,8779057857,SAR,XG,Radiant,负,0,VE,beastmaster,22,3875,ZmjjKK,lone_druid,5474,-1599,¿,slardar,4976,-1101,14892,18841,-3949,0/1/1,league_roster,league_roster,league_roster
19543,PGL Wallachia 2026 Season 8,8779057857,XG,SAR,Dire,胜,1,ZmjjKK,lone_druid,32,5474,VE,beastmaster,3875,1599,^,doom_bringer,3591,1883,18841,14892,3949,2/0/0,league_roster,league_roster,league_roster
19543,PGL Wallachia 2026 Season 8,8779067796,BetBoom,FLCN,Radiant,负,0,Naruto~,alchemist,24,4812,00,lone_druid,4152,660,YeS signature player,tidehunter,5055,-243,18076,16611,1465,1/0/0,league_roster,league_roster,league_roster
19543,PGL Wallachia 2026 Season 8,8779067796,FLCN,BetBoom,Dire,胜,1,00,lone_druid,27,4152,Naruto~,alchemist,4812,-660,17 mind,undying,4563,-411,16611,18076,-1465,1/1/0,league_roster,league_roster,league_roster
19543,PGL Wallachia 2026 Season 8,8779123262,SAR,XG,Radiant,胜,1,VE,beastmaster,27,4677,ZmjjKK,monkey_king,2547,2130,¿,abyssal_underlord,4129,548,18983,12099,6884,0/0/1,league_roster,league_roster,league_roster
19543,PGL Wallachia 2026 Season 8,8779123262,XG,SAR,Dire,负,0,ZmjjKK,monkey_king,18,2547,VE,beastmaster,4677,-2130,^,enigma,4580,-2033,12099,18983,-6884,0/0/0,league_roster,league_roster,league_roster
19543,PGL Wallachia 2026 Season 8,8779155491,FLCN,BetBoom,Radiant,负,0,I m Going To Be The Best Carry,lone_druid,33,4246,Naruto~,alchemist,5044,-798,17 mind,dawnbreaker,3966,280,15366,16497,-1131,0/1/0,league_roster,league_roster,league_roster
19543,PGL Wallachia 2026 Season 8,8779155491,BetBoom,FLCN,Dire,胜,1,Naruto~,alchemist,25,5044,I m Going To Be The Best Carry,lone_druid,4246,798,YeS signature player,abyssal_underlord,4118,926,16497,15366,1131,1/0/1,league_roster,league_roster,league_roster
19543,PGL Wallachia 2026 Season 8,8779214847,TY,NAVI,Radiant,胜,1,arima-,weaver,19,4231,rejected,monkey_king,4003,228,cat/dog,tidehunter,3804,427,18009,14125,3884,2/0/0,league_roster,league_roster,league_roster
19543,PGL Wallachia 2026 Season 8,8779214847,NAVI,TY,Dire,负,0,rejected,monkey_king,23,4003,arima-,weaver,4231,-228,!!!,abyssal_underlord,4312,-309,14125,18009,-3884,0/0/0,league_roster,league_roster,league_roster
19543,PGL Wallachia 2026 Season 8,8779265864,BetBoom,FLCN,Radiant,胜,1,t,tiny,31,4555,`ܤ,lone_druid,4224,331,YeS signature player,abyssal_underlord,3943,612,16399,14944,1455,1/0/0,league_roster,league_roster,league_roster
19543,PGL Wallachia 2026 Season 8,8779265864,FLCN,BetBoom,Dire,负,0,`ܤ,lone_druid,29,4224,t,tiny,4555,-331,17 mind,dawnbreaker,3908,316,14944,16399,-1455,0/0/1,league_roster,league_roster,league_roster
19543,PGL Wallachia 2026 Season 8,8779297009,NAVI,TY,Radiant,胜,1,rejected,ursa,26,4040,arima-,lone_druid,4751,-711,!!!,abyssal_underlord,3394,646,15091,14327,764,0/0/2,league_roster,league_roster,league_roster
19543,PGL Wallachia 2026 Season 8,8779297009,TY,NAVI,Dire,负,0,arima-,lone_druid,27,4751,rejected,ursa,4040,711,cat/dog,sand_king,3110,1641,14327,15091,-764,2/1/0,league_roster,league_roster,league_roster
19543,PGL Wallachia 2026 Season 8,8779372774,PV,Aurora,Radiant,负,0,.....,phantom_lancer,31,4607,Lۦ,windrunner,3916,691,0Oţ,slardar,3618,989,16910,15664,1246,0/0/0,league_roster,league_roster,league_roster
19543,PGL Wallachia 2026 Season 8,8779372774,Aurora,PV,Dire,胜,1,Lۦ,windrunner,24,3916,.....,phantom_lancer,4607,-691,"Nah, I'd adapt",axe,4232,-316,15664,16910,-1246,0/0/2,league_roster,league_roster,league_roster
19543,PGL Wallachia 2026 Season 8,8779396380,NAVI,TY,Radiant,胜,1,rejected,broodmother,18,3717,arima-,terrorblade,4483,-766,!!!,brewmaster,3687,30,14067,17413,-3346,0/0/1,league_roster,league_roster,league_roster
19543,PGL Wallachia 2026 Season 8,8779396380,TY,NAVI,Dire,负,0,arima-,terrorblade,20,4483,rejected,broodmother,3717,766,cat/dog,slardar,3993,490,17413,14067,3346,0/0/0,league_roster,league_roster,league_roster
19543,PGL Wallachia 2026 Season 8,8779491334,MOUZ,Tundra,Radiant,胜,1,KITR,lone_druid,27,5212,1+1=11,tiny,4170,1042,not human (животное),abyssal_underlord,3215,1997,17530,13617,3913,3/0/1,league_roster,league_roster,league_roster
19543,PGL Wallachia 2026 Season 8,8779491334,Tundra,MOUZ,Dire,负,0,1+1=11,tiny,24,4170,KITR,lone_druid,5212,-1042,TAXMAN,shredder,4170,0,13617,17530,-3913,0/0/1,league_roster,league_roster,league_roster
19543,PGL Wallachia 2026 Season 8,8779478244,PV,Aurora,Radiant,胜,1,.....,kez,29,4633,bored,windrunner,4649,-16,Shenorita`,shredder,4486,147,17123,17469,-346,0/0/2,league_roster,league_roster,league_roster
19543,PGL Wallachia 2026 Season 8,8779478244,Aurora,PV,Dire,负,0,bored,windrunner,31,4649,.....,kez,4633,16,"Nah, I'd adapt",slardar,3797,852,17469,17123,346,1/1/2,league_roster,league_roster,league_roster
19543,PGL Wallachia 2026 Season 8,8779574003,MOUZ,Tundra,Radiant,负,0,KITR,alchemist,27,4494,1+1=11,lone_druid,4706,-212,not human (животное),shredder,3772,722,15788,14581,1207,0/0/1,league_roster,league_roster,league_roster
19543,PGL Wallachia 2026 Season 8,8779574003,Tundra,MOUZ,Dire,胜,1,1+1=11,lone_druid,19,4706,KITR,alchemist,4494,212,TAXMAN,tidehunter,4156,550,14581,15788,-1207,1/0/0,league_roster,league_roster,league_roster
19543,PGL Wallachia 2026 Season 8,8779581832,PV,Aurora,Radiant,负,0,.....,terrorblade,24,4143,bored,faceless_void,4343,-200,Shenorita`,slardar,4652,-509,15929,17424,-1495,0/1/0,league_roster,league_roster,league_roster
19543,PGL Wallachia 2026 Season 8,8779581832,Aurora,PV,Dire,胜,1,bored,faceless_void,26,4343,.....,terrorblade,4143,200,"Nah, I'd adapt",tidehunter,4478,-135,17424,15929,1495,0/0/0,league_roster,league_roster,league_roster
19543,PGL Wallachia 2026 Season 8,8779658823,MOUZ,Tundra,Radiant,胜,1,KITR,medusa,29,4430,1+1=11,life_stealer,4451,-21,not human (животное),doom_bringer,4305,125,15277,14842,435,0/0/0,league_roster,league_roster,league_roster
19543,PGL Wallachia 2026 Season 8,8779658823,Tundra,MOUZ,Dire,负,0,1+1=11,life_stealer,26,4451,KITR,medusa,4430,21,TAXMAN,pangolier,4293,158,14842,15277,-435,1/1/0,league_roster,league_roster,league_roster
19543,PGL Wallachia 2026 Season 8,8780072753,TSpirit,NAVI,Radiant,负,0,wuy72456敏捷,alchemist,21,4061,rejected,doom_bringer,5252,-1191,cat/dog,abyssal_underlord,5484,-1423,16248,19752,-3504,0/2/0,league_roster,league_roster,league_roster
19543,PGL Wallachia 2026 Season 8,8780072753,NAVI,TSpirit,Dire,胜,1,rejected,doom_bringer,28,5252,wuy72456敏捷,alchemist,4061,1191,GAMBOT-PARIS,pangolier,3813,1439,19752,16248,3504,1/0/0,league_roster,league_roster,league_roster
19543,PGL Wallachia 2026 Season 8,8780072726,Liquid,HEROIC,Radiant,胜,1,yondaime,kez,30,4792,`Vh5,tiny,3929,863,0W,enigma,3684,1108,18251,15138,3113,1/0/3,league_roster,league_roster,league_roster
19543,PGL Wallachia 2026 Season 8,8780072726,HEROIC,Liquid,Dire,负,0,`Vh5,tiny,21,3929,yondaime,kez,4792,-863,50centaur,slardar,3698,231,15138,18251,-3113,0/1/2,league_roster,league_roster,league_roster
19543,PGL Wallachia 2026 Season 8,8780111494,HEROIC,Liquid,Radiant,负,0,Yuma,alchemist,20,5574,1¢,tiny,4417,1157,50centaur,batrider,4075,1499,17208,16194,1014,2/0/1,league_roster,league_roster,league_roster
19543,PGL Wallachia 2026 Season 8,8780111494,Liquid,HEROIC,Dire,胜,1,1¢,tiny,25,4417,Yuma,alchemist,5574,-1157,˦,undying,4258,159,16194,17208,-1014,2/0/3,league_roster,league_roster,league_roster
19543,PGL Wallachia 2026 Season 8,8780111466,TSpirit,NAVI,Radiant,胜,1,wuy72456敏捷,lone_druid,31,5913,rejected,ursa,4069,1844,cat/dog,lycan,3138,2775,18546,15953,2593,4/0/0,league_roster,league_roster,league_roster
19543,PGL Wallachia 2026 Season 8,8780111466,NAVI,TSpirit,Dire,负,0,rejected,ursa,20,4069,wuy72456敏捷,lone_druid,5913,-1844,GAMBOT-PARIS,kunkka,4058,11,15953,18546,-2593,2/3/3,league_roster,league_roster,league_roster
19543,PGL Wallachia 2026 Season 8,8780164509,NAVI,TSpirit,Radiant,负,0,rejected,doom_bringer,21,3826,wuy72456敏捷,monkey_king,4809,-983,GAMBOT-PARIS,kunkka,4965,-1139,15530,17145,-1615,0/0/1,league_roster,league_roster,league_roster
19543,PGL Wallachia 2026 Season 8,8780164509,TSpirit,NAVI,Dire,胜,1,wuy72456敏捷,monkey_king,30,4809,rejected,doom_bringer,3826,983,cat/dog,lycan,3428,1381,17145,15530,1615,4/0/1,league_roster,league_roster,league_roster
19543,PGL Wallachia 2026 Season 8,8780159415,GL,FLCN,Radiant,负,0,`K,alchemist,24,5112,I m Going To Be The Best Carry,weaver,4857,255,YeS signature player,bristleback,4071,1041,16523,16286,237,0/1/1,league_roster,league_roster,league_roster
19543,PGL Wallachia 2026 Season 8,8780159415,FLCN,GL,Dire,胜,1,I m Going To Be The Best Carry,weaver,35,4857,`K,alchemist,5112,-255,помойка,sand_king,3815,1042,16286,16523,-237,1/0/1,league_roster,league_roster,league_roster
19543,PGL Wallachia 2026 Season 8,8780212309,VG,XG,Radiant,负,0,7,alchemist,20,4173,ZmjjKK,phantom_assassin,4968,-795,¿,axe,4261,-88,14246,17120,-2874,0/1/0,league_roster,league_roster,league_roster
19543,PGL Wallachia 2026 Season 8,8780212309,XG,VG,Dire,胜,1,ZmjjKK,phantom_assassin,32,4968,7,alchemist,4173,795,Bach,beastmaster,2945,2023,17120,14246,2874,0/0/1,league_roster,league_roster,league_roster
19543,PGL Wallachia 2026 Season 8,8780224945,GL,FLCN,Radiant,负,0,鬼,lone_druid,27,3416,PrK,tiny,3851,-435,YeS signature player,bristleback,4659,-1243,16155,16574,-419,1/3/2,league_roster,league_roster,league_roster
19543,PGL Wallachia 2026 Season 8,8780224945,FLCN,GL,Dire,胜,1,PrK,tiny,34,3851,鬼,lone_druid,3416,435,помойка,doom_bringer,4047,-196,16574,16155,419,0/2/1,league_roster,league_roster,league_roster
19543,PGL Wallachia 2026 Season 8,8780270320,XG,VG,Radiant,胜,1,ZmjjKK,faceless_void,24,5269,Roselia,windrunner,4474,795,Bach,alchemist,4044,1225,18650,15686,2964,1/0/2,league_roster,league_roster,league_roster
19543,PGL Wallachia 2026 Season 8,8780270320,VG,XG,Dire,负,0,Roselia,windrunner,27,4474,ZmjjKK,faceless_void,5269,-795,¿,doom_bringer,4659,-185,15686,18650,-2964,1/1/0,league_roster,league_roster,league_roster
19543,PGL Wallachia 2026 Season 8,8780302268,SAR,PV,Radiant,胜,1,VE,alchemist,9,4782,.....,kez,4135,647,"Nah, I'd adapt",shredder,3568,1214,18539,16103,2436,0/1/1,league_roster,league_roster,league_roster
19543,PGL Wallachia 2026 Season 8,8780302268,PV,SAR,Dire,负,0,.....,kez,25,4135,VE,alchemist,4782,-647,^,viper,4285,-150,16103,18539,-2436,1/0/1,league_roster,league_roster,league_roster
19543,PGL Wallachia 2026 Season 8,8780342142,MOUZ,VP,Radiant,负,0,^I,dragon_knight,24,3944,nokia,luna,4594,-650,granny got hit by a bazooka,dawnbreaker,3531,413,14488,15666,-1178,1/0/1,league_roster,league_roster,league_roster
19543,PGL Wallachia 2026 Season 8,8780342142,VP,MOUZ,Dire,胜,1,nokia,luna,25,4594,^I,dragon_knight,3944,650,[K,brewmaster,3174,1420,15666,14488,1178,0/1/2,league_roster,league_roster,league_roster
19543,PGL Wallachia 2026 Season 8,8780381253,PV,SAR,Radiant,胜,1,g[,kez,31,4371,VE,windrunner,3325,1046,^,bristleback,4078,293,18305,14463,3842,0/1/2,league_roster,league_roster,league_roster
19543,PGL Wallachia 2026 Season 8,8780381253,SAR,PV,Dire,负,0,VE,windrunner,17,3325,g[,kez,4371,-1046,"Nah, I'd adapt",beastmaster,4874,-1549,14463,18305,-3842,0/0/2,league_roster,league_roster,league_roster
19543,PGL Wallachia 2026 Season 8,8780428772,MOUZ,VP,Radiant,胜,1,KITR,tiny,20,4055,nokia,windrunner,4459,-404,granny got hit by a bazooka,abyssal_underlord,3181,874,16495,14488,2007,0/0/3,league_roster,league_roster,league_roster
19543,PGL Wallachia 2026 Season 8,8780428772,VP,MOUZ,Dire,负,0,nokia,windrunner,22,4459,KITR,tiny,4055,404,TAXMAN,dark_seer,3964,495,14488,16495,-2007,0/0/0,league_roster,league_roster,league_roster
19543,PGL Wallachia 2026 Season 8,8780454747,SAR,PV,Radiant,负,0,VE,necrolyte,31,4068,.....,kez,5269,-1201,"Nah, I'd adapt",largo,3479,589,16452,19067,-2615,1/2/0,league_roster,league_roster,league_roster
19543,PGL Wallachia 2026 Season 8,8780454747,PV,SAR,Dire,胜,1,.....,kez,28,5269,VE,necrolyte,4068,1201,^,dark_seer,3157,2112,19067,16452,2615,3/1/3,league_roster,league_roster,league_roster
19543,PGL Wallachia 2026 Season 8,8780527869,MOUZ,VP,Radiant,胜,1,KITR,lone_druid,21,4118,nokia,tiny,3966,152,granny got hit by a bazooka,primal_beast,3234,884,16056,14049,2007,1/0/2,league_roster,league_roster,league_roster
19543,PGL Wallachia 2026 Season 8,8780527869,VP,MOUZ,Dire,负,0,nokia,tiny,23,3966,KITR,lone_druid,4118,-152,tV,tidehunter,4545,-579,14049,16056,-2007,0/1/0,league_roster,league_roster,league_roster
19543,PGL Wallachia 2026 Season 8,8781318601,GL,HEROIC,Radiant,负,0,`P,tiny,28,4480,pY,life_stealer,4331,149,Wisper,doom_bringer,4086,394,15780,16185,-405,0/0/1,league_roster,league_roster,league_roster
19543,PGL Wallachia 2026 Season 8,8781318601,HEROIC,GL,Dire,胜,1,pY,life_stealer,25,4331,`P,tiny,4480,-149,P,abyssal_underlord,3671,660,16185,15780,405,2/0/2,league_roster,league_roster,league_roster
19543,PGL Wallachia 2026 Season 8,8781366014,HEROIC,GL,Radiant,胜,1,Yuma,tiny,25,4284,!o,doom_bringer,3584,700,помойка,beastmaster,4557,-273,15946,15311,635,0/0/2,league_roster,league_roster,league_roster
19543,PGL Wallachia 2026 Season 8,8781366014,GL,HEROIC,Dire,负,0,!o,doom_bringer,20,3584,Yuma,tiny,4284,-700,Wisper,kunkka,3765,-181,15311,15946,-635,1/2/1,league_roster,league_roster,league_roster
19543,PGL Wallachia 2026 Season 8,8781428124,SAR,MOUZ,Radiant,胜,1,VE,windrunner,30,5164,KITR,tiny,3483,1681,`M!,pangolier,3123,2041,19459,13027,6432,5/0/1,league_roster,league_roster,league_roster
19543,PGL Wallachia 2026 Season 8,8781428124,MOUZ,SAR,Dire,负,0,KITR,tiny,23,3483,VE,windrunner,5164,-1681,^,doom_bringer,4196,-713,13027,19459,-6432,0/1/0,league_roster,league_roster,league_roster
19543,PGL Wallachia 2026 Season 8,8781484100,SAR,MOUZ,Radiant,负,0,VE,kez,13,2925,KITR,alchemist,5226,-2301,0,largo,3928,-1003,16474,17912,-1438,0/3/4,league_roster,league_roster,league_roster
19543,PGL Wallachia 2026 Season 8,8781484100,MOUZ,SAR,Dire,胜,1,KITR,alchemist,21,5226,VE,kez,2925,2301,^,slardar,4634,592,17912,16474,1438,1/0/1,league_roster,league_roster,league_roster
19543,PGL Wallachia 2026 Season 8,8781560526,MOUZ,SAR,Radiant,负,0,0dj,ursa,19,3268,VE,doom_bringer,4326,-1058,^,enigma,3944,-676,15091,15594,-503,2/1/3,league_roster,league_roster,league_roster
19543,PGL Wallachia 2026 Season 8,8781560526,SAR,MOUZ,Dire,胜,1,VE,doom_bringer,28,4326,0dj,ursa,3268,1058,TAXMAN,dark_seer,3870,456,15594,15091,503,1/1/1,league_roster,league_roster,league_roster
19543,PGL Wallachia 2026 Season 8,8781669218,XG,TSpirit,Radiant,负,0,m,tiny,24,3877,-b,lone_druid,4243,-366,GAMBOT-PARIS,shredder,4445,-568,16004,16185,-181,0/0/0,league_roster,league_roster,league_roster
19543,PGL Wallachia 2026 Season 8,8781669218,TSpirit,XG,Dire,胜,1,-b,lone_druid,17,4243,m,tiny,3877,366,¿,tidehunter,4666,-423,16185,16004,181,1/2/0,league_roster,league_roster,league_roster
19543,PGL Wallachia 2026 Season 8,8781808385,TSpirit,XG,Radiant,胜,1,wuy72456敏捷,faceless_void,23,4553,_,phantom_lancer,4475,78,¿,pangolier,3760,793,14321,16503,-2182,2/0/1,league_roster,league_roster,league_roster
19543,PGL Wallachia 2026 Season 8,8781808385,XG,TSpirit,Dire,负,0,_,phantom_lancer,27,4475,wuy72456敏捷,faceless_void,4553,-78,GAMBOT-PARIS,batrider,2990,1485,16503,14321,2182,0/0/4,league_roster,league_roster,league_roster
19543,PGL Wallachia 2026 Season 8,8782527726,PV,SAR,Radiant,负,0,.....,meepo,15,4994,VE,monkey_king,4236,758,^,pangolier,4276,718,16409,17674,-1265,4/0/1,league_roster,league_roster,league_roster
19543,PGL Wallachia 2026 Season 8,8782527726,SAR,PV,Dire,胜,1,VE,monkey_king,18,4236,.....,meepo,4994,-758,"Nah, I'd adapt",beastmaster,4524,-288,17674,16409,1265,2/1/2,league_roster,league_roster,league_roster
19543,PGL Wallachia 2026 Season 8,8782581053,SAR,PV,Radiant,负,0,VE,monkey_king,27,4295,.....,kez,3886,409,s}r,largo,4412,-117,16601,15535,1066,1/2/1,league_roster,league_roster,league_roster
19543,PGL Wallachia 2026 Season 8,8782581053,PV,SAR,Dire,胜,1,.....,kez,23,3886,VE,monkey_king,4295,-409,^,night_stalker,3963,-77,15535,16601,-1066,0/1/2,league_roster,league_roster,league_roster
19543,PGL Wallachia 2026 Season 8,8782625329,PV,SAR,Radiant,胜,1,.....,terrorblade,32,4332,VE,windrunner,5328,-996,^,pangolier,4382,-50,13561,18271,-4710,0/1/0,league_roster,league_roster,league_roster
19543,PGL Wallachia 2026 Season 8,8782625329,SAR,PV,Dire,负,0,VE,windrunner,30,5328,.....,terrorblade,4332,996,"Nah, I'd adapt",slardar,2531,2797,18271,13561,4710,3/0/1,league_roster,league_roster,league_roster
19543,PGL Wallachia 2026 Season 8,8782678248,Aurora,HEROIC,Radiant,胜,1,bored,tiny,23,4107,Yuma,weaver,4154,-47,Wisper,abyssal_underlord,3940,167,16330,15403,927,0/1/0,league_roster,league_roster,league_roster
19543,PGL Wallachia 2026 Season 8,8782678248,HEROIC,Aurora,Dire,负,0,Yuma,weaver,21,4154,bored,tiny,4107,47,@5,centaur,4496,-342,15403,16330,-927,3/0/1,league_roster,league_roster,league_roster
19543,PGL Wallachia 2026 Season 8,8782750796,HEROIC,Aurora,Radiant,负,0,Yuma,monkey_king,27,4497,bored,ursa,5032,-535,Py,largo,4104,393,15063,15943,-880,0/0/0,league_roster,league_roster,league_roster
19543,PGL Wallachia 2026 Season 8,8782750796,Aurora,HEROIC,Dire,胜,1,bored,ursa,30,5032,Yuma,monkey_king,4497,535,Wisper,dawnbreaker,2838,2194,15943,15063,880,2/0/1,league_roster,league_roster,league_roster
19543,PGL Wallachia 2026 Season 8,8782870472,FLCN,Liquid,Radiant,负,0,I m Going To Be The Best Carry,alchemist,29,5142,~,lone_druid,3951,1191,50centaur,abyssal_underlord,4676,466,16409,17322,-913,0/1/0,league_roster,league_roster,league_roster
19543,PGL Wallachia 2026 Season 8,8782870472,Liquid,FLCN,Dire,胜,1,~,lone_druid,26,3951,I m Going To Be The Best Carry,alchemist,5142,-1191,YeS signature player,monkey_king,4252,-301,17322,16409,913,0/0/1,league_roster,league_roster,league_roster
19543,PGL Wallachia 2026 Season 8,8783006717,FLCN,Liquid,Radiant,负,0,I m Going To Be The Best Carry,monkey_king,32,3972,`nR,windrunner,4308,-336,50centaur,pangolier,4383,-411,16601,16687,-86,1/1/2,league_roster,league_roster,league_roster
19543,PGL Wallachia 2026 Season 8,8783006717,Liquid,FLCN,Dire,胜,1,`nR,windrunner,25,4308,I m Going To Be The Best Carry,monkey_king,3972,336,"^,",tidehunter,4651,-343,16687,16601,86,0/0/1,league_roster,league_roster,league_roster
19543,PGL Wallachia 2026 Season 8,8783105237,TSpirit,BetBoom,Radiant,负,0,C,terrorblade,26,4082,Naruto~,life_stealer,4018,64,17 mind,beastmaster,5123,-1041,14466,18049,-3583,0/2/0,league_roster,league_roster,league_roster
19543,PGL Wallachia 2026 Season 8,8783105237,BetBoom,TSpirit,Dire,胜,1,Naruto~,life_stealer,26,4018,C,terrorblade,4082,-64,GAMBOT-PARIS,abyssal_underlord,4271,-253,18049,14466,3583,0/0/1,league_roster,league_roster,league_roster
19543,PGL Wallachia 2026 Season 8,8783198427,BetBoom,TSpirit,Radiant,胜,1,Naruto~,muerta,28,4712,f),luna,3567,1145,GAMBOT-PARIS,axe,4209,503,16359,15287,1072,0/0/0,league_roster,league_roster,league_roster
19543,PGL Wallachia 2026 Season 8,8783198427,TSpirit,BetBoom,Dire,负,0,f),luna,15,3567,Naruto~,muerta,4712,-1145,17 mind,lycan,4665,-1098,15287,16359,-1072,0/1/0,league_roster,league_roster,league_roster
19543,PGL Wallachia 2026 Season 8,8783810675,SAR,HEROIC,Radiant,胜,1,VE,monkey_king,19,3457,Yuma,muerta,4429,-972,`z%[,mars,4279,-822,13959,17811,-3852,0/1/0,league_roster,league_roster,league_roster
19543,PGL Wallachia 2026 Season 8,8783810675,HEROIC,SAR,Dire,负,0,Yuma,muerta,25,4429,VE,monkey_king,3457,972,^,axe,4133,296,17811,13959,3852,2/3/2,league_roster,league_roster,league_roster
19543,PGL Wallachia 2026 Season 8,8783863589,SAR,HEROIC,Radiant,负,0,VE,kez,24,4195,Yuma,bloodseeker,3993,202,Wisper,tidehunter,4522,-327,15224,16567,-1343,0/1/1,league_roster,league_roster,league_roster
19543,PGL Wallachia 2026 Season 8,8783863589,HEROIC,SAR,Dire,胜,1,Yuma,bloodseeker,23,3993,VE,kez,4195,-202,^,brewmaster,3626,367,16567,15224,1343,0/0/0,league_roster,league_roster,league_roster
19543,PGL Wallachia 2026 Season 8,8783919534,SAR,HEROIC,Radiant,胜,1,VE,monkey_king,21,4205,@!ӻ],life_stealer,3834,371,ӻ],brewmaster,4132,73,15536,15229,307,0/0/2,league_roster,league_roster,league_roster
19543,PGL Wallachia 2026 Season 8,8783919534,HEROIC,SAR,Dire,负,0,@!ӻ],life_stealer,19,3834,VE,monkey_king,4205,-371,^,primal_beast,3654,180,15229,15536,-307,0/2/1,league_roster,league_roster,league_roster
19543,PGL Wallachia 2026 Season 8,8783980542,FLCN,TSpirit,Radiant,胜,1,I m Going To Be The Best Carry,tiny,24,4374,],monkey_king,3128,1246,GAMBOT-PARIS,abyssal_underlord,4236,138,15761,14317,1444,0/0/0,league_roster,league_roster,league_roster
19543,PGL Wallachia 2026 Season 8,8783980542,TSpirit,FLCN,Dire,负,0,],monkey_king,22,3128,I m Going To Be The Best Carry,tiny,4374,-1246,],doom_bringer,4099,-971,14317,15761,-1444,0/1/2,league_roster,league_roster,league_roster
19543,PGL Wallachia 2026 Season 8,8784047386,TSpirit,FLCN,Radiant,负,0,wuy72456敏捷,monkey_king,29,4101,Pn^,tiny,4296,-195,YeS signature player,doom_bringer,3733,368,15201,16160,-959,2/2/1,league_roster,league_roster,league_roster
19543,PGL Wallachia 2026 Season 8,8784047386,FLCN,TSpirit,Dire,胜,1,Pn^,tiny,29,4296,wuy72456敏捷,monkey_king,4101,195,GAMBOT-PARIS,primal_beast,4184,112,16160,15201,959,0/1/1,league_roster,league_roster,league_roster
19543,PGL Wallachia 2026 Season 8,8784176993,Aurora,PV,Radiant,负,0,Ptz],faceless_void,21,3739,0?q[,meepo,4152,-413,cP\,tidehunter,5042,-1303,14763,16851,-2088,0/0/0,league_roster,league_roster,league_roster
19543,PGL Wallachia 2026 Season 8,8784176993,PV,Aurora,Dire,胜,1,0?q[,meepo,18,4152,Ptz],faceless_void,3739,413,Shenorita`,pangolier,4470,-318,16851,14763,2088,0/0/2,league_roster,league_roster,league_roster
19543,PGL Wallachia 2026 Season 8,8784255815,PV,Aurora,Radiant,负,0,.....,terrorblade,25,4214,bored,ursa,4686,-472,Shenorita`,largo,4044,170,15788,17738,-1950,0/2/0,league_roster,league_roster,league_roster
19543,PGL Wallachia 2026 Season 8,8784255815,Aurora,PV,Dire,胜,1,bored,ursa,31,4686,.....,terrorblade,4214,472,"Nah, I'd adapt",bristleback,3862,824,17738,15788,1950,2/1/1,league_roster,league_roster,league_roster
19543,PGL Wallachia 2026 Season 8,8784373796,PV,Aurora,Radiant,负,0,q\,medusa,19,3530,bored,windrunner,5133,-1603,Shenorita`,beastmaster,4881,-1351,13161,17903,-4742,1/3/2,league_roster,league_roster,league_roster
19543,PGL Wallachia 2026 Season 8,8784373796,Aurora,PV,Dire,胜,1,bored,windrunner,26,5133,q\,medusa,3530,1603,"Nah, I'd adapt",night_stalker,2584,2549,17903,13161,4742,3/1/3,league_roster,league_roster,league_roster
19543,PGL Wallachia 2026 Season 8,8784508335,Liquid,BetBoom,Radiant,胜,1,yondaime,tiny,28,4245,Naruto~,life_stealer,3648,597,17 mind,shredder,4383,-138,15424,15391,33,0/0/0,league_roster,league_roster,league_roster
19543,PGL Wallachia 2026 Season 8,8784508335,BetBoom,Liquid,Dire,负,0,Naruto~,life_stealer,17,3648,yondaime,tiny,4245,-597,50centaur,dawnbreaker,3852,-204,15391,15424,-33,0/0/1,league_roster,league_roster,league_roster
19543,PGL Wallachia 2026 Season 8,8784597508,BetBoom,Liquid,Radiant,胜,1,Naruto~,kez,29,4914,yondaime,alchemist,6877,-1963,50centaur,largo,3715,1199,16845,18014,-1169,0/1/2,league_roster,league_roster,league_roster
19543,PGL Wallachia 2026 Season 8,8784597508,Liquid,BetBoom,Dire,负,0,yondaime,alchemist,24,6877,Naruto~,kez,4914,1963,@C^,tidehunter,3595,3282,18014,16845,1169,1/0/2,league_roster,league_roster,league_roster
19543,PGL Wallachia 2026 Season 8,8784700248,Liquid,BetBoom,Radiant,负,0,yondaime,tiny,26,4438,[,kez,5104,-666,17 mind,tidehunter,3168,1270,15064,15928,-864,0/0/0,league_roster,league_roster,league_roster
19543,PGL Wallachia 2026 Season 8,8784700248,BetBoom,Liquid,Dire,胜,1,[,kez,30,5104,yondaime,tiny,4438,666,Ph],dawnbreaker,3903,1201,15928,15064,864,2/0/2,league_roster,league_roster,league_roster
19543,PGL Wallachia 2026 Season 8,8785243904,PV,FLCN,Radiant,负,0,@v],monkey_king,24,3251,I m Going To Be The Best Carry,alchemist,3568,-317,]?],viper,4483,-1232,15999,16699,-700,1/3/2,league_roster,league_roster,league_roster
19543,PGL Wallachia 2026 Season 8,8785243904,FLCN,PV,Dire,胜,1,I m Going To Be The Best Carry,alchemist,26,3568,@v],monkey_king,3251,317,"Nah, I'd adapt",doom_bringer,4605,-1037,16699,15999,700,1/0/0,league_roster,league_roster,league_roster
19543,PGL Wallachia 2026 Season 8,8785317017,FLCN,PV,Radiant,胜,1,I m Going To Be The Best Carry,tiny,23,4148,.....,lone_druid,4171,-23,"Nah, I'd adapt",necrolyte,4678,-530,15530,15990,-460,1/1/1,league_roster,league_roster,league_roster
19543,PGL Wallachia 2026 Season 8,8785317017,PV,FLCN,Dire,负,0,.....,lone_druid,32,4171,I m Going To Be The Best Carry,tiny,4148,23,YeS signature player,doom_bringer,4657,-486,15990,15530,460,2/2/1,league_roster,league_roster,league_roster
19543,PGL Wallachia 2026 Season 8,8785399798,Liquid,SAR,Radiant,胜,1,@r^,queenofpain,32,4437,VE,tiny,4039,398,^,viper,4042,395,17270,15818,1452,1/0/2,league_roster,league_roster,league_roster
19543,PGL Wallachia 2026 Season 8,8785399798,SAR,Liquid,Dire,负,0,VE,tiny,28,4039,@r^,queenofpain,4437,-398,50centaur,pangolier,4624,-585,15818,17270,-1452,0/0/0,league_roster,league_roster,league_roster
19543,PGL Wallachia 2026 Season 8,8785463098,SAR,Liquid,Radiant,负,0,VE,kez,23,4121,yondaime,windrunner,4469,-348,50centaur,abyssal_underlord,4257,-136,17606,16130,1476,0/1/1,league_roster,league_roster,league_roster
19543,PGL Wallachia 2026 Season 8,8785463098,Liquid,SAR,Dire,胜,1,yondaime,windrunner,31,4469,VE,kez,4121,348,^,slardar,4078,391,16130,17606,-1476,1/1/2,league_roster,league_roster,league_roster
19543,PGL Wallachia 2026 Season 8,8785561247,Aurora,BetBoom,Radiant,负,0,bored,tiny,23,4589,[_,monkey_king,3710,879,P[J],dawnbreaker,3261,1328,15788,14769,1019,0/1/0,league_roster,league_roster,league_roster
19543,PGL Wallachia 2026 Season 8,8785561247,BetBoom,Aurora,Dire,胜,1,[_,monkey_king,24,3710,bored,tiny,4589,-879,Shenorita`,mars,4241,-531,14769,15788,-1019,0/1/2,league_roster,league_roster,league_roster
19543,PGL Wallachia 2026 Season 8,8785712176,BetBoom,Aurora,Radiant,负,0,Naruto~,faceless_void,20,3462,bored,tiny,4323,-861,`f_,mars,4222,-760,13886,15330,-1444,0/1/4,league_roster,league_roster,league_roster
19543,PGL Wallachia 2026 Season 8,8785712176,Aurora,BetBoom,Dire,胜,1,bored,tiny,25,4323,Naruto~,faceless_void,3462,861,17 mind,bristleback,3565,758,15330,13886,1444,0/0/1,league_roster,league_roster,league_roster
19543,PGL Wallachia 2026 Season 8,8785812275,BetBoom,Aurora,Radiant,胜,1,Љ6_,monkey_king,22,3546,bored,ursa,4576,-1030,Shenorita`,mars,4001,-455,14923,15018,-95,0/1/2,league_roster,league_roster,league_roster
19543,PGL Wallachia 2026 Season 8,8785812275,Aurora,BetBoom,Dire,负,0,bored,ursa,21,4576,Љ6_,monkey_king,3546,1030,17 mind,batrider,3608,968,15018,14923,95,0/1/3,league_roster,league_roster,league_roster
19543,PGL Wallachia 2026 Season 8,8785918300,FLCN,Liquid,Radiant,胜,1,I m Going To Be The Best Carry,tiny,28,4005,N_,furion,3415,590,50centaur,pangolier,4167,-162,17343,15851,1492,1/0/0,league_roster,league_roster,league_roster
19543,PGL Wallachia 2026 Season 8,8785918300,Liquid,FLCN,Dire,负,0,N_,furion,25,3415,I m Going To Be The Best Carry,tiny,4005,-590,YeS signature player,dawnbreaker,5177,-1762,15851,17343,-1492,0/2/3,league_roster,league_roster,league_roster
19543,PGL Wallachia 2026 Season 8,8786038067,Liquid,FLCN,Radiant,胜,1,yondaime,kez,23,3867,I m Going To Be The Best Carry,tiny,3856,11,zy`,bristleback,4097,-230,15845,14974,871,0/0/0,league_roster,league_roster,league_roster
19543,PGL Wallachia 2026 Season 8,8786038067,FLCN,Liquid,Dire,负,0,I m Going To Be The Best Carry,tiny,19,3856,yondaime,kez,3867,-11,p?[,batrider,4438,-582,14974,15845,-871,0/1/1,league_roster,league_roster,league_roster
19543,PGL Wallachia 2026 Season 8,8786127499,FLCN,Liquid,Radiant,胜,1,I m Going To Be The Best Carry,tiny,25,4202,yondaime,monkey_king,3638,564,50centaur,batrider,3943,259,17547,16436,1111,1/0/2,league_roster,league_roster,league_roster
19543,PGL Wallachia 2026 Season 8,8786127499,Liquid,FLCN,Dire,负,0,yondaime,monkey_king,23,3638,I m Going To Be The Best Carry,tiny,4202,-564,YeS signature player,doom_bringer,5203,-1565,16436,17547,-1111,0/3/2,league_roster,league_roster,league_roster
19543,PGL Wallachia 2026 Season 8,8786827560,FLCN,Aurora,Radiant,负,0,I m Going To Be The Best Carry,skeleton_king,27,3265,bored,lone_druid,4962,-1697,Shenorita`,largo,3939,-674,13479,18263,-4784,0/2/1,league_roster,league_roster,league_roster
19543,PGL Wallachia 2026 Season 8,8786827560,Aurora,FLCN,Dire,胜,1,bored,lone_druid,27,4962,I m Going To Be The Best Carry,skeleton_king,3265,1697,YeS signature player,bristleback,3313,1649,18263,13479,4784,0/0/2,league_roster,league_roster,league_roster
19543,PGL Wallachia 2026 Season 8,8786902529,Aurora,FLCN,Radiant,胜,1,@],faceless_void,13,2774,I m Going To Be The Best Carry,kez,3967,-1193,YeS signature player,axe,4205,-1431,15331,15335,-4,0/2/1,league_roster,league_roster,league_roster
19543,PGL Wallachia 2026 Season 8,8786902529,FLCN,Aurora,Dire,负,0,I m Going To Be The Best Carry,kez,20,3967,@],faceless_void,2774,1193,Shenorita`,largo,4123,-156,15335,15331,4,1/1/2,league_roster,league_roster,league_roster
19543,PGL Wallachia 2026 Season 8,8787054928,BetBoom,Aurora,Radiant,胜,1,Naruto~,muerta,24,3767,bored,faceless_void,4034,-267,Shenorita`,largo,3500,267,16747,14707,2040,3/1/2,league_roster,league_roster,league_roster
19543,PGL Wallachia 2026 Season 8,8787054928,Aurora,BetBoom,Dire,负,0,bored,faceless_void,19,4034,Naruto~,muerta,3767,267,17 mind,enigma,5214,-1180,14707,16747,-2040,2/1/1,league_roster,league_roster,league_roster
19543,PGL Wallachia 2026 Season 8,8787185127,Aurora,BetBoom,Radiant,负,0,bored,doom_bringer,21,4283,Naruto~,monkey_king,3871,412,P`,tidehunter,4148,135,14794,15430,-636,1/1/1,league_roster,league_roster,league_roster
19543,PGL Wallachia 2026 Season 8,8787185127,BetBoom,Aurora,Dire,胜,1,Naruto~,monkey_king,25,3871,bored,doom_bringer,4283,-412,Shenorita`,mars,3289,582,15430,14794,636,0/1/5,league_roster,league_roster,league_roster
19543,PGL Wallachia 2026 Season 8,8787299097,BetBoom,Aurora,Radiant,胜,1,Naruto~,muerta,25,3423,bored,tiny,3930,-507,0C^,abyssal_underlord,3680,-257,14848,14301,547,0/2/4,league_roster,league_roster,league_roster
19543,PGL Wallachia 2026 Season 8,8787299097,Aurora,BetBoom,Dire,负,0,bored,tiny,20,3930,Naruto~,muerta,3423,507,17 mind,largo,3920,10,14301,14848,-547,1/1/1,league_roster,league_roster,league_roster
19255,Premier Series,8731221593,L1,Nemiga,Radiant,Win,1,kill them all,templar_assassin,27,5068,obsessed,ursa,4138,930,tamagochi,primal_beast,3484,1584,15370,14406,964,0/0/0,league_roster,league_roster,league_roster
19255,Premier Series,8731221593,Nemiga,L1,Dire,Loss,0,obsessed,ursa,23,4138,kill them all,templar_assassin,5068,-930,kUBAJlDA,slardar,3238,900,14406,15370,-964,2/1/0,league_roster,league_roster,league_roster
19255,Premier Series,8731263319,Nemiga,L1,Radiant,Win,1,obsessed,life_stealer,21,5004,5s,templar_assassin,5195,-191,kUBAJlDA,bristleback,3139,1865,16814,15721,1093,2/0/2,league_roster,league_roster,league_roster
19255,Premier Series,8731263319,L1,Nemiga,Dire,Loss,0,5s,templar_assassin,27,5195,obsessed,life_stealer,5004,191,tamagochi,tidehunter,4036,1159,15721,16814,-1093,0/0/1,league_roster,league_roster,league_roster
19255,Premier Series,8731318784,L1,Nemiga,Radiant,Loss,0,аn,beastmaster,26,4351,obsessed,templar_assassin,4208,143,tamagochi,kunkka,4009,342,15192,14764,428,0/1/0,league_roster,league_roster,league_roster
19255,Premier Series,8731318784,Nemiga,L1,Dire,Win,1,obsessed,templar_assassin,23,4208,аn,beastmaster,4351,-143,kUBAJlDA,abyssal_underlord,3668,540,14764,15192,-428,0/0/0,league_roster,league_roster,league_roster
19255,Premier Series,8731381290,VPP,RE,Radiant,Loss,0,extract,windrunner,18,3662,wwwwwww,luna,5095,-1433,ЛУЧШИЙ ♡,dawnbreaker,3752,-90,13895,17387,-3492,0/1/0,league_roster,league_roster,league_roster
19255,Premier Series,8731381290,RE,VPP,Dire,Win,1,wwwwwww,luna,28,5095,extract,windrunner,3662,1433,Buster,shredder,3435,1660,17387,13895,3492,0/0/0,league_roster,league_roster,league_roster
19255,Premier Series,8731472392,RE,VPP,Radiant,Win,1,wwwwwww,beastmaster,28,5203,extract,luna,4234,969,q,razor,2890,2313,17330,13375,3955,1/0/1,league_roster,league_roster,league_roster
19255,Premier Series,8731472392,VPP,RE,Dire,Loss,0,extract,luna,23,4234,wwwwwww,beastmaster,5203,-969,ЛУЧШИЙ ♡,centaur,4362,-128,13375,17330,-3955,2/1/0,league_roster,league_roster,league_roster
19255,Premier Series,8731579829,TSA,Z10,Radiant,Loss,0,ep,clinkz,25,4013,Jesse Pinkman,life_stealer,4573,-560,nefrit,tidehunter,3975,38,14561,16753,-2192,0/3/1,league_roster,league_roster,league_roster
19255,Premier Series,8731579829,Z10,TSA,Dire,Win,1,Jesse Pinkman,life_stealer,22,4573,ep,clinkz,4013,560,worth waiting,centaur,3072,1501,16753,14561,2192,1/0/1,league_roster,league_roster,league_roster
19255,Premier Series,8731678475,Z10,TSA,Radiant,Win,1,Jesse Pinkman,medusa,27,4938,ep,templar_assassin,4690,248,worth waiting,slardar,3602,1336,17612,15772,1840,0/0/0,league_roster,league_roster,league_roster
19255,Premier Series,8731678475,TSA,Z10,Dire,Loss,0,ep,templar_assassin,26,4690,Jesse Pinkman,medusa,4938,-248,nefrit,bristleback,5079,-389,15772,17612,-1840,1/1/1,league_roster,league_roster,league_roster
19255,Premier Series,8731756504,PR,YeS,Radiant,Loss,0,alea iacta est,nevermore,30,4535,--------------------------------,windrunner,4616,-81,GAMBOT-PARIS,kunkka,3876,659,13942,17270,-3328,1/2/0,league_roster,league_roster,league_roster
19255,Premier Series,8731756504,YeS,PR,Dire,Win,1,--------------------------------,windrunner,27,4616,alea iacta est,nevermore,4535,81,transurfing,bristleback,3653,963,17270,13942,3328,1/0/2,league_roster,league_roster,league_roster
19255,Premier Series,8731836208,PR,YeS,Radiant,Win,1,alea iacta est,morphling,22,4806,--------------------------------,kez,4037,769,GAMBOT-PARIS,bristleback,3490,1316,16354,14416,1938,2/0/2,league_roster,league_roster,league_roster
19255,Premier Series,8731836208,YeS,PR,Dire,Loss,0,--------------------------------,kez,22,4037,alea iacta est,morphling,4806,-769,transurfing,tidehunter,4078,-41,14416,16354,-1938,1/1/0,league_roster,league_roster,league_roster
19255,Premier Series,8731906608,PR,YeS,Radiant,Loss,0,alea iacta est,kez,16,4002,--------------------------------,muerta,4179,-177,GAMBOT-PARIS,axe,4084,-82,16949,14846,2103,2/1/5,league_roster,league_roster,league_roster
19255,Premier Series,8731906608,YeS,PR,Dire,Win,1,--------------------------------,muerta,32,4179,alea iacta est,kez,4002,177,transurfing,abyssal_underlord,4207,-28,14846,16949,-2103,1/2/1,league_roster,league_roster,league_roster
19255,Premier Series,8732455100,PR,Shpilit,Radiant,Win,1,alea iacta est,windrunner,25,4473,zuyzyan,muerta,4640,-167,zarich,centaur,3805,668,16633,15652,981,1/1/3,league_roster,league_roster,league_roster
19255,Premier Series,8732455100,Shpilit,PR,Dire,Loss,0,zuyzyan,muerta,30,4640,alea iacta est,windrunner,4473,167,transurfing,mars,3305,1335,15652,16633,-981,2/0/1,league_roster,league_roster,league_roster
19255,Premier Series,8732516516,PR,Shpilit,Radiant,Win,1,alea iacta est,kez,31,4591,zuyzyan,nevermore,4632,-41,zarich,marci,3706,885,15904,15301,603,1/1/2,league_roster,league_roster,league_roster
19255,Premier Series,8732516516,Shpilit,PR,Dire,Loss,0,zuyzyan,nevermore,23,4632,alea iacta est,kez,4591,41,transurfing,brewmaster,3136,1496,15301,15904,-603,3/0/1,league_roster,league_roster,league_roster
19255,Premier Series,8732591809,PR,RE,Radiant,Win,1,alea iacta est,luna,29,4079,wwwwwww,nevermore,4386,-307,ЛУЧШИЙ ♡,brewmaster,3759,320,16022,14520,1502,0/0/2,league_roster,league_roster,league_roster
19255,Premier Series,8732591809,RE,PR,Dire,Loss,0,wwwwwww,nevermore,22,4386,alea iacta est,luna,4079,307,transurfing,largo,3924,462,14520,16022,-1502,1/3/1,league_roster,league_roster,league_roster
19255,Premier Series,8732684200,PR,RE,Radiant,Win,1,alea iacta est,kez,30,5049,wwwwwww,beastmaster,4637,412,ЛУЧШИЙ ♡,batrider,4069,980,16721,16288,433,1/0/1,league_roster,league_roster,league_roster
19255,Premier Series,8732684200,RE,PR,Dire,Loss,0,wwwwwww,beastmaster,27,4637,alea iacta est,kez,5049,-412,transurfing,mars,3893,744,16288,16721,-433,1/0/3,league_roster,league_roster,league_roster
19255,Premier Series,8732806989,L1,A+5,Radiant,Win,1,`r,life_stealer,32,4733,1nonly,luna,4390,343,Ћr,dark_seer,3762,971,14929,14269,660,1/0/1,league_roster,league_roster,league_roster
19255,Premier Series,8732806989,A+5,L1,Dire,Loss,0,1nonly,luna,20,4390,`r,life_stealer,4733,-343,kUBAJlDA,mars,3110,1280,14269,14929,-660,1/0/0,league_roster,league_roster,league_roster
19255,Premier Series,8732939854,A+5,L1,Radiant,Loss,0,1nonly,templar_assassin,23,3972,kill them all,windrunner,4657,-685,kUBAJlDA,abyssal_underlord,4081,-109,14552,16047,-1495,0/1/1,league_roster,league_roster,league_roster
19255,Premier Series,8732939854,L1,A+5,Dire,Win,1,kill them all,windrunner,24,4657,1nonly,templar_assassin,3972,685,!!!,bristleback,3236,1421,16047,14552,1495,1/0/0,league_roster,league_roster,league_roster
19255,Premier Series,8733082506,TSA,PIPS4,Radiant,Loss,0,ep,clinkz,28,4556,Alle,nevermore,3763,793,sagyndym,mars,3400,1156,17012,15704,1308,1/1/1,league_roster,league_roster,league_roster
19255,Premier Series,8733082506,PIPS4,TSA,Dire,Win,1,Alle,nevermore,21,3763,ep,clinkz,4556,-793,worth waiting,bristleback,4991,-1228,15704,17012,-1308,0/2/1,league_roster,league_roster,league_roster
19255,Premier Series,8733166250,PIPS4,TSA,Radiant,Win,1,Alle,templar_assassin,25,5095,ep,beastmaster,4218,877,worth waiting,kunkka,4511,584,19311,16421,2890,1/0/1,league_roster,league_roster,league_roster
19255,Premier Series,8733166250,TSA,PIPS4,Dire,Loss,0,ep,beastmaster,18,4218,Alle,templar_assassin,5095,-877,sagyndym,centaur,5442,-1224,16421,19311,-2890,0/3/4,league_roster,league_roster,league_roster
19255,Premier Series,8733698996,Shpilit,AVULUS,Radiant,Win,1,1,templar_assassin,25,4581,/godmode,luna,3929,652,Yayo,mars,3881,700,18717,14692,4025,0/0/0,league_roster,league_roster,league_roster
19255,Premier Series,8733698996,AVULUS,Shpilit,Dire,Loss,0,/godmode,luna,24,3929,1,templar_assassin,4581,-652,zarich,razor,4831,-902,14692,18717,-4025,0/2/1,league_roster,league_roster,league_roster
19255,Premier Series,8733755232,AVULUS,Shpilit,Radiant,Win,1,/godmode,windrunner,33,4914,zuyzyan,kez,3891,1023,zarich,dark_seer,2920,1994,17265,13827,3438,0/0/1,league_roster,league_roster,league_roster
19255,Premier Series,8733755232,Shpilit,AVULUS,Dire,Loss,0,zuyzyan,kez,24,3891,/godmode,windrunner,4914,-1023,Yayo,abyssal_underlord,4069,-178,13827,17265,-3438,0/1/0,league_roster,league_roster,league_roster
19255,Premier Series,8733879453,Nemiga,Z10,Radiant,Loss,0,obsessed,troll_warlord,34,4121,Jesse Pinkman,ursa,5186,-1065,nefrit,bristleback,4599,-478,15471,16741,-1270,1/3/5,league_roster,league_roster,league_roster
19255,Premier Series,8733879453,Z10,Nemiga,Dire,Win,1,Jesse Pinkman,ursa,28,5186,obsessed,troll_warlord,4121,1065,tamagochi,abyssal_underlord,3469,1717,16741,15471,1270,3/1/2,league_roster,league_roster,league_roster
19255,Premier Series,8733986515,Nemiga,Z10,Radiant,Loss,0,obsessed,life_stealer,20,3890,Jesse Pinkman,kez,4619,-729,nefrit,abyssal_underlord,3446,444,14572,15995,-1423,0/1/2,league_roster,league_roster,league_roster
19255,Premier Series,8733986515,Z10,Nemiga,Dire,Win,1,Jesse Pinkman,kez,22,4619,obsessed,life_stealer,3890,729,tamagochi,doom_bringer,3240,1379,15995,14572,1423,0/1/1,league_roster,league_roster,league_roster
19255,Premier Series,8734082075,Shpilit,YeS,Radiant,Loss,0,zuyzyan,life_stealer,25,4457,--------------------------------,ursa,5297,-840,GAMBOT-PARIS,kunkka,3985,472,16670,16344,326,0/0/0,league_roster,league_roster,league_roster
19255,Premier Series,8734082075,YeS,Shpilit,Dire,Win,1,--------------------------------,ursa,30,5297,zuyzyan,life_stealer,4457,840,zarich,shredder,3559,1738,16344,16670,-326,4/1/1,league_roster,league_roster,league_roster
19255,Premier Series,8734170338,YeS,Shpilit,Radiant,Win,1,--------------------------------,razor,26,4916,zuyzyan,gyrocopter,3976,940,zarich,largo,3135,1781,16889,13830,3059,1/0/0,league_roster,league_roster,league_roster
19255,Premier Series,8734170338,Shpilit,YeS,Dire,Loss,0,zuyzyan,gyrocopter,28,3976,--------------------------------,razor,4916,-940,GAMBOT-PARIS,bristleback,4570,-594,13830,16889,-3059,1/0/0,league_roster,league_roster,league_roster
19255,Premier Series,8734290923,Z10,A+5,Radiant,Win,1,Jesse Pinkman,dragon_knight,28,4958,`;DR,beastmaster,4550,408,bP,centaur,3037,1921,15447,14965,482,0/0/1,league_roster,league_roster,league_roster
19255,Premier Series,8734290923,A+5,Z10,Dire,Loss,0,`;DR,beastmaster,30,4550,Jesse Pinkman,dragon_knight,4958,-408,nefrit,abyssal_underlord,4061,489,14965,15447,-482,0/0/2,league_roster,league_roster,league_roster
19255,Premier Series,8734368813,A+5,Z10,Radiant,Win,1,1nonly,ursa,23,3482,Jesse Pinkman,weaver,4493,-1011,nefrit,bristleback,4325,-843,14045,16693,-2648,0/1/1,league_roster,league_roster,league_roster
19255,Premier Series,8734368813,Z10,A+5,Dire,Loss,0,Jesse Pinkman,weaver,24,4493,1nonly,ursa,3482,1011,GR,phoenix,3208,1285,16693,14045,2648,2/0/3,league_roster,league_roster,league_roster
19255,Premier Series,8734456379,Z10,A+5,Radiant,Loss,0,Jesse Pinkman,templar_assassin,23,4736,5pR,huskar,5131,-395,P,bristleback,3695,1041,14482,15830,-1348,1/0/0,league_roster,league_roster,league_roster
19255,Premier Series,8734456379,A+5,Z10,Dire,Win,1,5pR,huskar,30,5131,Jesse Pinkman,templar_assassin,4736,395,nefrit,abyssal_underlord,3078,2053,15830,14482,1348,1/0/1,league_roster,league_roster,league_roster
19255,Premier Series,8734932208,AVULUS,VPP,Radiant,Loss,0,character development,beastmaster,27,4840,@n,kez,3996,844,,centaur,3661,1179,16590,14680,1910,1/0/2,league_roster,league_roster,league_roster
19255,Premier Series,8734932208,VPP,AVULUS,Dire,Win,1,@n,kez,20,3996,character development,beastmaster,4840,-844,Yayo,bristleback,3814,182,14680,16590,-1910,0/0/0,league_roster,league_roster,league_roster
19255,Premier Series,8734988695,VPP,AVULUS,Radiant,Win,1,"0,",luna,21,3950,character development,templar_assassin,3943,7,Yayo,brewmaster,3669,281,16102,16249,-147,2/1/0,league_roster,league_roster,league_roster
19255,Premier Series,8734988695,AVULUS,VPP,Dire,Loss,0,character development,templar_assassin,22,3943,"0,",luna,3950,-7,Buster ♠,abyssal_underlord,3876,67,16249,16102,147,0/1/1,league_roster,league_roster,league_roster
19255,Premier Series,8735070981,RE,Shpilit,Radiant,Win,1,wwwwwww,windrunner,24,4829,zuyzyan,kez,4061,768,zarich,centaur,3424,1405,16611,16023,588,1/1/0,league_roster,league_roster,league_roster
19255,Premier Series,8735070981,Shpilit,RE,Dire,Loss,0,zuyzyan,kez,17,4061,wwwwwww,windrunner,4829,-768,ЛУЧШИЙ ♡,batrider,4163,-102,16023,16611,-588,2/2/1,league_roster,league_roster,league_roster
19255,Premier Series,8735130980,Shpilit,RE,Radiant,Loss,0,zuyzyan,kez,21,3574,wwwwwww,windrunner,4261,-687,ЛУЧШИЙ ♡,brewmaster,3866,-292,14845,15050,-205,0/2/1,league_roster,league_roster,league_roster
19255,Premier Series,8735130980,RE,Shpilit,Dire,Win,1,wwwwwww,windrunner,23,4261,zuyzyan,kez,3574,687,zarich,shredder,3681,580,15050,14845,205,0/0/0,league_roster,league_roster,league_roster
19255,Premier Series,8735281161,Nemiga,PIPS4,Radiant,Loss,0,edward_kuzmin,life_stealer,26,4817,бесполезный,clinkz,4854,-37,sagyndym,centaur,3665,1152,16407,16918,-511,2/0/0,league_roster,league_roster,league_roster
19255,Premier Series,8735281161,PIPS4,Nemiga,Dire,Win,1,бесполезный,clinkz,25,4854,edward_kuzmin,life_stealer,4817,37,tamagochi,abyssal_underlord,3656,1198,16918,16407,511,1/0/3,league_roster,league_roster,league_roster
19255,Premier Series,8735373226,PIPS4,Nemiga,Radiant,Win,1,бесполезный,templar_assassin,29,5375,edward_kuzmin,nevermore,4404,971,tamagochi,axe,3947,1428,16858,15393,1465,0/0/0,league_roster,league_roster,league_roster
19255,Premier Series,8735373226,Nemiga,PIPS4,Dire,Loss,0,edward_kuzmin,nevermore,18,4404,бесполезный,templar_assassin,5375,-971,sagyndym,centaur,3537,867,15393,16858,-1465,3/1/3,league_roster,league_roster,league_roster
19255,Premier Series,8735535573,Z10,PIPS4,Radiant,Win,1,Jesse Pinkman,kez,22,4519,бесполезный,beastmaster,3896,623,sagyndym,mars,2855,1664,17219,13708,3511,2/0/0,league_roster,league_roster,league_roster
19255,Premier Series,8735535573,PIPS4,Z10,Dire,Loss,0,бесполезный,beastmaster,22,3896,Jesse Pinkman,kez,4519,-623,nefrit,bristleback,5071,-1175,13708,17219,-3511,0/1/0,league_roster,league_roster,league_roster
19255,Premier Series,8735627727,PIPS4,Z10,Radiant,Loss,0,бесполезный,templar_assassin,22,5598,Jesse Pinkman,luna,3690,1908,nefrit,bristleback,3085,2513,18876,14735,4141,3/0/2,league_roster,league_roster,league_roster
19255,Premier Series,8735627727,Z10,PIPS4,Dire,Win,1,Jesse Pinkman,luna,17,3690,бесполезный,templar_assassin,5598,-1908,sagyndym,abyssal_underlord,4582,-892,14735,18876,-4141,0/2/2,league_roster,league_roster,league_roster
19255,Premier Series,8736191343,Z10,L1,Radiant,Loss,0,Jesse Pinkman,muerta,21,4670,l,templar_assassin,5627,-957,blackSCREAM,axe,3785,885,16683,16075,608,1/1/2,league_roster,league_roster,league_roster
19255,Premier Series,8736191343,L1,Z10,Dire,Win,1,l,templar_assassin,28,5627,Jesse Pinkman,muerta,4670,957,nefrit,centaur,3909,1718,16075,16683,-608,0/0/0,league_roster,league_roster,league_roster
19255,Premier Series,8736211318,VPP,Shpilit,Radiant,Win,1,.H,luna,30,3818,zuyzyan,sven,3895,-77,zarich,shredder,4668,-850,15444,15640,-196,0/1/0,league_roster,league_roster,league_roster
19255,Premier Series,8736211318,Shpilit,VPP,Dire,Loss,0,zuyzyan,sven,21,3895,.H,luna,3818,77,H,brewmaster,4910,-1015,15640,15444,196,0/1/0,league_roster,league_roster,league_roster
19255,Premier Series,8736236910,Z10,L1,Radiant,Win,1,Jesse Pinkman,kez,21,4728,"+""",windrunner,3943,785,blackSCREAM,mars,2922,1806,16758,13537,3221,2/0/2,league_roster,league_roster,league_roster
19255,Premier Series,8736236910,L1,Z10,Dire,Loss,0,"+""",windrunner,26,3943,Jesse Pinkman,kez,4728,-785,nefrit,abyssal_underlord,3796,147,13537,16758,-3221,0/1/2,league_roster,league_roster,league_roster
19255,Premier Series,8736255306,Shpilit,VPP,Radiant,Loss,0,zuyzyan,razor,19,3696,XO,muerta,4491,-795,0'XO,centaur,4224,-528,15825,16218,-393,1/2/0,league_roster,league_roster,league_roster
19255,Premier Series,8736255306,VPP,Shpilit,Dire,Win,1,XO,muerta,34,4491,zuyzyan,razor,3696,795,zarich,shredder,4406,85,16218,15825,393,0/0/2,league_roster,league_roster,league_roster
19255,Premier Series,8736271975,L1,Z10,Radiant,Win,1,type shit,life_stealer,26,5077,Jesse Pinkman,ursa,4584,493,nefrit,centaur,3668,1409,15860,15401,459,3/1/1,league_roster,league_roster,league_roster
19255,Premier Series,8736271975,Z10,L1,Dire,Loss,0,Jesse Pinkman,ursa,26,4584,type shit,life_stealer,5077,-493,blackSCREAM,slardar,3411,1173,15401,15860,-459,1/1/0,league_roster,league_roster,league_roster
19255,Premier Series,8736339285,YeS,AVULUS,Radiant,Win,1,distraction,razor,21,5085,...,life_stealer,3843,1242,Yayo,largo,3368,1717,18484,13957,4527,2/0/0,league_roster,league_roster,league_roster
19255,Premier Series,8736339285,AVULUS,YeS,Dire,Loss,0,...,life_stealer,27,3843,distraction,razor,5085,-1242,GAMBOT-PARIS,mars,4462,-619,13957,18484,-4527,0/2/0,league_roster,league_roster,league_roster
19255,Premier Series,8736359956,L1,TSA,Radiant,Win,1,type shit,windrunner,27,5585,ep,nevermore,4306,1279,worth waiting,bristleback,3552,2033,18297,14637,3660,4/2/2,league_roster,league_roster,league_roster
19255,Premier Series,8736359956,TSA,L1,Dire,Loss,0,ep,nevermore,30,4306,type shit,windrunner,5585,-1279,blackSCREAM,batrider,3329,977,14637,18297,-3660,1/2/1,league_roster,league_roster,league_roster
19255,Premier Series,8736399153,AVULUS,YeS,Radiant,Win,1,...,muerta,14,3494,distraction,windrunner,4147,-653,GAMBOT-PARIS,bristleback,4489,-995,14533,16373,-1840,0/1/1,league_roster,league_roster,league_roster
19255,Premier Series,8736399153,YeS,AVULUS,Dire,Loss,0,distraction,windrunner,25,4147,...,muerta,3494,653,Yayo,centaur,3549,598,16373,14533,1840,1/0/0,league_roster,league_roster,league_roster
19255,Premier Series,8736455000,TSA,L1,Radiant,Loss,0,ep,templar_assassin,21,4324,type shit,medusa,4946,-622,blackSCREAM,centaur,3501,823,14148,15488,-1340,1/0/0,league_roster,league_roster,league_roster
19255,Premier Series,8736455000,L1,TSA,Dire,Win,1,type shit,medusa,28,4946,ep,templar_assassin,4324,622,worth waiting,shredder,3672,1274,15488,14148,1340,0/0/1,league_roster,league_roster,league_roster
19255,Premier Series,8736495153,AVULUS,YeS,Radiant,Loss,0,...,medusa,23,5101,distraction,windrunner,4449,652,GAMBOT-PARIS,axe,3263,1838,15425,16438,-1013,3/1/1,league_roster,league_roster,league_roster
19255,Premier Series,8736495153,YeS,AVULUS,Dire,Win,1,distraction,windrunner,26,4449,...,medusa,5101,-652,Yayo,centaur,3147,1302,16438,15425,1013,0/0/1,league_roster,league_roster,league_roster
19255,Premier Series,8736589646,A+5,Nemiga,Radiant,Win,1,1nonly,ursa,22,4144,edward_kuzmin,faceless_void,3747,397,tamagochi,slardar,3035,1109,15840,12191,3649,0/1/0,league_roster,league_roster,league_roster
19255,Premier Series,8736589646,Nemiga,A+5,Dire,Loss,0,edward_kuzmin,faceless_void,18,3747,1nonly,ursa,4144,-397,!!!,batrider,4005,-258,12191,15840,-3649,0/1/0,league_roster,league_roster,league_roster
19255,Premier Series,8736603299,PR,VPP,Radiant,Loss,0,alea iacta est,muerta,27,4338,extract,luna,3980,358,Buster ♠,largo,3936,402,17288,15519,1769,1/3/4,league_roster,league_roster,league_roster
19255,Premier Series,8736603299,VPP,PR,Dire,Win,1,extract,luna,24,3980,alea iacta est,muerta,4338,-358,transurfing,centaur,5075,-1095,15519,17288,-1769,0/0/0,league_roster,league_roster,league_roster
19255,Premier Series,8736694261,A+5,Nemiga,Radiant,Win,1,1nonly,slark,23,4243,edward_kuzmin,beastmaster,4313,-70,tamagochi,abyssal_underlord,3680,563,14993,14944,49,1/0/1,league_roster,league_roster,league_roster
19255,Premier Series,8736694261,Nemiga,A+5,Dire,Loss,0,edward_kuzmin,beastmaster,26,4313,1nonly,slark,4243,70,!!!,phoenix,3023,1290,14944,14993,-49,0/0/3,league_roster,league_roster,league_roster
19255,Premier Series,8736709181,VPP,PR,Radiant,Win,1,extract,weaver,23,4318,alea iacta est,templar_assassin,3778,540,transurfing,slardar,3839,479,15952,15000,952,1/1/1,league_roster,league_roster,league_roster
19255,Premier Series,8736709181,PR,VPP,Dire,Loss,0,alea iacta est,templar_assassin,18,3778,extract,weaver,4318,-540,Buster ♠,razor,3415,363,15000,15952,-952,1/1/4,league_roster,league_roster,league_roster
19255,Premier Series,8736810536,A+5,PIPS4,Radiant,Loss,0,1nonly,luna,20,4054,YE,weaver,4621,-567,talkalot,bristleback,4394,-340,15608,17182,-1574,0/0/3,league_roster,league_roster,league_roster
19255,Premier Series,8736810536,PIPS4,A+5,Dire,Win,1,YE,weaver,20,4621,1nonly,luna,4054,567,!!!,brewmaster,3425,1196,17182,15608,1574,2/0/0,league_roster,league_roster,league_roster
19255,Premier Series,8736855860,PR,AVULUS,Radiant,Loss,0,alea iacta est,luna,22,4101,...,windrunner,3837,264,Yayo,tidehunter,3849,252,15349,14973,376,1/0/2,league_roster,league_roster,league_roster
19255,Premier Series,8736855860,AVULUS,PR,Dire,Win,1,...,windrunner,14,3837,alea iacta est,luna,4101,-264,0_,dazzle,3581,256,14973,15349,-376,1/0/1,league_roster,league_roster,league_roster
19255,Premier Series,8736924720,AVULUS,PR,Radiant,Loss,0,...,templar_assassin,24,4422,alea iacta est,kez,4583,-161,transurfing,mars,4080,342,14806,16281,-1475,0/1/0,league_roster,league_roster,league_roster
19255,Premier Series,8736924720,PR,AVULUS,Dire,Win,1,alea iacta est,kez,29,4583,...,templar_assassin,4422,161,Yayo,razor,3230,1353,16281,14806,1475,0/0/1,league_roster,league_roster,league_roster
19255,Premier Series,8736888113,A+5,PIPS4,Radiant,Win,1,1nonly,windrunner,21,4218,YE,templar_assassin,4715,-497,talkalot,tidehunter,3703,515,16674,16590,84,1/0/1,league_roster,league_roster,league_roster
19255,Premier Series,8736888113,PIPS4,A+5,Dire,Loss,0,YE,templar_assassin,26,4715,1nonly,windrunner,4218,497,!!!,kunkka,4997,-282,16590,16674,-84,0/0/0,league_roster,league_roster,league_roster
19255,Premier Series,8737003029,AVULUS,PR,Radiant,Loss,0,...,templar_assassin,21,3735,alea iacta est,kez,5229,-1494,transurfing,mars,4408,-673,13939,17993,-4054,0/2/0,league_roster,league_roster,league_roster
19255,Premier Series,8737003029,PR,AVULUS,Dire,Win,1,alea iacta est,kez,29,5229,...,templar_assassin,3735,1494,Yayo,tidehunter,3409,1820,17993,13939,4054,1/0/2,league_roster,league_roster,league_roster
19255,Premier Series,8737018987,A+5,PIPS4,Radiant,Loss,0,1nonly,ursa,22,4691,YE,beastmaster,4286,405,talkalot,mars,3362,1329,16077,15416,661,2/0/1,league_roster,league_roster,league_roster
19255,Premier Series,8737018987,PIPS4,A+5,Dire,Win,1,YE,beastmaster,30,4286,1nonly,ursa,4691,-405,!!!,centaur,4319,-33,15416,16077,-661,0/1/1,league_roster,league_roster,league_roster
19255,Premier Series,8737673659,A+5,TSA,Radiant,Win,1,0,ursa,25,4455,ep,nevermore,3964,491,worth waiting,bristleback,3844,611,17372,15580,1792,1/0/1,league_roster,league_roster,league_roster
19255,Premier Series,8737673659,TSA,A+5,Dire,Loss,0,ep,nevermore,25,3964,0,ursa,4455,-491,[,brewmaster,3986,-22,15580,17372,-1792,0/1/0,league_roster,league_roster,league_roster
19255,Premier Series,8737736483,AVULUS,RE,Radiant,Win,1,prince,weaver,28,4428,wwwwwww,windrunner,4018,410,ЛУЧШИЙ ♡,brewmaster,3054,1374,16982,15004,1978,1/0/2,league_roster,league_roster,league_roster
19255,Premier Series,8737736483,RE,AVULUS,Dire,Loss,0,wwwwwww,windrunner,31,4018,prince,weaver,4428,-410,Yayo,bristleback,4401,-383,15004,16982,-1978,0/1/1,league_roster,league_roster,league_roster
19255,Premier Series,8737741494,TSA,A+5,Radiant,Win,1,ep,slark,24,4514,PP@,nevermore,3535,979,F,brewmaster,4248,266,17256,15687,1569,0/0/1,league_roster,league_roster,league_roster
19255,Premier Series,8737741494,A+5,TSA,Dire,Loss,0,PP@,nevermore,20,3535,ep,slark,4514,-979,worth waiting,axe,4868,-1333,15687,17256,-1569,0/2/2,league_roster,league_roster,league_roster
19255,Premier Series,8737799816,RE,AVULUS,Radiant,Win,1,wwwwwww,templar_assassin,20,5059,prince,clinkz,5163,-104,Yayo,viper,3616,1443,16021,16614,-593,1/1/0,league_roster,league_roster,league_roster
19255,Premier Series,8737799816,AVULUS,RE,Dire,Loss,0,prince,clinkz,33,5163,wwwwwww,templar_assassin,5059,104,ЛУЧШИЙ ♡,centaur,3752,1411,16614,16021,593,0/0/3,league_roster,league_roster,league_roster
19255,Premier Series,8737827439,TSA,A+5,Radiant,Win,1,ep,ursa,19,3854,Z,gyrocopter,4097,-243,޹v,bristleback,3579,275,14930,14303,627,0/2/3,league_roster,league_roster,league_roster
19255,Premier Series,8737827439,A+5,TSA,Dire,Loss,0,Z,gyrocopter,22,4097,ep,ursa,3854,243,worth waiting,brewmaster,3183,914,14303,14930,-627,1/0/1,league_roster,league_roster,league_roster
19255,Premier Series,8737877182,RE,AVULUS,Radiant,Win,1,wwwwwww,nevermore,31,5080,prince,templar_assassin,4506,574,Yayo,brewmaster,2803,2277,15966,14907,1059,2/0/1,league_roster,league_roster,league_roster
19255,Premier Series,8737877182,AVULUS,RE,Dire,Loss,0,prince,templar_assassin,27,4506,wwwwwww,nevermore,5080,-574,ЛУЧШИЙ ♡,dawnbreaker,3867,639,14907,15966,-1059,0/1/0,league_roster,league_roster,league_roster
19255,Premier Series,8737955896,PIPS4,L1,Radiant,Loss,0,YE,weaver,18,4621,`UK,bristleback,4955,-334,я пабидю,abyssal_underlord,4207,414,13988,17643,-3655,2/1/0,league_roster,league_roster,league_roster
19255,Premier Series,8737955896,L1,PIPS4,Dire,Win,1,`UK,bristleback,23,4955,YE,weaver,4621,334,talkalot,centaur,2975,1980,17643,13988,3655,1/0/2,league_roster,league_roster,league_roster
19255,Premier Series,8737993354,YeS,RE,Radiant,Loss,0,distraction,kez,26,4681,wwwwwww,templar_assassin,4801,-120,ЛУЧШИЙ ♡,brewmaster,2932,1749,15968,15093,875,1/0/1,league_roster,league_roster,league_roster
19255,Premier Series,8737993354,RE,YeS,Dire,Win,1,wwwwwww,templar_assassin,31,4801,distraction,kez,4681,120,GAMBOT-PARIS,viper,4499,302,15093,15968,-875,1/1/1,league_roster,league_roster,league_roster
19255,Premier Series,8738055187,L1,PIPS4,Radiant,Win,1,m`,abaddon,29,4440,YE,templar_assassin,5264,-824,talkalot,axe,3866,574,14333,16947,-2614,0/0/0,league_roster,league_roster,league_roster
19255,Premier Series,8738055187,PIPS4,L1,Dire,Loss,0,YE,templar_assassin,27,5264,m`,abaddon,4440,824,я пабидю,largo,3215,2049,16947,14333,2614,1/0/0,league_roster,league_roster,league_roster
19255,Premier Series,8738132472,RE,YeS,Radiant,Loss,0,wwwwwww,beastmaster,28,4873,distraction,ursa,4818,55,GAMBOT-PARIS,kunkka,3725,1148,17368,16105,1263,1/1/0,league_roster,league_roster,league_roster
19255,Premier Series,8738132472,YeS,RE,Dire,Win,1,distraction,ursa,29,4818,wwwwwww,beastmaster,4873,-55,ЛУЧШИЙ ♡,phoenix,3399,1419,16105,17368,-1263,2/1/2,league_roster,league_roster,league_roster
19255,Premier Series,8738165947,TSA,Nemiga,Radiant,Loss,0,ep,slark,25,4763,edward_kuzmin,dragon_knight,4373,390,tamagochi,batrider,3814,949,16323,16818,-495,4/1/0,league_roster,league_roster,league_roster
19255,Premier Series,8738165947,Nemiga,TSA,Dire,Win,1,edward_kuzmin,dragon_knight,28,4373,ep,slark,4763,-390,worth waiting,axe,4785,-412,16818,16323,495,0/0/0,league_roster,league_roster,league_roster
19255,Premier Series,8738216823,RE,YeS,Radiant,Loss,0,wwwwwww,dragon_knight,30,4608,distraction,razor,3888,720,GAMBOT-PARIS,mars,3594,1014,16372,15546,826,0/1/1,league_roster,league_roster,league_roster
19255,Premier Series,8738216823,YeS,RE,Dire,Win,1,distraction,razor,29,3888,wwwwwww,dragon_knight,4608,-720,ЛУЧШИЙ ♡,viper,3809,79,15546,16372,-826,1/2/2,league_roster,league_roster,league_roster
19255,Premier Series,8738243757,Nemiga,TSA,Radiant,Win,1,edward_kuzmin,dragon_knight,27,4315,ep,nevermore,4385,-70,worth waiting,shredder,4982,-667,16215,16083,132,0/1/0,league_roster,league_roster,league_roster
19255,Premier Series,8738243757,TSA,Nemiga,Dire,Loss,0,ep,nevermore,27,4385,edward_kuzmin,dragon_knight,4315,70,tamagochi,phoenix,4191,194,16083,16215,-132,2/3/0,league_roster,league_roster,league_roster
19255,Premier Series,8738320065,VPP,YeS,Radiant,Loss,0,extract,muerta,19,3048,distraction,kez,5121,-2073,GAMBOT-PARIS,phoenix,4361,-1313,15120,19455,-4335,1/4/1,league_roster,league_roster,league_roster
19255,Premier Series,8738320065,YeS,VPP,Dire,Win,1,distraction,kez,31,5121,extract,muerta,3048,2073,}',tidehunter,4390,731,19455,15120,4335,1/1/2,league_roster,league_roster,league_roster
19255,Premier Series,8738387051,YeS,VPP,Radiant,Win,1,distraction,nevermore,22,4805,Pe,kez,3792,1013,࣬,doom_bringer,4139,666,16451,15662,789,3/2/3,league_roster,league_roster,league_roster
19255,Premier Series,8738387051,VPP,YeS,Dire,Loss,0,Pe,kez,11,3792,distraction,nevermore,4805,-1013,GAMBOT-PARIS,bristleback,4045,-253,15662,16451,-789,2/2/2,league_roster,league_roster,league_roster
19255,Premier Series,8750122085,PR,VPP,Radiant,Win,1,bad trip,monkey_king,30,5386,extract,morphling,3782,1604,0ͷ9,tidehunter,2821,2565,19863,13298,6565,1/0/4,league_roster,league_roster,league_roster
19255,Premier Series,8750122085,VPP,PR,Dire,Loss,0,extract,morphling,24,3782,bad trip,monkey_king,5386,-1604,[>,slardar,4880,-1098,13298,19863,-6565,0/2/0,league_roster,league_roster,league_roster
19255,Premier Series,8750161286,PR,VPP,Radiant,Win,1,bad trip,alchemist,28,5204,extract,muerta,4783,421,pYO<,tidehunter,3618,1586,17339,17094,245,0/0/0,league_roster,league_roster,league_roster
19255,Premier Series,8750161286,VPP,PR,Dire,Loss,0,extract,muerta,25,4783,bad trip,alchemist,5204,-421,transurfing,bristleback,4279,504,17094,17339,-245,3/0/3,league_roster,league_roster,league_roster
19255,Premier Series,8750259236,RE,VPP,Radiant,Loss,0,xaxa),weaver,28,4658,extract,monkey_king,5169,-511,fy god,pangolier,4093,565,16064,16076,-12,3/1/1,league_roster,league_roster,league_roster
19255,Premier Series,8750259236,VPP,RE,Dire,Win,1,extract,monkey_king,20,5169,xaxa),weaver,4658,511,yowaai ♡,bristleback,3444,1725,16076,16064,12,6/0/2,league_roster,league_roster,league_roster
19255,Premier Series,8750304734,VPP,RE,Radiant,Loss,0,extract,bristleback,24,4062,xaxa),muerta,4709,-647,yowaai ♡,pangolier,4739,-677,16146,17415,-1269,0/0/0,league_roster,league_roster,league_roster
19255,Premier Series,8750304734,RE,VPP,Dire,Win,1,xaxa),muerta,28,4709,extract,bristleback,4062,647,fy god,beastmaster,4257,452,17415,16146,1269,0/1/1,league_roster,league_roster,league_roster
19255,Premier Series,8750369233,RE,VPP,Radiant,Loss,0,xaxa),weaver,30,5338,IK=,terrorblade,3922,1416,fy god,bristleback,4055,1283,17838,15914,1924,2/0/0,league_roster,league_roster,league_roster
19255,Premier Series,8750369233,VPP,RE,Dire,Win,1,IK=,terrorblade,24,3922,xaxa),weaver,5338,-1416,yowaai ♡,slardar,4541,-619,15914,17838,-1924,0/1/2,league_roster,league_roster,league_roster
19255,Premier Series,8750488026,PR,RE,Radiant,Win,1,bad trip,terrorblade,26,4714,xaxa),dragon_knight,5453,-739,yowaai ♡,batrider,3298,1416,16585,16825,-240,2/0/0,league_roster,league_roster,league_roster
19255,Premier Series,8750488026,RE,PR,Dire,Loss,0,xaxa),dragon_knight,29,5453,bad trip,terrorblade,4714,739,transurfing,pangolier,4078,1375,16825,16585,240,1/0/2,league_roster,league_roster,league_roster
19255,Premier Series,8750563954,PR,RE,Radiant,Win,1,bad trip,alchemist,26,4516,xaxa),troll_warlord,4282,234,yowaai ♡,pangolier,4064,452,17160,15723,1437,0/0/3,league_roster,league_roster,league_roster
19255,Premier Series,8750563954,RE,PR,Dire,Loss,0,xaxa),troll_warlord,24,4282,bad trip,alchemist,4516,-234,pZ3>,beastmaster,4588,-306,15723,17160,-1437,3/2/0,league_roster,league_roster,league_roster
19255,Premier Series,8753498070,YeS,1w,Radiant,Win,1,--------------------------------,luna,30,4282,sao,alchemist,5180,-898,мистер мораль,primal_beast,4235,47,17606,16574,1032,0/0/0,league_roster,league_roster,league_roster
19255,Premier Series,8753498070,1w,YeS,Dire,Loss,0,sao,alchemist,22,5180,--------------------------------,luna,4282,898,GAMBOT-PARIS,bristleback,5185,-5,16574,17606,-1032,1/2/0,league_roster,league_roster,league_roster
19255,Premier Series,8753565836,1w,YeS,Radiant,Loss,0,`}Y,faceless_void,31,4119,--------------------------------,life_stealer,4756,-637,GAMBOT-PARIS,pangolier,2854,1265,14883,14108,775,0/0/0,league_roster,league_roster,league_roster
19255,Premier Series,8753565836,YeS,1w,Dire,Win,1,--------------------------------,life_stealer,33,4756,`}Y,faceless_void,4119,637,мистер мораль,bristleback,3721,1035,14108,14883,-775,0/0/0,league_roster,league_roster,league_roster
19255,Premier Series,8756907812,1w,VPP,Radiant,Loss,0,"9""",monkey_king,29,4886,extract,terrorblade,4303,583,C,bristleback,3791,1095,18986,14427,4559,0/0/2,league_roster,league_roster,league_roster
19255,Premier Series,8756907812,VPP,1w,Dire,Win,1,extract,terrorblade,23,4303,"9""",monkey_king,4886,-583,мистер мораль,slardar,4720,-417,14427,18986,-4559,0/0/1,league_roster,league_roster,league_roster
19255,Premier Series,8756994043,1w,VPP,Radiant,Win,1,sao,beastmaster,28,5326,"""",mirana,5122,204,P,largo,3206,2120,17131,14707,2424,1/0/2,league_roster,league_roster,league_roster
19255,Premier Series,8756994043,VPP,1w,Dire,Loss,0,"""",mirana,30,5122,sao,beastmaster,5326,-204,мистер мораль,batrider,3299,1823,14707,17131,-2424,1/0/2,league_roster,league_roster,league_roster
19255,Premier Series,8757036119,1w,VPP,Radiant,Win,1,sao,alchemist,24,6806,"""l",ursa,4430,2376,p,tidehunter,4800,2006,18643,15476,3167,2/0/2,league_roster,league_roster,league_roster
19255,Premier Series,8757036119,VPP,1w,Dire,Loss,0,"""l",ursa,25,4430,sao,alchemist,6806,-2376,мистер мораль,slardar,3021,1409,15476,18643,-3167,1/0/2,league_roster,league_roster,league_roster
19255,Premier Series,8757142614,NGX,PIPS4,Radiant,Win,1,rin,muerta,28,4120,COMË N GO,monkey_king,4045,75,99%,pangolier,3373,747,14992,16680,-1688,0/1/1,league_roster,league_roster,league_roster
19255,Premier Series,8757142614,PIPS4,NGX,Dire,Loss,0,COMË N GO,monkey_king,23,4045,rin,muerta,4120,-75,jellyworms.HR Manager,viper,4053,-8,16680,14992,1688,1/2/1,league_roster,league_roster,league_roster
19255,Premier Series,8757219877,NGX,PIPS4,Radiant,Loss,0,rin,medusa,29,4721,COMË N GO,alchemist,5305,-584,99%,bristleback,4387,334,16438,17424,-986,0/1/0,league_roster,league_roster,league_roster
19255,Premier Series,8757219877,PIPS4,NGX,Dire,Win,1,COMË N GO,alchemist,29,5305,rin,medusa,4721,584,jellyworms.HR Manager,ember_spirit,4043,1262,17424,16438,986,2/0/1,league_roster,league_roster,league_roster
19255,Premier Series,8757309458,NGX,PIPS4,Radiant,Loss,0,rin,tiny,31,4468,COMË N GO,gyrocopter,4801,-333,99%,tidehunter,5125,-657,14992,18046,-3054,1/1/0,league_roster,league_roster,league_roster
19255,Premier Series,8757309458,PIPS4,NGX,Dire,Win,1,COMË N GO,gyrocopter,26,4801,rin,tiny,4468,333,jellyworms.HR Manager,shredder,3106,1695,18046,14992,3054,4/0/1,league_roster,league_roster,league_roster
19255,Premier Series,8757404869,YeS,Z10,Radiant,Win,1,birds of a feather,luna,22,4611,jwdmb,alchemist,5182,-571,nefrit,largo,3648,963,14955,16222,-1267,1/0/1,league_roster,league_roster,league_roster
19255,Premier Series,8757404869,Z10,YeS,Dire,Loss,0,jwdmb,alchemist,21,5182,birds of a feather,luna,4611,571,Collapse,bristleback,4659,523,16222,14955,1267,2/2/0,league_roster,league_roster,league_roster
19255,Premier Series,8757529698,Z10,YeS,Radiant,Loss,0,jwdmb,terrorblade,26,3895,birds of a feather,luna,3752,143,Collapse,tidehunter,4221,-326,17566,15649,1917,0/1/0,league_roster,league_roster,league_roster
19255,Premier Series,8757529698,YeS,Z10,Dire,Win,1,birds of a feather,luna,25,3752,jwdmb,terrorblade,3895,-143,nefrit,abyssal_underlord,4791,-1039,15649,17566,-1917,0/1/0,league_roster,league_roster,league_roster
19255,Premier Series,8757649115,VP,PR,Radiant,Win,1,Facing the Truth,muerta,26,4254,part2,dragon_knight,4721,-467,transurfing,bristleback,3389,865,16186,14752,1434,0/1/3,league_roster,league_roster,league_roster
19255,Premier Series,8757649115,PR,VP,Dire,Loss,0,part2,dragon_knight,22,4721,Facing the Truth,muerta,4254,467,ݴ,primal_beast,3307,1414,14752,16186,-1434,1/0/3,league_roster,league_roster,league_roster
19255,Premier Series,8757769291,PR,VP,Radiant,Loss,0,part2,terrorblade,24,4123,Facing the Truth,kez,4343,-220,granny got hit by a bazooka,brewmaster,3988,135,12734,17545,-4811,0/0/0,league_roster,league_roster,league_roster
19255,Premier Series,8757769291,VP,PR,Dire,Win,1,Facing the Truth,kez,26,4343,part2,terrorblade,4123,220,transurfing,mars,2941,1402,17545,12734,4811,3/0/3,league_roster,league_roster,league_roster
19255,Premier Series,8757847890,Z10,GL,Radiant,Loss,0,jwdmb,antimage,27,4392,鬼,alchemist,6003,-1611,помойка,largo,3599,793,13929,17011,-3082,0/0/0,league_roster,league_roster,league_roster
19255,Premier Series,8757847890,GL,Z10,Dire,Win,1,鬼,alchemist,33,6003,jwdmb,antimage,4392,1611,nefrit,shredder,3277,2726,17011,13929,3082,1/1/1,league_roster,league_roster,league_roster
19255,Premier Series,8757928349,Z10,GL,Radiant,Loss,0,jwdmb,alchemist,25,5452,鬼,clinkz,4611,841,помойка,bristleback,4789,663,16533,17665,-1132,0/2/1,league_roster,league_roster,league_roster
19255,Premier Series,8757928349,GL,Z10,Dire,Win,1,鬼,clinkz,24,4611,jwdmb,alchemist,5452,-841,nefrit,tidehunter,4132,479,17665,16533,1132,2/0/0,league_roster,league_roster,league_roster
19255,Premier Series,8758458334,YeS,VPP,Radiant,Win,1,birds of a feather,alchemist,34,6060,extract,luna,4287,1773,ANDREW_THE_FUCKER,pangolier,3541,2519,17464,15662,1802,1/0/1,league_roster,league_roster,league_roster
19255,Premier Series,8758458334,VPP,YeS,Dire,Loss,0,extract,luna,24,4287,birds of a feather,alchemist,6060,-1773,Collapse,mars,3984,303,15662,17464,-1802,1/0/1,league_roster,league_roster,league_roster
19255,Premier Series,8758516093,YeS,VPP,Radiant,Win,1,birds of a feather,dragon_knight,32,5286,extract,muerta,4620,666,ANDREW_THE_FUCKER,kunkka,2761,2525,18013,13771,4242,1/0/4,league_roster,league_roster,league_roster
19255,Premier Series,8758516093,VPP,YeS,Dire,Loss,0,extract,muerta,22,4620,birds of a feather,dragon_knight,5286,-666,Collapse,tidehunter,4670,-50,13771,18013,-4242,1/1/1,league_roster,league_roster,league_roster
19255,Premier Series,8758604963,L1,PR,Radiant,Win,1,k+,meepo,30,5045,roberto baggio,weaver,4629,416,transurfing,pudge,4042,1003,16847,15926,921,0/0/1,league_roster,league_roster,league_roster
19255,Premier Series,8758604963,PR,L1,Dire,Loss,0,roberto baggio,weaver,24,4629,k+,meepo,5045,-416,Dwight K. Schrute,abyssal_underlord,3810,819,15926,16847,-921,1/3/3,league_roster,league_roster,league_roster
19255,Premier Series,8758692845,L1,PR,Radiant,Win,1,am i dreaming,monkey_king,30,4420,1nonly,beastmaster,5349,-929,transurfing,mars,4961,-541,17056,16693,363,0/1/0,league_roster,league_roster,league_roster
19255,Premier Series,8758692845,PR,L1,Dire,Loss,0,1nonly,beastmaster,26,5349,am i dreaming,monkey_king,4420,929,Dwight K. Schrute,sand_king,3488,1861,16693,17056,-363,4/0/3,league_roster,league_roster,league_roster
19255,Premier Series,8758783804,VP,PIPS4,Radiant,Loss,0,Facing the Truth,ursa,27,4743,philope,luna,4268,475,99%,brewmaster,3571,1172,15626,16405,-779,3/1/0,league_roster,league_roster,league_roster
19255,Premier Series,8758783804,PIPS4,VP,Dire,Win,1,philope,luna,25,4268,Facing the Truth,ursa,4743,-475,granny got hit by a bazooka,tidehunter,3784,484,16405,15626,779,2/0/2,league_roster,league_roster,league_roster
19255,Premier Series,8758886089,PIPS4,VP,Radiant,Loss,0,philope,meepo,22,4605,Facing the Truth,muerta,4460,145,granny got hit by a bazooka,primal_beast,4178,427,16433,14568,1865,2/2/0,league_roster,league_roster,league_roster
19255,Premier Series,8758886089,VP,PIPS4,Dire,Win,1,Facing the Truth,muerta,22,4460,philope,meepo,4605,-145,99%,doom_bringer,3690,770,14568,16433,-1865,1/0/2,league_roster,league_roster,league_roster
19255,Premier Series,8758993964,VP,PIPS4,Radiant,Win,1,Facing the Truth,luna,25,4813,philope,weaver,3557,1256,99%,tidehunter,3769,1044,16526,14821,1705,2/0/1,league_roster,league_roster,league_roster
19255,Premier Series,8758993964,PIPS4,VP,Dire,Loss,0,philope,weaver,26,3557,Facing the Truth,luna,4813,-1256,<6,pangolier,4377,-820,14821,16526,-1705,1/2/2,league_roster,league_roster,league_roster
19255,Premier Series,8759107304,PR,NGX,Radiant,Win,1,dont sleep just dream,bristleback,25,4837,rin,monkey_king,4253,584,jellyworms.HR Manager,tidehunter,3522,1315,14955,15055,-100,3/1/0,league_roster,league_roster,league_roster
19255,Premier Series,8759107304,NGX,PR,Dire,Loss,0,rin,monkey_king,22,4253,dont sleep just dream,bristleback,4837,-584,,viper,3302,951,15055,14955,100,4/1/2,league_roster,league_roster,league_roster
19255,Premier Series,8759237219,NGX,PR,Radiant,Win,1,rin,muerta,28,4248,dont sleep just dream,monkey_king,3936,312,,viper,3840,408,16569,15583,986,0/1/4,league_roster,league_roster,league_roster
19255,Premier Series,8759237219,PR,NGX,Dire,Loss,0,dont sleep just dream,monkey_king,18,3936,rin,muerta,4248,-312,jellyworms.HR Manager,tidehunter,3989,-53,15583,16569,-986,0/1/0,league_roster,league_roster,league_roster
19255,Premier Series,8759332195,NGX,PR,Radiant,Win,1,rin,alchemist,25,5990,dont sleep just dream,weaver,3372,2618,transurfing,dawnbreaker,4596,1394,18583,14835,3748,3/2/2,league_roster,league_roster,league_roster
19255,Premier Series,8759332195,PR,NGX,Dire,Loss,0,dont sleep just dream,weaver,23,3372,rin,alchemist,5990,-2618,jellyworms.HR Manager,ember_spirit,3849,-477,14835,18583,-3748,0/1/1,league_roster,league_roster,league_roster
19255,Premier Series,8759455338,L1,VP,Radiant,Win,1,am i dreaming,beastmaster,24,5923,Facing the Truth,monkey_king,4753,1170,M,lycan,3188,2735,16194,15185,1009,4/1/2,league_roster,league_roster,league_roster
19255,Premier Series,8759455338,VP,L1,Dire,Loss,0,Facing the Truth,monkey_king,27,4753,am i dreaming,beastmaster,5923,-1170,Dwight K. Schrute,tidehunter,2784,1969,15185,16194,-1009,1/0/0,league_roster,league_roster,league_roster
19255,Premier Series,8759524795,L1,VP,Radiant,Loss,0,am i dreaming,meepo,24,4711,Facing the Truth,luna,4577,134,granny got hit by a bazooka,brewmaster,4601,110,15079,16735,-1656,0/0/0,league_roster,league_roster,league_roster
19255,Premier Series,8759524795,VP,L1,Dire,Win,1,Facing the Truth,luna,26,4577,am i dreaming,meepo,4711,-134,Dwight K. Schrute,slardar,3652,925,16735,15079,1656,0/1/0,league_roster,league_roster,league_roster
19255,Premier Series,8759585866,L1,VP,Radiant,Win,1,am i dreaming,ursa,27,4696,Facing the Truth,luna,3608,1088,granny got hit by a bazooka,tidehunter,4116,580,17470,14826,2644,0/0/0,league_roster,league_roster,league_roster
19255,Premier Series,8759585866,VP,L1,Dire,Loss,0,Facing the Truth,luna,25,3608,am i dreaming,ursa,4696,-1088,Dwight K. Schrute,slardar,4493,-885,14826,17470,-2644,0/0/0,league_roster,league_roster,league_roster
19255,Premier Series,8760013372,L1,PIPS4,Radiant,Win,1,8,life_stealer,31,5053,hc,luna,4302,751,99%,brewmaster,2948,2105,16149,14379,1770,1/0/2,league_roster,league_roster,league_roster
19255,Premier Series,8760013372,PIPS4,L1,Dire,Loss,0,hc,luna,20,4302,8,life_stealer,5053,-751,Dwight K. Schrute,abyssal_underlord,4087,215,14379,16149,-1770,1/2/0,league_roster,league_roster,league_roster
19255,Premier Series,8760069764,PIPS4,L1,Radiant,Win,1,old_ch1cken,ursa,27,4922,"@,",faceless_void,4714,208,Dwight K. Schrute,abyssal_underlord,3607,1315,16516,16187,329,2/0/0,league_roster,league_roster,league_roster
19255,Premier Series,8760069764,L1,PIPS4,Dire,Loss,0,"@,",faceless_void,27,4714,old_ch1cken,ursa,4922,-208,99%,dawnbreaker,4102,612,16187,16516,-329,0/0/1,league_roster,league_roster,league_roster
19255,Premier Series,8760122367,L1,PIPS4,Radiant,Win,1,,abaddon,26,4755,old_ch1cken,faceless_void,3492,1263,99%,tidehunter,3020,1735,17536,14486,3050,1/0/1,league_roster,league_roster,league_roster
19255,Premier Series,8760122367,PIPS4,L1,Dire,Loss,0,old_ch1cken,faceless_void,24,3492,,abaddon,4755,-1263,Dwight K. Schrute,batrider,5011,-1519,14486,17536,-3050,0/2/0,league_roster,league_roster,league_roster
19255,Premier Series,8760209320,1w,Z10,Radiant,Loss,0,sao,monkey_king,29,4920,jwdmb,muerta,4197,723,nefrit,bristleback,3665,1255,19581,14081,5500,0/0/1,league_roster,league_roster,league_roster
19255,Premier Series,8760209320,Z10,1w,Dire,Win,1,jwdmb,muerta,22,4197,sao,monkey_king,4920,-723,мистер мораль,axe,4978,-781,14081,19581,-5500,0/2/1,league_roster,league_roster,league_roster
19255,Premier Series,8760282568,Z10,1w,Radiant,Loss,0,jwdmb,razor,27,4688,sao,life_stealer,3817,871,мистер мораль,abyssal_underlord,2981,1707,14618,14093,525,0/0/2,league_roster,league_roster,league_roster
19255,Premier Series,8760282568,1w,Z10,Dire,Win,1,sao,life_stealer,19,3817,jwdmb,razor,4688,-871,nefrit,tidehunter,4096,-279,14093,14618,-525,0/2/1,league_roster,league_roster,league_roster
19255,Premier Series,8760377964,1w,Z10,Radiant,Loss,0,sao,weaver,24,4467,jwdmb,gyrocopter,4229,238,nefrit,tidehunter,3284,1183,18342,14034,4308,0/1/5,league_roster,league_roster,league_roster
19255,Premier Series,8760377964,Z10,1w,Dire,Win,1,jwdmb,gyrocopter,32,4229,sao,weaver,4467,-238,мистер мораль,centaur,3646,583,14034,18342,-4308,0/1/0,league_roster,league_roster,league_roster
19255,Premier Series,8760477190,VPP,GL,Radiant,Win,1,extract,clinkz,22,3944,鬼,viper,3843,101,,pangolier,3944,0,14026,15286,-1260,0/1/0,league_roster,league_roster,league_roster
19255,Premier Series,8760477190,GL,VPP,Dire,Loss,0,鬼,viper,19,3843,extract,clinkz,3944,-101,𝒆𝒗𝒊𝒍,largo,2998,845,15286,14026,1260,3/2/0,league_roster,league_roster,league_roster
19255,Premier Series,8760634975,GL,VPP,Radiant,Win,1,鬼,monkey_king,27,5492,[d,luna,3642,1850,𝒆𝒗𝒊𝒍,tidehunter,3270,2222,19600,11658,7942,2/0/2,league_roster,league_roster,league_roster
19255,Premier Series,8760634975,VPP,GL,Dire,Loss,0,[d,luna,18,3642,鬼,monkey_king,5492,-1850,помойка,axe,5281,-1639,11658,19600,-7942,1/2/0,league_roster,league_roster,league_roster
19255,Premier Series,8760693477,VPP,GL,Radiant,Loss,0,extract,weaver,22,4014,鬼,templar_assassin,5055,-1041,PkA/,slardar,3685,329,16051,15213,838,2/0/1,league_roster,league_roster,league_roster
19255,Premier Series,8760693477,GL,VPP,Dire,Win,1,鬼,templar_assassin,30,5055,extract,weaver,4014,1041,𝒆𝒗𝒊𝒍,sand_king,4294,761,15213,16051,-838,2/1/1,league_roster,league_roster,league_roster
19255,Premier Series,8760782649,NGX,VP,Radiant,Win,1,rin,dragon_knight,23,4763,Meat Machine,muerta,3732,1031,granny got hit by a bazooka,slardar,3782,981,16422,13994,2428,3/0/3,league_roster,league_roster,league_roster
19255,Premier Series,8760782649,VP,NGX,Dire,Loss,0,Meat Machine,muerta,29,3732,rin,dragon_knight,4763,-1031,jellyworms.HR Manager,doom_bringer,4395,-663,13994,16422,-2428,1/3/2,league_roster,league_roster,league_roster
19255,Premier Series,8760877821,VP,NGX,Radiant,Loss,0,Meat Machine,ursa,21,5031,rin,muerta,5724,-693,jellyworms.HR Manager,slardar,3566,1465,16845,17026,-181,1/0/1,league_roster,league_roster,league_roster
19255,Premier Series,8760877821,NGX,VP,Dire,Win,1,rin,muerta,23,5724,Meat Machine,ursa,5031,693,Q?,batrider,3147,2577,17026,16845,181,8/0/2,league_roster,league_roster,league_roster
19255,Premier Series,8760986413,GL,YeS,Radiant,Win,1,m-X,lone_druid,20,4373,birds of a feather,terrorblade,3565,808,Collapse,mars,3528,845,16302,15975,327,3/2/1,league_roster,league_roster,league_roster
19255,Premier Series,8760986413,YeS,GL,Dire,Loss,0,birds of a feather,terrorblade,27,3565,m-X,lone_druid,4373,-808,помойка,slardar,4241,-676,15975,16302,-327,0/3/0,league_roster,league_roster,league_roster
19255,Premier Series,8761051241,GL,YeS,Radiant,Win,1,nd,alchemist,29,5008,birds of a feather,faceless_void,4518,490,0<]C,monkey_king,3379,1629,16121,15942,179,2/2/3,league_roster,league_roster,league_roster
19255,Premier Series,8761051241,YeS,GL,Dire,Loss,0,birds of a feather,faceless_void,25,4518,nd,alchemist,5008,-490,",",largo,3453,1065,15942,16121,-179,0/0/2,league_roster,league_roster,league_roster
19255,Premier Series,8761361068,Z10,VPP,Radiant,Win,1,jwdmb,kez,27,4290,VYg,monkey_king,4685,-395,𝒆𝒗𝒊𝒍,brewmaster,3610,680,16409,16817,-408,0/0/0,league_roster,league_roster,league_roster
19255,Premier Series,8761361068,VPP,Z10,Dire,Loss,0,VYg,monkey_king,23,4685,jwdmb,kez,4290,395,nefrit,bristleback,4379,306,16817,16409,408,1/0/4,league_roster,league_roster,league_roster
19255,Premier Series,8761397446,Z10,VPP,Radiant,Win,1,jwdmb,ursa,26,4854,extract,alchemist,3923,931,𝒆𝒗𝒊𝒍,venomancer,4052,802,17189,15249,1940,3/1/2,league_roster,league_roster,league_roster
19255,Premier Series,8761397446,VPP,Z10,Dire,Loss,0,extract,alchemist,19,3923,jwdmb,ursa,4854,-931,nefrit,largo,4588,-665,15249,17189,-1940,0/3/0,league_roster,league_roster,league_roster
19255,Premier Series,8761452929,1w,GL,Radiant,Loss,0,sao,meepo,34,4580,鬼,viper,3990,590,помойка,slardar,4265,315,16058,15976,82,0/0/1,league_roster,league_roster,league_roster
19255,Premier Series,8761452929,GL,1w,Dire,Win,1,鬼,viper,14,3990,sao,meepo,4580,-590,мистер мораль,tidehunter,3352,638,15976,16058,-82,2/1/2,league_roster,league_roster,league_roster
19255,Premier Series,8761515506,GL,1w,Radiant,Loss,0,鬼,faceless_void,19,4048,Jt,naga_siren,4770,-722,мистер мораль,batrider,3413,635,14178,15294,-1116,1/0/1,league_roster,league_roster,league_roster
19255,Premier Series,8761515506,1w,GL,Dire,Win,1,Jt,naga_siren,24,4770,鬼,faceless_void,4048,722,помойка,centaur,3098,1672,15294,14178,1116,1/1/1,league_roster,league_roster,league_roster
19255,Premier Series,8761588726,GL,1w,Radiant,Win,1,鬼,alchemist,25,5669,sao,naga_siren,3378,2291,мистер мораль,shredder,3574,2095,16316,13160,3156,1/0/0,league_roster,league_roster,league_roster
19255,Premier Series,8761588726,1w,GL,Dire,Loss,0,sao,naga_siren,26,3378,鬼,alchemist,5669,-2291,помойка,night_stalker,4160,-782,13160,16316,-3156,0/2/1,league_roster,league_roster,league_roster
19255,Premier Series,8761673426,PR,PIPS4,Radiant,Win,1,hair-raiser,morphling,24,4624,old_ch1cken,muerta,3968,656,99%,batrider,2976,1648,17681,14841,2840,1/0/1,league_roster,league_roster,league_roster
19255,Premier Series,8761673426,PIPS4,PR,Dire,Loss,0,old_ch1cken,muerta,22,3968,hair-raiser,morphling,4624,-656,transurfing,tidehunter,4061,-93,14841,17681,-2840,1/1/2,league_roster,league_roster,league_roster
19255,Premier Series,8761774392,PR,PIPS4,Radiant,Win,1,tendingtothegarden,luna,25,4890,old_ch1cken,muerta,4163,727,99%,pangolier,3534,1356,15568,15307,261,5/2/3,league_roster,league_roster,league_roster
19255,Premier Series,8761774392,PIPS4,PR,Dire,Loss,0,old_ch1cken,muerta,30,4163,tendingtothegarden,luna,4890,-727,transurfing,axe,3679,484,15307,15568,-261,1/1/2,league_roster,league_roster,league_roster
19255,Premier Series,8761895154,NGX,L1,Radiant,Win,1,rin,faceless_void,20,4254,am i dreaming,life_stealer,4217,37,Dwight K. Schrute,batrider,3765,489,16583,14556,2027,0/0/0,league_roster,league_roster,league_roster
19255,Premier Series,8761895154,L1,NGX,Dire,Loss,0,am i dreaming,life_stealer,22,4217,rin,faceless_void,4254,-37,jellyworms.HR Manager,tidehunter,4411,-194,14556,16583,-2027,0/0/1,league_roster,league_roster,league_roster
19255,Premier Series,8762007038,L1,NGX,Radiant,Loss,0,am i dreaming,abaddon,33,5164,rin,dragon_knight,5022,142,jellyworms.HR Manager,batrider,3949,1215,14805,17337,-2532,0/0/0,league_roster,league_roster,league_roster
19255,Premier Series,8762007038,NGX,L1,Dire,Win,1,rin,dragon_knight,21,5022,am i dreaming,abaddon,5164,-142,Dwight K. Schrute,slardar,2647,2375,17337,14805,2532,3/0/2,league_roster,league_roster,league_roster
19255,Premier Series,8762128911,L1,YeS,Radiant,Loss,0,am i dreaming,alchemist,26,4426,birds of a feather,luna,5345,-919,00,tidehunter,4971,-545,15978,20133,-4155,0/2/2,league_roster,league_roster,league_roster
19255,Premier Series,8762128911,YeS,L1,Dire,Win,1,birds of a feather,luna,23,5345,am i dreaming,alchemist,4426,919,Dwight K. Schrute,largo,4276,1069,20133,15978,4155,2/1/2,league_roster,league_roster,league_roster
19255,Premier Series,8762190571,L1,YeS,Radiant,Win,1,,luna,24,4013,birds of a feather,ursa,4213,-200,,dawnbreaker,3929,84,15464,16092,-628,0/2/2,league_roster,league_roster,league_roster
19255,Premier Series,8762190571,YeS,L1,Dire,Loss,0,birds of a feather,ursa,25,4213,,luna,4013,200,Dwight K. Schrute,tidehunter,3540,673,16092,15464,628,0/0/0,league_roster,league_roster,league_roster
19255,Premier Series,8762271616,L1,YeS,Radiant,Win,1,0C,bristleback,29,5000,birds of a feather,luna,3379,1621,Pb,tidehunter,4315,685,16553,15785,768,2/1/1,league_roster,league_roster,league_roster
19255,Premier Series,8762271616,YeS,L1,Dire,Loss,0,birds of a feather,luna,25,3379,0C,bristleback,5000,-1621,Dwight K. Schrute,abyssal_underlord,3951,-572,15785,16553,-768,1/1/0,league_roster,league_roster,league_roster
19255,Premier Series,8762670913,PV,GL,Radiant,Win,1,.....,muerta,25,4218,鬼,terrorblade,3325,893,помойка,bristleback,4653,-435,17128,15441,1687,0/0/0,league_roster,league_roster,league_roster
19255,Premier Series,8762670913,GL,PV,Dire,Loss,0,鬼,terrorblade,13,3325,.....,muerta,4218,-893,"Nah, I'd adapt",slardar,4545,-1220,15441,17128,-1687,1/1/0,league_roster,league_roster,league_roster
19255,Premier Series,8762725627,PV,GL,Radiant,Win,1,Ѐ#&,monkey_king,35,5079,鬼,bristleback,4214,865,"km,&",axe,3163,1916,16219,15072,1147,2/0/1,league_roster,league_roster,league_roster
19255,Premier Series,8762725627,GL,PV,Dire,Loss,0,鬼,bristleback,23,4214,Ѐ#&,monkey_king,5079,-865,"Nah, I'd adapt",necrolyte,3794,420,15072,16219,-1147,2/1/0,league_roster,league_roster,league_roster
19255,Premier Series,8762810886,NGX,TSpirit,Radiant,Loss,0,rin,muerta,29,4679,逆天,monkey_king,4678,1,GAMBOT-PARIS,batrider,2951,1728,16551,15604,947,1/1/1,league_roster,league_roster,league_roster
19255,Premier Series,8762810886,TSpirit,NGX,Dire,Win,1,逆天,monkey_king,31,4678,rin,muerta,4679,-1,jellyworms.HR Manager,tidehunter,3956,722,15604,16551,-947,1/0/2,league_roster,league_roster,league_roster
19255,Premier Series,8762900221,TSpirit,NGX,Radiant,Loss,0,逆天,nevermore,21,4207,rin,bristleback,5218,-1011,jellyworms.HR Manager,abyssal_underlord,4352,-145,13538,18417,-4879,0/1/2,league_roster,league_roster,league_roster
19255,Premier Series,8762900221,NGX,TSpirit,Dire,Win,1,rin,bristleback,28,5218,逆天,nevermore,4207,1011,GAMBOT-PARIS,tidehunter,2865,2353,18417,13538,4879,1/1/2,league_roster,league_roster,league_roster
19255,Premier Series,8763000090,NGX,TSpirit,Radiant,Win,1,rin,muerta,25,3956,逆天,bristleback,4221,-265,GAMBOT-PARIS,night_stalker,4756,-800,15525,17010,-1485,1/1/0,league_roster,league_roster,league_roster
19255,Premier Series,8763000090,TSpirit,NGX,Dire,Loss,0,逆天,bristleback,30,4221,rin,muerta,3956,265,jellyworms.HR Manager,legion_commander,3621,600,17010,15525,1485,0/1/1,league_roster,league_roster,league_roster
19255,Premier Series,8763120187,L1,Liquid,Radiant,Win,1,01',life_stealer,30,4628,'&,weaver,4545,83,50centaur,axe,4879,-251,15179,17315,-2136,2/0/0,league_roster,league_roster,league_roster
19255,Premier Series,8763120187,Liquid,L1,Dire,Loss,0,'&,weaver,24,4545,01',life_stealer,4628,-83,Dwight K. Schrute,tidehunter,3300,1245,17315,15179,2136,2/0/3,league_roster,league_roster,league_roster
19255,Premier Series,8763238308,Liquid,L1,Radiant,Win,1,rH$,muerta,28,4705,am i dreaming,life_stealer,4355,350,Dwight K. Schrute,abyssal_underlord,3581,1124,16496,15117,1379,2/0/1,league_roster,league_roster,league_roster
19255,Premier Series,8763238308,L1,Liquid,Dire,Loss,0,am i dreaming,life_stealer,24,4355,rH$,muerta,4705,-350,Č',slardar,3924,431,15117,16496,-1379,1/0/2,league_roster,league_roster,league_roster
19255,Premier Series,8763313524,L1,Liquid,Radiant,Win,1,am i dreaming,luna,22,4553,\/',muerta,4036,517,50centaur,dark_seer,4463,90,19704,16303,3401,0/2/4,league_roster,league_roster,league_roster
19255,Premier Series,8763313524,Liquid,L1,Dire,Loss,0,\/',muerta,33,4036,am i dreaming,luna,4553,-517,Dwight K. Schrute,beastmaster,5185,-1149,16303,19704,-3401,0/2/0,league_roster,league_roster,league_roster
19255,Premier Series,8763405558,HEROIC,MOUZ,Radiant,Loss,0,Yuma,muerta,22,4035,P]',dragon_knight,4599,-564,TAXMAN,pangolier,3689,346,16505,14944,1561,0/2/2,league_roster,league_roster,league_roster
19255,Premier Series,8763405558,MOUZ,HEROIC,Dire,Win,1,P]',dragon_knight,23,4599,Yuma,muerta,4035,564,Wisper,weaver,4032,567,14944,16505,-1561,2/0/0,league_roster,league_roster,league_roster
19255,Premier Series,8763493227,HEROIC,MOUZ,Radiant,Loss,0,@$,medusa,21,3689,KITR,juggernaut,4444,-755,TAXMAN,doom_bringer,4662,-973,14527,15403,-876,1/1/0,league_roster,league_roster,league_roster
19255,Premier Series,8763493227,MOUZ,HEROIC,Dire,Win,1,KITR,juggernaut,20,4444,@$,medusa,3689,755,Wisper,pangolier,3262,1182,15403,14527,876,1/0/1,league_roster,league_roster,league_roster
19255,Premier Series,8763938696,GL,TSpirit,Radiant,Win,1,)j.',clinkz,28,4818,L&,templar_assassin,5189,-371,GAMBOT-PARIS,mars,2906,1912,17150,15864,1286,2/1/2,league_roster,league_roster,league_roster
19255,Premier Series,8763938696,TSpirit,GL,Dire,Loss,0,L&,templar_assassin,29,5189,)j.',clinkz,4818,371,&,abyssal_underlord,4758,431,15864,17150,-1286,0/0/0,league_roster,league_roster,league_roster
19255,Premier Series,8763984403,TSpirit,GL,Radiant,Win,1,;1&,drow_ranger,26,5119,F%,doom_bringer,4522,597,p%,enigma,4677,442,16532,16870,-338,3/1/0,league_roster,league_roster,league_roster
19255,Premier Series,8763984403,GL,TSpirit,Dire,Loss,0,F%,doom_bringer,27,4522,;1&,drow_ranger,5119,-597,GAMBOT-PARIS,pangolier,3869,653,16870,16532,338,0/1/1,league_roster,league_roster,league_roster
19255,Premier Series,8764045768,TSpirit,GL,Radiant,Loss,0,ES;',drow_ranger,36,5188,Pk%,doom_bringer,4552,636,Јk%,enigma,4398,790,16054,17954,-1900,0/0/0,league_roster,league_roster,league_roster
19255,Premier Series,8764045768,GL,TSpirit,Dire,Win,1,Pk%,doom_bringer,24,4552,ES;',drow_ranger,5188,-636,GAMBOT-PARIS,undying,4046,506,17954,16054,1900,1/0/2,league_roster,league_roster,league_roster
19255,Premier Series,8764127437,PV,NGX,Radiant,Win,1,"01""&",faceless_void,23,3955,rin,razor,3380,575,jellyworms.HR Manager,centaur,4297,-342,16443,15965,478,2/0/0,league_roster,league_roster,league_roster
19255,Premier Series,8764127437,NGX,PV,Dire,Loss,0,rin,razor,20,3380,"01""&",faceless_void,3955,-575,`L/',doom_bringer,4206,-826,15965,16443,-478,0/2/0,league_roster,league_roster,league_roster
19255,Premier Series,8764195216,PV,NGX,Radiant,Win,1,У<%,meepo,22,4258,rin,dragon_knight,3390,868,jellyworms.HR Manager,shredder,3198,1060,17960,15297,2663,2/0/3,league_roster,league_roster,league_roster
19255,Premier Series,8764195216,NGX,PV,Dire,Loss,0,rin,dragon_knight,18,3390,У<%,meepo,4258,-868,"Nah, I'd adapt",slardar,4398,-1008,15297,17960,-2663,0/3/2,league_roster,league_roster,league_roster
19255,Premier Series,8764351266,Liquid,HEROIC,Radiant,Win,1,%,windrunner,23,4360,(&,faceless_void,3449,911,Z&,bristleback,4203,157,18515,14502,4013,1/0/4,league_roster,league_roster,league_roster
19255,Premier Series,8764351266,HEROIC,Liquid,Dire,Loss,0,(&,faceless_void,18,3449,%,windrunner,4360,-911,e}&,pangolier,4247,-798,14502,18515,-4013,1/1/1,league_roster,league_roster,league_roster
19255,Premier Series,8764502762,HEROIC,Liquid,Radiant,Loss,0,@=%,luna,24,4270,Y=$,lone_druid,4498,-228,p &,pangolier,4337,-67,15621,17320,-1699,2/0/1,league_roster,league_roster,league_roster
19255,Premier Series,8764502762,Liquid,HEROIC,Dire,Win,1,Y=$,lone_druid,33,4498,@=%,luna,4270,228,u$,magnataur,3098,1400,17320,15621,1699,1/1/0,league_roster,league_roster,league_roster
19255,Premier Series,8764625108,L1,MOUZ,Radiant,Win,1,p%,muerta,32,4822,KITR,weaver,3434,1388,Ц/',beastmaster,3756,1066,15730,12910,2820,1/0/1,league_roster,league_roster,league_roster
19255,Premier Series,8764625108,MOUZ,L1,Dire,Loss,0,KITR,weaver,23,3434,p%,muerta,4822,-1388,KUBAJlDA,slardar,3308,126,12910,15730,-2820,0/0/0,league_roster,league_roster,league_roster
19255,Premier Series,8764724871,L1,MOUZ,Radiant,Loss,0,{&,beastmaster,29,5036,A%,alchemist,4443,593,&,dark_seer,3449,1587,17583,15160,2423,0/0/0,league_roster,league_roster,league_roster
19255,Premier Series,8764724871,MOUZ,L1,Dire,Win,1,A%,alchemist,13,4443,{&,beastmaster,5036,-593,KUBAJlDA,tidehunter,4723,-280,15160,17583,-2423,0/1/1,league_roster,league_roster,league_roster
19255,Premier Series,8764812557,L1,MOUZ,Radiant,Loss,0,PH:u',muerta,36,5195,t%,alchemist,4987,208,cB)&,pangolier,4227,968,16751,17863,-1112,1/1/1,league_roster,league_roster,league_roster
19255,Premier Series,8764812557,MOUZ,L1,Dire,Win,1,t%,alchemist,29,4987,PH:u',muerta,5195,-208,KUBAJlDA,tidehunter,4171,816,17863,16751,1112,1/0/3,league_roster,league_roster,league_roster
19255,Premier Series,8765260718,Liquid,NGX,Radiant,Loss,0,yondaime,muerta,20,4253,rin,dragon_knight,4088,165,jellyworms.HR Manager,brewmaster,4289,-36,18681,16301,2380,2/1/5,league_roster,league_roster,league_roster
19255,Premier Series,8765260718,NGX,Liquid,Dire,Win,1,rin,dragon_knight,22,4088,yondaime,muerta,4253,-165,50centaur,beastmaster,4519,-431,16301,18681,-2380,0/1/2,league_roster,league_roster,league_roster
19255,Premier Series,8765317021,NGX,Liquid,Radiant,Loss,0,rin,gyrocopter,24,5080,yondaime,alchemist,5633,-553,50centaur,beastmaster,4784,296,18004,18364,-360,1/1/2,league_roster,league_roster,league_roster
19255,Premier Series,8765317021,Liquid,NGX,Dire,Win,1,yondaime,alchemist,20,5633,rin,gyrocopter,5080,553,jellyworms.HR Manager,doom_bringer,3959,1674,18364,18004,360,3/1/1,league_roster,league_roster,league_roster
19255,Premier Series,8765407551,NGX,Liquid,Radiant,Win,1,rin,phantom_assassin,26,4512,yondaime,monkey_king,3503,1009,50centaur,bristleback,3779,733,17264,14387,2877,3/0/3,league_roster,league_roster,league_roster
19255,Premier Series,8765407551,Liquid,NGX,Dire,Loss,0,yondaime,monkey_king,22,3503,rin,phantom_assassin,4512,-1009,jellyworms.HR Manager,legion_commander,3844,-341,14387,17264,-2877,0/4/1,league_roster,league_roster,league_roster
19255,Premier Series,8765478656,GL,L1,Radiant,Win,1,鬼,muerta,26,5031,am i dreaming,luna,4681,350,Tony,slardar,2407,2624,17672,13079,4593,0/0/2,league_roster,league_roster,league_roster
19255,Premier Series,8765478656,L1,GL,Dire,Loss,0,am i dreaming,luna,25,4681,鬼,muerta,5031,-350,помойка,abyssal_underlord,4395,286,13079,17672,-4593,0/0/1,league_roster,league_roster,league_roster
19255,Premier Series,8765597299,L1,GL,Radiant,Win,1,"@,(",weaver,31,4215,鬼,templar_assassin,4217,-2,помойка,slardar,3583,632,13832,15118,-1286,0/0/0,league_roster,league_roster,league_roster
19255,Premier Series,8765597299,GL,L1,Dire,Loss,0,鬼,templar_assassin,24,4217,"@,(",weaver,4215,2,Tony,mars,3384,833,15118,13832,1286,1/0/0,league_roster,league_roster,league_roster
19255,Premier Series,8765688078,L1,GL,Radiant,Loss,0,$c(,life_stealer,27,4033,鬼,muerta,4321,-288,помойка,pangolier,4483,-450,14165,15618,-1453,0/1/0,league_roster,league_roster,league_roster
19255,Premier Series,8765688078,GL,L1,Dire,Win,1,鬼,muerta,25,4321,$c(,life_stealer,4033,288,Tony,slardar,2692,1629,15618,14165,1453,0/0/0,league_roster,league_roster,league_roster
19255,Premier Series,8765781391,PV,MOUZ,Radiant,Win,1,W.',phantom_lancer,27,3994,@+t),juggernaut,3668,326,@h%,pangolier,4158,-164,16657,15523,1134,0/1/1,league_roster,league_roster,league_roster
19255,Premier Series,8765781391,MOUZ,PV,Dire,Loss,0,@+t),juggernaut,22,3668,W.',phantom_lancer,3994,-326,"Nah, I'd adapt",tidehunter,5231,-1563,15523,16657,-1134,1/2/1,league_roster,league_roster,league_roster
19255,Premier Series,8765867665,PV,MOUZ,Radiant,Win,1,.....,muerta,31,4069,KITR,monkey_king,4489,-420,TAXMAN,tidehunter,5287,-1218,17877,17677,200,0/3/2,league_roster,league_roster,league_roster
19255,Premier Series,8765867665,MOUZ,PV,Dire,Loss,0,KITR,monkey_king,24,4489,.....,muerta,4069,420,x&,beastmaster,5675,-1186,17677,17877,-200,2/0/3,league_roster,league_roster,league_roster
19255,Premier Series,8765976782,GL,NGX,Radiant,Win,1,鬼,muerta,20,3255,rin,templar_assassin,5350,-2095,jellyworms.HR Manager,beastmaster,4731,-1476,13224,17508,-4284,0/2/2,league_roster,league_roster,league_roster
19255,Premier Series,8765976782,NGX,GL,Dire,Loss,0,rin,templar_assassin,30,5350,鬼,muerta,3255,2095,помойка,doom_bringer,3845,1505,17508,13224,4284,0/0/2,league_roster,league_roster,league_roster
19255,Premier Series,8766089530,NGX,GL,Radiant,Win,1,rin,muerta,26,4743,鬼,doom_bringer,4762,-19,помойка,axe,3481,1262,16834,14661,2173,1/0/3,league_roster,league_roster,league_roster
19255,Premier Series,8766089530,GL,NGX,Dire,Loss,0,鬼,doom_bringer,22,4762,rin,muerta,4743,19,jellyworms.HR Manager,tidehunter,4196,566,14661,16834,-2173,2/0/1,league_roster,league_roster,league_roster
19255,Premier Series,8766168681,NGX,GL,Radiant,Win,1,rin,muerta,36,3803,鬼,beastmaster,4108,-305,помойка,night_stalker,4429,-626,16229,17094,-865,0/2/0,league_roster,league_roster,league_roster
19255,Premier Series,8766168681,GL,NGX,Dire,Loss,0,鬼,beastmaster,21,4108,rin,muerta,3803,305,jellyworms.HR Manager,abyssal_underlord,4519,-411,17094,16229,865,2/3/0,league_roster,league_roster,league_roster
19255,Premier Series,8766799303,NGX,MOUZ,Radiant,Win,1,rin,ursa,18,4535,KITR,bloodseeker,4369,166,TAXMAN,tidehunter,3014,1521,16657,15392,1265,2/0/1,league_roster,league_roster,league_roster
19255,Premier Series,8766799303,MOUZ,NGX,Dire,Loss,0,KITR,bloodseeker,24,4369,rin,ursa,4535,-166,malrincyq,abyssal_underlord,3882,487,15392,16657,-1265,3/1/1,league_roster,league_roster,league_roster
19255,Premier Series,8766874056,NGX,MOUZ,Radiant,Win,1,rin,faceless_void,21,4195,KITR,luna,3856,339,p&,batrider,3824,371,16267,13756,2511,1/0/2,league_roster,league_roster,league_roster
19255,Premier Series,8766874056,MOUZ,NGX,Dire,Loss,0,KITR,luna,19,3856,rin,faceless_void,4195,-339,malrincyq,beastmaster,4329,-473,13756,16267,-2511,2/1/3,league_roster,league_roster,league_roster
19255,Premier Series,8767039368,PV,NGX,Radiant,Win,1,.....,meepo,33,4949,rin,troll_warlord,4460,489,malrincyq,tidehunter,2516,2433,17712,13750,3962,1/0/3,league_roster,league_roster,league_roster
19255,Premier Series,8767039368,NGX,PV,Dire,Loss,0,rin,troll_warlord,33,4460,.....,meepo,4949,-489,"Nah, I'd adapt",slardar,3313,1147,13750,17712,-3962,1/1/1,league_roster,league_roster,league_roster
19255,Premier Series,8767122402,NGX,PV,Radiant,Loss,0,rin,bristleback,18,3232,.....,gyrocopter,4309,-1077,"Nah, I'd adapt",necrolyte,6217,-2985,16842,18308,-1466,0/5/1,league_roster,league_roster,league_roster
19255,Premier Series,8767122402,PV,NGX,Dire,Win,1,.....,gyrocopter,28,4309,rin,bristleback,3232,1077,malrincyq,centaur,3557,752,18308,16842,1466,1/1/2,league_roster,league_roster,league_roster
19255,Premier Series,8767261875,PV,NGX,Radiant,Win,1,.....,phantom_lancer,27,4541,rin,windrunner,4894,-353,malrincyq,pangolier,3245,1296,16080,16678,-598,2/0/2,league_roster,league_roster,league_roster
19255,Premier Series,8767261875,NGX,PV,Dire,Loss,0,rin,windrunner,21,4894,.....,phantom_lancer,4541,353,"Nah, I'd adapt",slardar,3787,1107,16678,16080,598,0/0/2,league_roster,league_roster,league_roster
