league_id,league_name,match_id,radiant_team,dire_team,winner,radiant_pos1_player,radiant_pos1_hero,radiant_pos1_networth_6m,radiant_pos1_networth_10m,radiant_pos1_role_source,radiant_pos2_player,radiant_pos2_hero,radiant_pos2_networth_6m,radiant_pos2_networth_10m,radiant_pos2_role_source,radiant_pos3_player,radiant_pos3_hero,radiant_pos3_networth_6m,radiant_pos3_networth_10m,radiant_pos3_role_source,radiant_pos4_player,radiant_pos4_hero,radiant_pos4_networth_6m,radiant_pos4_networth_10m,radiant_pos4_role_source,radiant_pos5_player,radiant_pos5_hero,radiant_pos5_networth_6m,radiant_pos5_networth_10m,radiant_pos5_role_source,dire_pos1_player,dire_pos1_hero,dire_pos1_networth_6m,dire_pos1_networth_10m,dire_pos1_role_source,dire_pos2_player,dire_pos2_hero,dire_pos2_networth_6m,dire_pos2_networth_10m,dire_pos2_role_source,dire_pos3_player,dire_pos3_hero,dire_pos3_networth_6m,dire_pos3_networth_10m,dire_pos3_role_source,dire_pos4_player,dire_pos4_hero,dire_pos4_networth_6m,dire_pos4_networth_10m,dire_pos4_role_source,dire_pos5_player,dire_pos5_hero,dire_pos5_networth_6m,dire_pos5_networth_10m,dire_pos5_role_source
19099,BLAST SLAM VI,8675766030,GL,FLCN,GL,R,viper,2520,3878,fallback_lh5,)),storm_spirit,2560,4491,league_roster,j؞,centaur,1710,3570,league_roster,happy frogs,dark_willow,897,1608,league_roster,@pŔ,warlock,915,1786,league_roster,I m Going To Be The Best Carry,abaddon,2241,4250,league_roster,PMA(учусь играть),beastmaster,3155,4848,league_roster,SumaoKy-,pangolier,1871,4231,league_roster,Cr1t-,hoodwink,917,1411,league_roster,Sneyking,jakiro,723,1237,league_roster
19099,BLAST SLAM VI,8675768384,Tundra,RKX,Tundra,?gޒ,slark,2080,3792,league_roster,Lennart Karl,invoker,2311,4081,league_roster,not human (животное),batrider,1913,3263,league_roster,Ari,tiny,1174,1841,league_roster,NongMon,mirana,1145,1390,league_roster,🥀🥀,windrunner,2875,4541,league_roster,GUCCI,kunkka,2515,4250,league_roster,aaa,tidehunter,2023,3084,league_roster,#,shadow_demon,666,1412,league_roster,S<,faceless_void,949,1404,league_roster
19099,BLAST SLAM VI,8675821146,TSpirit,NAVI,TSpirit,霜雪,weaver,2107,4123,league_roster,meowrele,ember_spirit,2530,4751,fallback_lh5,ǔ,tidehunter,2084,4084,league_roster,<Ғ,shadow_shaman,1217,2027,fallback_lh5,sustain,treant,1221,2175,league_roster,P*_,gyrocopter,2807,5198,league_roster,,wisp,2136,3224,league_roster,1111111111111111111111111111111,batrider,2615,4813,league_roster,33a9ccc,marci,1020,1353,league_roster,oؒ,disruptor,969,1193,league_roster
19099,BLAST SLAM VI,8675848583,TY,HEROIC,HEROIC,Narumi,luna,2663,4140,league_roster,CHIRA_JUNIOR,beastmaster,2363,4082,league_roster,strafe instructor,centaur,2448,4202,league_roster,@'֒,shadow_demon,1379,2009,league_roster,Pohn Jork,mirana,1344,2518,league_roster,Yuma,meepo,2657,4766,league_roster,a,viper,2756,4985,league_roster,-+,tidehunter,2457,4146,league_roster,lyct,marci,1124,1571,league_roster,@,chen,1636,2552,league_roster
19099,BLAST SLAM VI,8675882674,Liquid,OG,OG,yondaime,windrunner,2056,3247,league_roster,мусор,huskar,2226,4001,league_roster,50centaur,kunkka,2703,4626,league_roster,Boxi,tusk,845,1071,league_roster,V,batrider,1516,2047,league_roster,sonny hayes,templar_assassin,2427,4799,league_roster,Rasmus?,leshrac,2364,4176,league_roster,mam_bayotay,brewmaster,2110,3261,fallback_lh5,DEKALIBRE,skywrath_mage,1179,1808,league_roster,mam_ba,rattletrap,850,1710,league_roster
19099,BLAST SLAM VI,8675934481,MOUZ,XG,XG,KITR,razor,2635,4505,league_roster,I SPIT ON YOUR FACE,leshrac,2193,3667,league_roster,Strach,brewmaster,1844,3017,league_roster,mid two,tusk,1262,2068,league_roster,Seleri,snapfire,1111,1698,fallback_lh5,念头通达,weaver,2725,5062,league_roster,NothingToSay,tiny,2385,3952,league_roster,*y,primal_beast,2021,4691,league_roster,j,batrider,935,1939,league_roster,lavie,largo,1135,1471,league_roster
19099,BLAST SLAM VI,8675957583,RKX,FLCN,FLCN,🥀🥀,naga_siren,2296,3860,league_roster,GUCCI,puck,2684,4413,league_roster,aaa,centaur,2340,4256,league_roster,reckless,muerta,1343,1984,league_roster,enj0y,jakiro,748,1384,league_roster,I m Going To Be The Best Carry,clinkz,2276,4281,league_roster,PMA(учусь играть),primal_beast,3297,5514,league_roster,SumaoKy-,mars,2732,4308,league_roster,`ߔ,shadow_demon,1101,2145,league_roster,0},treant,1407,2161,league_roster
19099,BLAST SLAM VI,8676004943,GL,HEROIC,GL,бN,abaddon,2155,3792,fallback_lh5,)),storm_spirit,2006,3525,league_roster,помойка,abyssal_underlord,2758,5443,league_roster,-Ʃ,dark_willow,1129,1773,league_roster,Speeed,warlock,850,1240,league_roster,[o,broodmother,2091,3605,league_roster,a,sniper,2831,4554,league_roster,Wisper,mars,2322,4020,league_roster,lyct,shadow_shaman,1244,1784,league_roster,`,chen,1168,2558,league_roster
19099,BLAST SLAM VI,8676043517,Tundra,NAVI,NAVI,Lost in the world,slark,2310,3938,league_roster,Lennart Karl,beastmaster,2636,4534,league_roster,@,batrider,2685,4426,league_roster,Ari,marci,1210,1601,league_roster,],dazzle,608,1358,league_roster,nessecary,nevermore,2370,4332,league_roster,ссс,puck,2114,4147,league_roster,1111111111111111111111111111111,mars,2054,3506,league_roster,33a9ccc,treant,1168,1567,league_roster,:,rattletrap,1164,1645,league_roster
19099,BLAST SLAM VI,8676133151,TY,XG,TY,Narumi,razor,2501,4144,league_roster,CHIRA_JUNIOR,kunkka,2731,4532,league_roster,0~,abyssal_underlord,2554,4116,league_roster,lostreak chicken,shadow_shaman,1573,2389,league_roster,Pohn Jork,treant,1441,2016,league_roster,`oM',muerta,2223,3478,league_roster,NothingToSay,tiny,2515,3740,league_roster,@,mars,2387,3315,league_roster,其疾如风,dark_willow,1112,1881,league_roster,lavie,largo,1037,1434,league_roster
19099,BLAST SLAM VI,8676144334,Liquid,TSpirit,Liquid,yondaime,sven,2009,3545,league_roster,мусор,razor,2476,5000,league_roster,50centaur,centaur,2165,4282,league_roster,Boxi,earth_spirit,1067,1703,league_roster,B,mirana,685,2401,league_roster,霜雪,windrunner,2742,4585,league_roster,meowrele,storm_spirit,2432,4275,fallback_lh5,,largo,2897,4508,league_roster,Z,jakiro,1194,2003,fallback_lh5,`,rattletrap,827,1108,league_roster
19099,BLAST SLAM VI,8676214148,OG,MOUZ,OG,sonny hayes,weaver,2853,4282,league_roster,Rasmus?,ember_spirit,2786,4440,league_roster,mam_bayotay,dark_seer,2216,3714,fallback_lh5,۳,spirit_breaker,1268,1765,league_roster,mam_ba,jakiro,862,1579,league_roster,KITR,nevermore,2191,3914,league_roster,I SPIT ON YOUR FACE,puck,2943,4763,league_roster,Strach,brewmaster,1707,3483,league_roster,mid two,shadow_shaman,955,1402,league_roster,Seleri,undying,909,1541,fallback_lh5
19099,BLAST SLAM VI,8676235420,HEROIC,FLCN,FLCN,Yuma,nevermore,2265,3585,league_roster,a,huskar,2754,5395,league_roster,Wisper,centaur,2596,4724,league_roster,lyct,jakiro,967,1689,league_roster,|7,undying,880,1319,league_roster,I m Going To Be The Best Carry,sven,1733,3073,league_roster,PMA(учусь играть),razor,1400,2608,league_roster,SumaoKy-,kunkka,2102,3706,league_roster,Cr1t-,shadow_demon,1602,2536,league_roster,Sneyking,crystal_maiden,1353,1627,league_roster
19099,BLAST SLAM VI,8676297509,RKX,NAVI,NAVI,🥀🥀,beastmaster,2826,4312,league_roster,<,void_spirit,2413,3693,league_roster,aaa,viper,2404,4299,league_roster,reckless,tusk,955,1637,league_roster,enj0y,ancient_apparition,1088,1741,league_roster,2/,razor,2381,3905,league_roster,ссс,puck,2357,3861,league_roster,1111111111111111111111111111111,centaur,2090,3593,league_roster,33a9ccc,largo,1120,1898,league_roster,b1t,grimstroke,1285,1645,league_roster
19099,BLAST SLAM VI,8676333293,Liquid,Tundra,Tundra,@,gyrocopter,2939,4174,league_roster,1,tiny,2188,3629,league_roster,50centaur,kunkka,1829,3410,league_roster,Boxi,keeper_of_the_light,1184,1734,league_roster,Wx,largo,1148,1438,league_roster,Lost in the world,nevermore,2512,4960,league_roster,Lennart Karl,ember_spirit,2494,3989,league_roster,not human (животное),brewmaster,2092,3441,league_roster,Ari,shadow_shaman,758,1469,league_roster,NongMon,treant,877,1413,league_roster
19099,BLAST SLAM VI,8676399865,GL,XG,XG,pt,razor,1926,2909,fallback_lh5,0,ember_spirit,2341,4030,league_roster,помойка,largo,2436,3863,league_roster,happy frogs,jakiro,874,1525,league_roster,vI,naga_siren,950,1488,league_roster,念头通达,clinkz,2921,4883,league_roster,NothingToSay,leshrac,2309,3917,league_roster,¿,slardar,2538,4409,league_roster,其疾如风,shadow_demon,1090,1924,league_roster,R8֔,mirana,985,1683,league_roster
19099,BLAST SLAM VI,8676474878,MOUZ,TSpirit,MOUZ,򦞕,dragon_knight,2584,4848,league_roster,I SPIT ON YOUR FACE,leshrac,2915,5020,league_roster,Strach,brewmaster,2983,5061,league_roster,mid two,ringmaster,995,2094,league_roster,Seleri,chen,1229,2864,fallback_lh5,霜雪,slark,2063,3482,league_roster,meowrele,nevermore,1693,3059,fallback_lh5,),abyssal_underlord,2498,3603,league_roster,123,tusk,950,1791,fallback_lh5,sustain,jakiro,774,1042,league_roster
19099,BLAST SLAM VI,8676439835,OG,TY,OG,sonny hayes,clinkz,2387,3714,league_roster,Rasmus?,mars,2579,4330,league_roster,mam_bayotay,dark_seer,1837,3579,fallback_lh5,",",faceless_void,1193,2365,league_roster,mam_ba,snapfire,1094,1356,league_roster,Narumi,naga_siren,2341,4224,league_roster,CHIRA_JUNIOR,razor,2458,3802,league_roster,strafe instructor,enigma,2150,3733,league_roster,lostreak chicken,tiny,1034,1619,league_roster,Pohn Jork,dazzle,1555,2458,league_roster
19099,BLAST SLAM VI,8676531668,FLCN,NAVI,NAVI,`7I,dragon_knight,2414,4348,league_roster,LZ,pangolier,2507,4034,league_roster,,shredder,2295,4027,league_roster,@X,hoodwink,1473,2373,league_roster,`,chen,1117,2456,league_roster,nessecary,templar_assassin,2288,4274,league_roster,ссс,bristleback,2786,4653,league_roster,^I,batrider,1608,2842,league_roster,33a9ccc,shadow_demon,774,1219,league_roster,b1t,disruptor,899,2082,league_roster
19099,BLAST SLAM VI,8676532526,HEROIC,XG,XG,Yuma,razor,2783,4506,league_roster,a,ember_spirit,2720,4609,league_roster,Wisper,mars,2828,4422,league_roster,lyct,keeper_of_the_light,1156,1686,league_roster,марсианин,tusk,977,1714,league_roster,念头通达,alchemist,2834,4920,league_roster,NothingToSay,storm_spirit,2346,4098,league_roster,¿,shredder,1644,3259,league_roster,,shadow_shaman,1120,1617,league_roster,},shadow_demon,1137,1552,league_roster
19099,BLAST SLAM VI,8676606186,GL,OG,OG,)Q,troll_warlord,2753,4231,fallback_lh5,)),ember_spirit,2390,4872,league_roster,помойка,largo,1615,3365,league_roster,happy frogs,dark_willow,1166,2406,league_roster,;5K,warlock,1324,2350,league_roster,sonny hayes,nevermore,2465,3828,league_roster,Rasmus?,tiny,2073,3446,league_roster,mam_bayotay,dark_seer,2648,5744,fallback_lh5,p!,rattletrap,1057,1755,league_roster,mam_ba,jakiro,876,1537,league_roster
19099,BLAST SLAM VI,8676614175,Liquid,RKX,Liquid,yondaime,sven,2567,4761,league_roster,Бp,viper,2395,3986,league_roster,,abyssal_underlord,2003,3570,league_roster,Boxi,tusk,1086,1554,league_roster,tOfu,mirana,1055,2451,league_roster,🥀🥀,morphling,2813,4319,league_roster,GUCCI,leshrac,1888,2986,league_roster,"""",largo,2594,4168,league_roster,reckless,dark_willow,1599,2052,league_roster,enj0y,jakiro,1001,1454,league_roster
19099,BLAST SLAM VI,8677045158,TSpirit,TY,TY,霜雪,troll_warlord,2811,4316,league_roster,.,sniper,2638,4481,fallback_lh5,bruno,centaur,2362,4193,league_roster,123,bounty_hunter,1291,1638,fallback_lh5,sustain,shadow_shaman,1343,1811,league_roster,Narumi,sven,2195,4143,league_roster,CHIRA_JUNIOR,viper,2928,5254,league_roster,strafe instructor,mars,2453,3863,league_roster,lostreak chicken,tusk,1546,2348,league_roster,yY,chen,1009,1859,league_roster
19099,BLAST SLAM VI,8677045357,MOUZ,Tundra,Tundra,KITR,ursa,2548,4761,league_roster,I SPIT ON YOUR FACE,leshrac,2470,4356,league_roster,Strach,largo,1876,3024,league_roster,mid two,shadow_demon,764,1613,league_roster,Seleri,enchantress,1413,2428,fallback_lh5,-Z,nevermore,2645,4826,league_roster,`^Y,invoker,2238,3871,league_roster,ERY,centaur,1769,3079,league_roster,Ari,tiny,1391,1682,league_roster,NongMon,mirana,732,1264,league_roster
19099,BLAST SLAM VI,8677094950,XG,FLCN,FLCN,念头通达,gyrocopter,2720,4221,league_roster,NothingToSay,queenofpain,2010,2763,league_roster,¿,shredder,1962,3769,league_roster,其疾如风,lion,864,1579,league_roster,lavie,chen,1116,1693,league_roster,I m Going To Be The Best Carry,ursa,2761,3883,league_roster,PMA(учусь играть),lina,2121,4044,league_roster,SumaoKy-,sand_king,1883,4012,league_roster,Cr1t-,bounty_hunter,901,1423,league_roster,0KX[,crystal_maiden,1060,1938,league_roster
19099,BLAST SLAM VI,8677092883,Liquid,NAVI,Liquid,yondaime,nevermore,2786,4551,league_roster,p&[,storm_spirit,3040,4750,league_roster,vpY[,centaur,2199,3362,league_roster,Boxi,tiny,1184,1927,league_roster,ZZ,dazzle,996,1734,league_roster,nessecary,windrunner,2301,4134,league_roster,ссс,queenofpain,2353,3400,league_roster,Z,mars,2017,3507,league_roster,2S[,rattletrap,1077,1380,league_roster,`PNX,ancient_apparition,1123,1540,league_roster
19099,BLAST SLAM VI,8677172021,HEROIC,OG,HEROIC,Yuma,razor,2418,4531,league_roster,a,ember_spirit,2296,4250,league_roster,Wisper,mars,1997,3468,league_roster,lyct,dark_willow,961,1787,league_roster,марсианин,ancient_apparition,773,1268,league_roster,sonny hayes,naga_siren,2823,4697,league_roster,Rasmus?,tiny,3140,4552,league_roster,0fZ,axe,1653,2736,fallback_lh5,DEKALIBRE,shadow_demon,1228,1806,league_roster,mam_ba,dazzle,1173,2209,league_roster
19099,BLAST SLAM VI,8677212065,RKX,MOUZ,RKX,🥀🥀,kez,2417,3623,league_roster,#c[,ember_spirit,2374,4069,league_roster,aaa,shredder,2191,4333,league_roster,`3~[,batrider,948,1663,league_roster,enj0y,disruptor,917,1359,league_roster,u[,nevermore,2389,4102,league_roster,I SPIT ON YOUR FACE,beastmaster,2199,4726,league_roster,َ[,brewmaster,2470,3596,league_roster,mid two,ringmaster,1272,2213,league_roster,Seleri,treant,1066,1958,fallback_lh5
19099,BLAST SLAM VI,8677265480,TY,Tundra,Tundra,0[,sven,2377,4473,league_roster,`biZ,earth_spirit,2295,3493,league_roster,Z,brewmaster,1377,2425,league_roster,lostreak chicken,tusk,939,1668,league_roster,0gX,ancient_apparition,835,1395,league_roster,Monster,muerta,2984,4993,league_roster,Lennart Karl,storm_spirit,2782,4433,league_roster,not human (животное),largo,1862,3440,league_roster,Ari,shadow_shaman,1224,1662,league_roster,NongMon,phoenix,1151,1784,league_roster
19099,BLAST SLAM VI,8677298233,TSpirit,GL,TSpirit,@<\,nevermore,2310,4117,league_roster,.,keeper_of_the_light,1903,3652,fallback_lh5,tZ,mars,2356,4084,league_roster,123,hoodwink,1361,2081,fallback_lh5,sustain,rattletrap,965,1507,league_roster,where's my phone?,dragon_knight,2197,3450,fallback_lh5,)),viper,2726,4747,league_roster,помойка,enigma,2765,4620,league_roster,happy frogs,tusk,943,1752,league_roster,Speeed,snapfire,1128,2102,league_roster
19099,BLAST SLAM VI,8677394706,OG,XG,XG,sonny hayes,queenofpain,2515,4167,league_roster,Rasmus?,beastmaster,2725,4960,league_roster,mam_bayotay,axe,2625,4549,fallback_lh5,DEKALIBRE,skywrath_mage,1101,1749,league_roster,mam_ba,rattletrap,1233,1689,league_roster,念头通达,clinkz,2696,4534,league_roster,NothingToSay,kunkka,2793,4874,league_roster,¿,slardar,1965,3619,league_roster,其疾如风,snapfire,1421,2155,league_roster,pO[,disruptor,829,1455,league_roster
19099,BLAST SLAM VI,8677377717,FLCN,Liquid,Liquid,I m Going To Be The Best Carry,sven,2181,3759,league_roster,PMA(учусь играть),sand_king,2541,4929,league_roster,SumaoKy-,slardar,2493,4017,league_roster,\,largo,1142,1779,league_roster,VY\,ringmaster,851,1447,league_roster,yondaime,bristleback,2680,4695,league_roster,мусор,leshrac,2706,4731,league_roster,`Y,mars,2014,3645,league_roster,Boxi,tiny,1159,1851,league_roster,tOfu,winter_wyvern,975,2059,league_roster
19099,BLAST SLAM VI,8677493033,HEROIC,TSpirit,HEROIC,Yuma,abaddon,2663,4497,league_roster,a,puck,2402,4931,league_roster,Wisper,slardar,2290,3651,league_roster,lyct,jakiro,976,1557,league_roster,\,shadow_demon,1198,1705,league_roster,(Z,weaver,2754,3743,league_roster,.,ember_spirit,2326,3778,fallback_lh5,bruno,batrider,2380,4318,league_roster,123,riki,1304,1825,fallback_lh5,@U-\,hoodwink,1050,1621,league_roster
19099,BLAST SLAM VI,8677505029,MOUZ,NAVI,NAVI,KITR,viper,2631,4019,league_roster,I SPIT ON YOUR FACE,monkey_king,2216,3399,league_roster,Strach,mars,1866,3943,league_roster,mid two,tusk,1147,1822,league_roster,Seleri,jakiro,1002,1988,fallback_lh5,nessecary,windrunner,2381,4493,league_roster,ссс,puck,2570,4532,league_roster,1111111111111111111111111111111,phoenix,2310,4320,league_roster,33a9ccc,hoodwink,1127,1662,league_roster,Vi\,disruptor,1409,1942,league_roster
19099,BLAST SLAM VI,8677590159,RKX,TY,TY,🥀🥀,morphling,2001,4351,league_roster,GUCCI,beastmaster,2763,4287,league_roster,psy\,brewmaster,1725,3291,league_roster,reckless,skywrath_mage,716,1238,league_roster,enj0y,mirana,820,1511,league_roster,?[,nevermore,2554,3915,league_roster,CHIRA_JUNIOR,tiny,2706,4717,league_roster,.\,abyssal_underlord,2497,4152,league_roster,lostreak chicken,keeper_of_the_light,904,1498,league_roster,pv.@X,jakiro,916,2321,league_roster
19099,BLAST SLAM VI,8677589717,GL,Tundra,Tundra,V{\,weaver,2443,3760,fallback_lh5,)),ember_spirit,2502,3897,league_roster,помойка,centaur,2527,3239,league_roster,happy frogs,dark_willow,1155,1532,league_roster,Speeed,mirana,891,1430,league_roster,Monster,muerta,2011,3492,league_roster,Lennart Karl,invoker,2231,3972,league_roster,not human (животное),brewmaster,2225,4308,league_roster,Ari,shadow_shaman,1121,1938,league_roster,NongMon,rattletrap,576,1221,league_roster
19099,BLAST SLAM VI,8677667228,Liquid,MOUZ,MOUZ,yondaime,leshrac,2410,4155,league_roster,мусор,ember_spirit,1922,3845,league_roster,50centaur,tidehunter,1786,4127,league_roster,Boxi,tusk,883,1523,league_roster,tOfu,mirana,968,2157,league_roster,KITR,abyssal_underlord,2833,5102,league_roster,I SPIT ON YOUR FACE,queenofpain,2238,3234,league_roster,Strach,batrider,1859,2758,league_roster,mid two,tiny,796,1244,league_roster,Seleri,pugna,1142,1663,fallback_lh5
19099,BLAST SLAM VI,8677673569,OG,FLCN,OG,sonny hayes,clinkz,2915,5126,league_roster,Rasmus?,leshrac,1945,3251,league_roster,mam_bayotay,mars,2378,3387,fallback_lh5,DEKALIBRE,snapfire,1128,1760,league_roster,mam_ba,undying,1380,1578,league_roster,I m Going To Be The Best Carry,dragon_knight,2607,4717,league_roster,PMA(учусь играть),sniper,2769,5455,league_roster,SumaoKy-,shredder,2237,4148,league_roster,Cr1t-,largo,972,2010,league_roster,Sneyking,jakiro,899,1819,league_roster
19099,BLAST SLAM VI,8677741097,NAVI,TY,TY,nessecary,windrunner,2541,4156,league_roster,\,storm_spirit,2409,3923,league_roster,1111111111111111111111111111111,bristleback,1970,3230,league_roster,33a9ccc,shadow_demon,1532,1896,league_roster,s1mple,disruptor,847,1172,league_roster,Narumi,ursa,2595,4784,league_roster,>[,void_spirit,2874,4777,league_roster,@/hK[,abyssal_underlord,2492,4884,league_roster,lostreak chicken,tusk,1250,2311,league_roster,P\,jakiro,1022,2017,league_roster
19099,BLAST SLAM VI,8677761527,TSpirit,XG,XG,霜雪,ursa,2890,4345,league_roster,Larl,dragon_knight,2883,4495,fallback_lh5,bruno,razor,2091,3879,league_roster,123,largo,1323,2100,fallback_lh5,sustain,warlock,997,1737,league_roster,念头通达,nevermore,2185,4269,league_roster,`0[,primal_beast,2251,4367,league_roster,@m\,mars,2377,4009,league_roster,其疾如风,dark_willow,1135,2514,league_roster,lavie,undying,1045,2264,league_roster
19099,BLAST SLAM VI,8677811159,GL,RKX,GL,where's my phone?,abaddon,2266,4675,fallback_lh5,Ѓ[,void_spirit,2954,4915,league_roster,помойка,largo,3031,5023,league_roster,happy frogs,jakiro,1068,1880,league_roster,Speeed,batrider,825,1771,league_roster,🥀🥀,kez,1555,2669,league_roster,GUCCI,puck,2008,3329,league_roster,aaa,mars,2688,3804,league_roster,reckless,shadow_demon,967,1493,league_roster,enj0y,treant,802,1247,league_roster
19099,BLAST SLAM VI,8677839869,HEROIC,Tundra,Tundra,)J,abaddon,2895,4984,league_roster,a,ember_spirit,2256,3925,league_roster,0J,beastmaster,1608,2965,league_roster,lyct,keeper_of_the_light,1419,2407,league_roster,iJ,disruptor,662,1205,league_roster,mJ,clinkz,2527,4324,league_roster,`9J,invoker,1947,3407,league_roster,not human (животное),batrider,1967,3482,league_roster,Ari,faceless_void,1134,1430,league_roster,J,bane,1151,1523,league_roster
19099,BLAST SLAM VI,8677862485,OG,NAVI,NAVI,sonny hayes,gyrocopter,2616,4926,league_roster,Rasmus?,dragon_knight,2483,4375,league_roster,@?,brewmaster,2210,3844,fallback_lh5,xBT,tiny,1080,1691,league_roster,mam_ba,jakiro,1197,1606,league_roster,P},nevermore,2316,4244,league_roster,A),ember_spirit,2364,3579,league_roster,1111111111111111111111111111111,abyssal_underlord,2091,3528,league_roster,33a9ccc,hoodwink,1075,1743,league_roster,?,largo,1095,1420,league_roster
19099,BLAST SLAM VI,8677905488,Liquid,XG,Liquid,yondaime,monkey_king,3035,4996,league_roster,мусор,puck,2293,4146,league_roster,50centaur,razor,2000,3837,league_roster,Boxi,tiny,1206,1590,league_roster,,jakiro,1132,1683,league_roster,念头通达,weaver,2652,4636,league_roster,NothingToSay,leshrac,2669,4271,league_roster,¿,shredder,1726,3223,league_roster,pS,spirit_breaker,1048,1893,league_roster,lavie,disruptor,811,1219,league_roster
19099,BLAST SLAM VI,8678301907,MOUZ,FLCN,FLCN,KITR,dragon_knight,2167,3846,league_roster,I SPIT ON YOUR FACE,storm_spirit,2979,5621,league_roster,Strach,tidehunter,1938,4105,league_roster,mid two,mirana,1060,1977,league_roster,Seleri,huskar,994,2108,fallback_lh5,I m Going To Be The Best Carry,ursa,2048,3177,league_roster,`,beastmaster,2933,5379,league_roster,SumaoKy-,mars,2475,3888,league_roster,Cr1t-,hoodwink,1130,1827,league_roster,Sneyking,ancient_apparition,834,1371,league_roster
19099,BLAST SLAM VI,8678303787,OG,TSpirit,TSpirit,sonny hayes,templar_assassin,2230,4545,league_roster,Rasmus?,void_spirit,2538,4789,league_roster,`\,primal_beast,2653,4414,fallback_lh5,DEKALIBRE,faceless_void,1346,2449,league_roster,mam_ba,shadow_demon,1314,1965,league_roster,@{,morphling,2603,4296,league_roster,Larl,queenofpain,2022,3399,fallback_lh5,bruno,mars,2620,4615,league_roster,123,dark_willow,1716,2248,fallback_lh5,sustain,warlock,1092,1449,league_roster
19099,BLAST SLAM VI,8678352653,Liquid,TY,TY,0Q,bristleback,2594,5115,league_roster,н,leshrac,2749,4587,league_roster,50centaur,brewmaster,1665,2562,league_roster,4?,tiny,1123,1915,league_roster,tOfu,batrider,1014,1698,league_roster,Narumi,ursa,2811,5019,league_roster,CHIRA_JUNIOR,void_spirit,2010,3056,league_roster,strafe instructor,abyssal_underlord,2127,3486,league_roster,`,windrunner,1156,1756,league_roster,pIt,chen,1354,2544,league_roster
19099,BLAST SLAM VI,8678359390,Tundra,XG,Tundra,Monster,slark,2292,3583,league_roster,Lennart Karl,nevermore,2478,4099,league_roster,,tidehunter,2644,4603,league_roster,Ari,marci,939,1956,league_roster,wa,phoenix,1537,2404,league_roster,C,dragon_knight,2747,4852,league_roster,NothingToSay,leshrac,2382,3866,league_roster,¿,brewmaster,2315,3753,league_roster,其疾如风,largo,1533,2004,league_roster,lavie,mirana,1312,1734,league_roster
19099,BLAST SLAM VI,8678406332,HEROIC,RKX,HEROIC,Yuma,broodmother,2832,4849,league_roster,a,primal_beast,2671,4564,league_roster,,batrider,2133,3671,league_roster,lyct,jakiro,1012,1956,league_roster,марсианин,ancient_apparition,1046,1625,league_roster,🥀🥀,weaver,1996,3636,league_roster,GUCCI,tiny,2487,3879,league_roster,Y,largo,2209,3829,league_roster,reckless,hoodwink,1244,1941,league_roster,enj0y,faceless_void,762,1083,league_roster
19099,BLAST SLAM VI,8678410902,GL,NAVI,NAVI,`m,clinkz,3021,4974,fallback_lh5,)),monkey_king,3108,4530,league_roster,Y,centaur,2140,3339,league_roster,pv,dark_willow,818,2013,league_roster,Speeed,jakiro,1104,1271,league_roster,P^,dragon_knight,2314,4238,league_roster,ссс,ember_spirit,1630,3036,league_roster,1111111111111111111111111111111,slardar,1695,2617,league_roster,p81,shadow_demon,891,1236,league_roster,,grimstroke,840,1430,league_roster
19099,BLAST SLAM VI,8678464003,MOUZ,TY,MOUZ,KITR,monkey_king,2559,4290,league_roster,I SPIT ON YOUR FACE,storm_spirit,2520,3958,league_roster,Strach,shredder,2363,3992,league_roster,mid two,lion,1006,1660,league_roster,Seleri,pugna,1010,1842,fallback_lh5,Narumi,templar_assassin,2729,4978,league_roster,CHIRA_JUNIOR,slardar,2492,3810,league_roster,strafe instructor,abyssal_underlord,2221,4374,league_roster,lostreak chicken,shadow_shaman,1062,1716,league_roster,Pohn Jork,rattletrap,837,1455,league_roster
19099,BLAST SLAM VI,8678479418,TSpirit,FLCN,FLCN,霜雪,templar_assassin,2329,4046,league_roster,Larl,ember_spirit,1655,2726,fallback_lh5,bruno,mars,1983,3719,league_roster,123,hoodwink,1475,2134,fallback_lh5,sustain,mirana,965,1491,league_roster,p1,kez,1831,3381,league_roster,PMA(учусь играть),monkey_king,2443,4146,league_roster,SumaoKy-,razor,2190,4235,league_roster,Cr1t-,tiny,750,1362,league_roster,Sneyking,warlock,880,1477,league_roster
19099,BLAST SLAM VI,8678549217,GL,Liquid,Liquid,0oo,abaddon,2459,4171,fallback_lh5,pf,pangolier,2278,3617,league_roster,помойка,brewmaster,1571,1942,league_roster,happy frogs,rattletrap,846,1212,league_roster,Speeed,phoenix,1029,1403,league_roster,@d,weaver,2737,4619,league_roster,мусор,void_spirit,2698,4814,league_roster,@,dark_seer,2566,4220,league_roster,Boxi,tusk,1365,1765,league_roster,Iq,shadow_demon,959,2132,league_roster
19099,BLAST SLAM VI,8678580370,OG,Tundra,OG,sonny hayes,kez,3196,5068,league_roster,Rasmus?,queenofpain,2727,4422,league_roster,Pc,dark_seer,2316,3972,fallback_lh5,DEKALIBRE,spirit_breaker,1275,1977,league_roster,mam_ba,jakiro,965,1838,league_roster,Monster,nevermore,2498,4589,league_roster,Lennart Karl,storm_spirit,1817,3857,league_roster,pX,brewmaster,1501,2288,league_roster,Ari,marci,1181,1845,league_roster,^,tusk,651,1112,league_roster
19099,BLAST SLAM VI,8678634168,RKX,XG,XG,🥀🥀,nevermore,3139,4974,league_roster,GUCCI,tiny,2467,4462,league_roster,aaa,primal_beast,2777,4489,league_roster,reckless,shadow_shaman,1290,2382,league_roster,enj0y,disruptor,900,1201,league_roster,念头通达,clinkz,2653,4110,league_roster,5,razor,2671,4548,league_roster,0=,slardar,2064,3543,league_roster,其疾如风,batrider,925,2096,league_roster,lavie,elder_titan,1006,1313,league_roster
19099,BLAST SLAM VI,8678680298,HEROIC,NAVI,HEROIC,@j;,ursa,2956,4804,league_roster,a,tiny,2159,4157,league_roster,Wisper,tidehunter,2252,3892,league_roster,lyct,jakiro,936,1596,league_roster,марсианин,dazzle,992,1514,league_roster,nessecary,clinkz,2772,4877,league_roster,X,void_spirit,2222,3618,league_roster,1111111111111111111111111111111,slardar,1878,3150,league_roster,33a9ccc,shadow_demon,1096,1808,league_roster,%,disruptor,1332,1689,league_roster
19099,BLAST SLAM VI,8678737586,TSpirit,Tundra,TSpirit,霜雪,dragon_knight,2504,4411,league_roster,evian,puck,2302,4098,fallback_lh5,bruno,slardar,2373,3465,league_roster,123,hoodwink,784,1483,fallback_lh5,sustain,largo,1641,2291,league_roster,Monster,kez,2417,3892,league_roster,Lennart Karl,invoker,2402,3657,league_roster,not human (животное),brewmaster,2105,4345,league_roster,Ari,tiny,1138,1713,league_roster,NongMon,mirana,882,1562,league_roster
19099,BLAST SLAM VI,8678799687,TY,FLCN,TY,Narumi,ursa,2533,4544,league_roster,CHIRA_JUNIOR,ember_spirit,2283,4111,league_roster,strafe instructor,axe,2922,5157,league_roster,paKY,muerta,1391,2096,league_roster,7|,warlock,1213,2279,league_roster,I m Going To Be The Best Carry,clinkz,2667,3952,league_roster,PMA(учусь играть),tiny,2386,3997,league_roster,SumaoKy-,mars,2530,3789,league_roster,Cr1t-,ringmaster,1113,1770,league_roster,Sneyking,jakiro,891,1431,league_roster
19099,BLAST SLAM VI,8678833793,MOUZ,GL,GL,KITR,bristleback,2498,3966,league_roster,I SPIT ON YOUR FACE,tiny,2378,4179,league_roster,Strach,shredder,2508,4143,league_roster,mid two,lion,1008,1568,league_roster,Seleri,snapfire,1429,2639,fallback_lh5,where's my phone?,nevermore,2521,4039,fallback_lh5,)),ember_spirit,1930,3645,league_roster,помойка,enigma,1912,3762,league_roster,happy frogs,rattletrap,1124,1727,league_roster,Speeed,treant,1224,1462,league_roster
19099,BLAST SLAM VI,8678917696,RKX,OG,OG,🥀🥀,bristleback,2473,4342,league_roster,GUCCI,void_spirit,2177,3482,league_roster,aaa,mars,1894,3283,league_roster,reckless,dark_willow,936,1456,league_roster,,ancient_apparition,603,1036,league_roster,sonny hayes,kez,2786,4739,league_roster,Rasmus?,earth_spirit,2465,3978,league_roster,mam_bayotay,dark_seer,2708,4237,fallback_lh5,DEKALIBRE,spirit_breaker,1276,2118,league_roster,mam_ba,dazzle,1174,1846,league_roster
19099,BLAST SLAM VI,8678941086,Liquid,HEROIC,Liquid,yondaime,kez,2756,4429,league_roster,Fc,ember_spirit,1698,3226,league_roster,50centaur,abyssal_underlord,2747,4977,league_roster,n,tusk,1110,1792,league_roster,tOfu,warlock,993,1845,league_roster,Yuma,troll_warlord,2619,4369,league_roster,a,beastmaster,2563,4425,league_roster,Wisper,mars,1742,3749,league_roster,lyct,skywrath_mage,1302,1662,league_roster,марсианин,shadow_demon,1080,1575,league_roster
19099,BLAST SLAM VI,8679012467,GL,TY,GL,where's my phone?,clinkz,2615,4668,fallback_lh5,)),ember_spirit,2797,4157,league_roster,помойка,slardar,1966,3415,league_roster,happy frogs,shadow_shaman,1468,1846,league_roster,p',chen,1176,1906,league_roster,0g/,windrunner,2291,4361,league_roster,CHIRA_JUNIOR,tiny,2277,3794,league_roster,strafe instructor,shredder,2114,3364,league_roster,lostreak chicken,dark_willow,950,1253,league_roster,Pohn Jork,warlock,1069,1838,league_roster
19099,BLAST SLAM VI,8678990124,XG,NAVI,NAVI,念头通达,clinkz,2704,4656,league_roster,o,tiny,2031,3812,league_roster,¿,primal_beast,2385,4266,league_roster,其疾如风,shadow_demon,1025,1632,league_roster,lavie,jakiro,1213,1743,league_roster,nessecary,razor,2769,5156,league_roster,ссс,huskar,3048,5157,league_roster,1111111111111111111111111111111,centaur,2282,3903,league_roster,33a9ccc,largo,1016,1942,league_roster,s1mple,grimstroke,1423,1986,league_roster
19099,BLAST SLAM VI,8679080712,RKX,TSpirit,TSpirit,🥀🥀,beastmaster,2792,4662,league_roster,GUCCI,storm_spirit,2072,4039,league_roster,aaa,shredder,1635,3119,league_roster,reckless,tiny,1096,1727,league_roster,`Q,disruptor,912,1204,league_roster,霜雪,clinkz,3161,5498,league_roster,evian,ember_spirit,2668,4381,fallback_lh5,bruno,largo,2218,3405,league_roster,iY,shadow_shaman,1296,2110,fallback_lh5,sustain,rattletrap,873,1284,league_roster
19099,BLAST SLAM VI,8679084070,FLCN,Tundra,FLCN,I m Going To Be The Best Carry,windrunner,2413,4272,league_roster,PMA(учусь играть),lina,2247,3726,league_roster,SumaoKy-,brewmaster,1676,3083,league_roster,Cr1t-,largo,932,1410,league_roster,Sneyking,shadow_shaman,1168,1760,league_roster,Monster,sven,2644,4192,league_roster,Lennart Karl,viper,2678,5136,league_roster,not human (животное),shredder,1698,2654,league_roster,Ari,tiny,1178,1965,league_roster,0VZ,jakiro,989,1546,league_roster
19099,BLAST SLAM VI,8679156367,HEROIC,MOUZ,MOUZ,Yuma,ursa,2593,3826,league_roster,a,beastmaster,2821,4764,league_roster,Wisper,tidehunter,1816,2821,league_roster,lyct,shadow_demon,1194,1678,league_roster,марсианин,warlock,876,1621,league_roster,F;,clinkz,2838,4923,league_roster,I SPIT ON YOUR FACE,leshrac,2235,4069,league_roster,Strach,slardar,2329,4172,league_roster,mid two,tiny,991,1747,league_roster,Seleri,pugna,988,1982,fallback_lh5
19099,BLAST SLAM VI,8679911370,HEROIC,RKX,HEROIC,r,windrunner,2296,3914,league_roster,a,beastmaster,2665,4659,league_roster,Wisper,pudge,3081,4841,league_roster,lyct,hoodwink,1167,1987,league_roster,марсианин,gyrocopter,708,1435,league_roster,🥀🥀,nevermore,2142,3601,league_roster,GUCCI,void_spirit,1525,2801,league_roster,@F,abyssal_underlord,2710,4337,league_roster,reckless,batrider,1212,2354,league_roster,ice cream man,crystal_maiden,930,1422,league_roster
19099,BLAST SLAM VI,8680063852,RKX,HEROIC,HEROIC,🥀🥀,windrunner,2186,4209,league_roster,GUCCI,nevermore,2932,4360,league_roster,0P,beastmaster,2272,3841,league_roster,reckless,tiny,1345,2049,league_roster,ice cream man,jakiro,621,1125,league_roster,Yuma,clinkz,3204,5029,league_roster,a,ember_spirit,1860,3255,league_roster,Wisper,pudge,1948,2765,league_roster,lyct,hoodwink,1383,2109,league_roster,в,enigma,970,1940,league_roster
19099,BLAST SLAM VI,8680195641,MOUZ,GL,GL,!U,muerta,2460,4355,league_roster,I SPIT ON YOUR FACE,ember_spirit,1953,3607,league_roster,U,tiny,1707,2916,league_roster,mid two,windrunner,798,1165,league_roster,Seleri,jakiro,1142,1663,fallback_lh5,where's my phone?,kez,2937,4418,fallback_lh5,)),nevermore,2557,4582,league_roster,помойка,abyssal_underlord,2271,3756,league_roster,happy frogs,shadow_demon,875,1307,league_roster,Speeed,warlock,972,1388,league_roster
19099,BLAST SLAM VI,8680299422,GL,MOUZ,MOUZ,where's my phone?,clinkz,2379,3889,fallback_lh5,P8,puck,2471,4557,league_roster,помойка,beastmaster,2236,3684,league_roster,happy frogs,dark_willow,1021,1365,league_roster,Speeed,warlock,1332,2119,league_roster,KITR,dragon_knight,2139,3265,league_roster,I SPIT ON YOUR FACE,viper,2683,4476,league_roster,Јo,abyssal_underlord,2393,4536,league_roster,mid two,tusk,1019,1568,league_roster,Seleri,snapfire,1265,2000,fallback_lh5
19099,BLAST SLAM VI,8680386178,MOUZ,GL,GL,KITR,clinkz,2250,4582,league_roster,I SPIT ON YOUR FACE,nevermore,2628,4354,league_roster,Strach,abyssal_underlord,1880,3666,league_roster,mid two,pudge,1043,1587,league_roster,Seleri,snapfire,1120,2222,fallback_lh5,o,omniknight,2771,4680,fallback_lh5,)),storm_spirit,1990,3719,league_roster,помойка,centaur,2408,4001,league_roster,happy frogs,jakiro,713,1177,league_roster,Speeed,chen,1167,1869,league_roster
19099,BLAST SLAM VI,8681420176,TSpirit,TY,TY,0,kez,2298,3786,league_roster,```22,storm_spirit,2251,4427,fallback_lh5,bruno,primal_beast,2234,3639,league_roster,123,tusk,1075,1766,fallback_lh5,sustain,shadow_demon,725,1084,league_roster,'>,ursa,2439,4063,league_roster,CHIRA_JUNIOR,puck,2366,3941,league_roster,strafe instructor,mars,2031,3821,league_roster,lostreak chicken,muerta,1159,1540,league_roster,a,chen,1223,2206,league_roster
19099,BLAST SLAM VI,8681524068,TSpirit,TY,TY,霜雪,sven,2122,3182,league_roster,```22,dragon_knight,2948,4151,fallback_lh5,bruno,abyssal_underlord,1780,3402,league_roster,p۝,dark_willow,895,1396,fallback_lh5,sustain,ancient_apparition,742,1091,league_roster,D%,clinkz,2899,4952,league_roster,CHIRA_JUNIOR,puck,2530,4039,league_roster,"p,y",mars,2295,4175,league_roster,lostreak chicken,windrunner,1073,1584,league_roster,Pohn Jork,chen,1409,2346,league_roster
19099,BLAST SLAM VI,8681659188,XG,FLCN,FLCN,,ursa,2364,4217,league_roster,NothingToSay,kunkka,2939,4729,league_roster,4`,razor,2422,4257,league_roster,其疾如风,tiny,792,1522,league_roster,lavie,warlock,908,1407,league_roster,I m Going To Be The Best Carry,sven,2119,3866,league_roster,PMA(учусь играть),primal_beast,2440,3989,league_roster,SumaoKy-,mars,2621,4551,league_roster,Cr1t-,largo,1169,1778,league_roster,Sneyking,ringmaster,944,1594,league_roster
19099,BLAST SLAM VI,8681759092,FLCN,XG,FLCN,I m Going To Be The Best Carry,kez,2350,4118,league_roster,PMA(учусь играть),sand_king,2791,4807,league_roster,SumaoKy-,abyssal_underlord,2437,4763,league_roster,Cr1t-,ringmaster,1274,1979,league_roster,Sneyking,chen,1005,1812,league_roster,念头通达,dragon_knight,2219,4245,league_roster,NothingToSay,tiny,2558,4239,league_roster,¿,mars,2329,3388,league_roster,其疾如风,dark_willow,1127,1435,league_roster,0G,ancient_apparition,736,1080,league_roster
19099,BLAST SLAM VI,8682972538,Tundra,HEROIC,HEROIC,Gorgeous,slark,2343,4403,league_roster,Lennart Karl,invoker,1415,3097,league_roster,not human (животное),centaur,2135,3804,league_roster,Ari,hoodwink,1111,1492,league_roster,NongMon,chen,1076,2102,league_roster,Yuma,broodmother,2404,4294,league_roster,a,beastmaster,3100,5158,league_roster,,abyssal_underlord,1525,2801,league_roster,lyct,jakiro,1039,2020,league_roster,марсианин,treant,971,1641,league_roster
19099,BLAST SLAM VI,8683127512,Tundra,HEROIC,HEROIC,Gorgeous,ursa,2641,4110,league_roster,Lennart Karl,dragon_knight,2221,3723,league_roster,not human (животное),beastmaster,2341,4235,league_roster,Ari,marci,1253,1544,league_roster,NongMon,mirana,768,1360,league_roster,Yuma,gyrocopter,2653,4896,league_roster,a,puck,2859,4402,league_roster,`.E,tidehunter,1754,3129,league_roster,lyct,jakiro,990,1832,league_roster,марсианин,tusk,1199,1488,league_roster
19099,BLAST SLAM VI,8683239884,GL,Liquid,Liquid,㷸,windrunner,2364,4309,fallback_lh5,)),queenofpain,2140,3560,league_roster,p^,largo,1367,2791,league_roster,happy frogs,tusk,881,1188,league_roster,p#,warlock,1265,2311,league_roster,yondaime,furion,1831,2743,league_roster,p,ember_spirit,2259,3748,league_roster,50centaur,batrider,3086,5172,league_roster,Boxi,earth_spirit,1241,2451,league_roster,tOfu,jakiro,1493,2364,league_roster
19099,BLAST SLAM VI,8683333901,Liquid,GL,Liquid,[,monkey_king,2432,3570,league_roster,мусор,lina,2342,4378,league_roster,K,kunkka,1952,2969,league_roster,Boxi,shadow_demon,928,1361,league_roster,tOfu,winter_wyvern,1132,1380,league_roster,where's my phone?,ursa,2551,4250,fallback_lh5,)),huskar,2135,3784,league_roster,помойка,queenofpain,1758,2903,league_roster,happy frogs,treant,998,1642,league_roster,Speeed,warlock,1270,1818,league_roster
19099,BLAST SLAM VI,8689312274,Liquid,FLCN,FLCN,yondaime,kez,2222,3836,league_roster,w,storm_spirit,2783,4918,league_roster,0,razor,2276,3961,league_roster,Boxi,tusk,1233,1804,league_roster,tOfu,phoenix,886,1713,league_roster,I m Going To Be The Best Carry,windrunner,2182,3930,league_roster,PMA(учусь играть),primal_beast,1850,2868,league_roster,SumaoKy-,bristleback,2403,4113,league_roster,@,jakiro,961,1432,league_roster,Sneyking,treant,956,1453,league_roster
19099,BLAST SLAM VI,8689410743,FLCN,Liquid,Liquid,0,clinkz,2444,3606,league_roster,PMA(учусь играть),primal_beast,1891,2858,league_roster,SumaoKy-,mars,1739,2674,league_roster,Cr1t-,largo,884,1559,league_roster,Sneyking,chen,1430,1867,league_roster,yondaime,kez,2988,4947,league_roster,мусор,leshrac,2786,4916,league_roster,"""",razor,2467,4588,league_roster,Boxi,rattletrap,1465,2253,league_roster,tOfu,jakiro,1575,2653,league_roster
19099,BLAST SLAM VI,8689505222,Liquid,FLCN,Liquid,yondaime,windrunner,2668,4487,league_roster,мусор,storm_spirit,2736,4680,league_roster,50centaur,razor,1924,2784,league_roster,Boxi,rattletrap,1105,1628,league_roster,F,rubick,879,1700,league_roster,P9,weaver,3157,4925,league_roster,PMA(учусь играть),primal_beast,2243,4015,league_roster,SumaoKy-,brewmaster,2254,3469,league_roster,*,lion,993,1449,league_roster,Sneyking,jakiro,869,1613,league_roster
19099,BLAST SLAM VI,8689610128,FLCN,Liquid,FLCN,I m Going To Be The Best Carry,clinkz,2737,4622,league_roster,PMA(учусь играть),sand_king,2827,4538,league_roster,SumaoKy-,doom_bringer,2474,4058,league_roster,Cr1t-,ringmaster,1242,1840,league_roster,0<,treant,1202,1499,league_roster,yondaime,ursa,2411,4314,league_roster,Іd,leshrac,2693,3906,league_roster,50centaur,mars,2011,3663,league_roster,Boxi,rattletrap,873,1363,league_roster,+,jakiro,955,1547,league_roster
19099,BLAST SLAM VI,8689716934,FLCN,Liquid,Liquid,I m Going To Be The Best Carry,weaver,2303,4191,league_roster,PMA(учусь играть),sand_king,3097,4986,league_roster,SumaoKy-,bristleback,2075,3440,league_roster,Cr1t-,hoodwink,1017,1582,league_roster,Sneyking,warlock,820,1485,league_roster,yondaime,dragon_knight,2665,4312,league_roster,мусор,void_spirit,2667,4515,league_roster,50centaur,largo,2464,4397,league_roster,Boxi,tusk,1170,1884,league_roster,tOfu,jakiro,1063,2293,league_roster
19099,BLAST SLAM VI,8689821393,TY,HEROIC,HEROIC,Narumi,razor,2788,4261,league_roster,CHIRA_JUNIOR,puck,2235,4060,league_roster,washed up player,shredder,1991,3521,league_roster,lostreak chicken,shadow_shaman,1013,1311,league_roster,Pohn Jork,shadow_demon,1305,1807,league_roster,6|,meepo,2853,4297,league_roster,a,void_spirit,2237,3706,league_roster,Wisper,bristleback,2097,3700,league_roster,lyct,hoodwink,1115,1555,league_roster,марсианин,treant,1156,1499,league_roster
19099,BLAST SLAM VI,8689898665,HEROIC,TY,TY,Yuma,ursa,2350,4181,league_roster,a,enigma,2497,4262,league_roster,Wisper,abyssal_underlord,1647,4012,league_roster,lyct,tiny,1157,1854,league_roster,марсианин,bane,735,1371,league_roster,Narumi,templar_assassin,3090,4920,league_roster,CHIRA_JUNIOR,viper,2109,4550,league_roster,washed up player,mars,2455,3536,league_roster,0,hoodwink,1252,2036,league_roster,Pohn Jork,undying,1360,1975,league_roster
19099,BLAST SLAM VI,8689976673,TY,HEROIC,TY,Narumi,nevermore,2375,4015,league_roster,CHIRA_JUNIOR,tiny,2611,4124,league_roster,washed up player,axe,2045,3613,league_roster,lostreak chicken,shadow_demon,1218,1841,league_roster,Pohn Jork,rattletrap,918,1848,league_roster,Yuma,razor,2584,4384,league_roster,a,puck,2699,4230,league_roster,Wisper,phoenix,1949,3838,league_roster,lyct,spirit_breaker,1474,1889,league_roster,b,dazzle,795,1248,league_roster
19099,BLAST SLAM VI,8690043972,TY,HEROIC,TY,Narumi,gyrocopter,2695,5136,league_roster,CHIRA_JUNIOR,viper,2554,4338,league_roster,washed up player,primal_beast,1997,3520,league_roster,0,windrunner,961,1292,league_roster,,tusk,1394,2144,league_roster,Yuma,clinkz,2480,4396,league_roster,a,enigma,2483,4313,league_roster,CӸ,dark_seer,1988,3811,league_roster,lyct,tiny,1247,2009,league_roster,"dK""",chen,1303,2002,league_roster
19099,BLAST SLAM VI,8690685211,Liquid,OG,Liquid,yondaime,nevermore,3029,4941,league_roster,мусор,puck,2346,3707,league_roster,50centaur,centaur,2199,4270,league_roster,0,marci,882,1046,league_roster,,warlock,1003,1671,league_roster,sonny hayes,kez,2513,4123,league_roster,Rasmus?,viper,2324,4642,league_roster,mam_bayotay,primal_beast,1954,3020,fallback_lh5,ȑ,bounty_hunter,1068,1514,league_roster,mam_ba,windrunner,1121,1724,league_roster
19099,BLAST SLAM VI,8690770904,OG,Liquid,Liquid,sonny hayes,weaver,2459,4051,league_roster,Rasmus?,shredder,2036,3106,league_roster,,primal_beast,2382,3935,fallback_lh5,DEKALIBRE,mirana,1201,1986,league_roster,mam_ba,chen,1081,1795,league_roster,Pko,dragon_knight,2541,4350,league_roster,мусор,void_spirit,2290,4160,league_roster,50centaur,largo,2420,4542,league_roster,Boxi,tusk,835,1237,league_roster,tOfu,jakiro,863,1764,league_roster
19099,BLAST SLAM VI,8690871387,Liquid,OG,Liquid,yondaime,furion,2817,4895,league_roster,,beastmaster,2609,4493,league_roster,50centaur,lycan,2381,4069,league_roster,Boxi,earth_spirit,1046,1410,league_roster,0j,largo,973,1889,league_roster,sonny hayes,gyrocopter,2998,5026,league_roster,Rasmus?,tiny,1774,3349,league_roster,mam_bayotay,viper,2153,4003,fallback_lh5,DEKALIBRE,rattletrap,1008,1922,league_roster,mam_ba,ancient_apparition,926,1341,league_roster
19099,BLAST SLAM VI,8691060575,TY,NAVI,TY,Narumi,kez,2718,5152,league_roster,CHIRA_JUNIOR,beastmaster,3177,4857,league_roster,melvin mentality,abyssal_underlord,2120,3822,league_roster,/,shadow_demon,1095,2039,league_roster,l,jakiro,1439,1961,league_roster,thoughts are clear,dragon_knight,2271,4240,league_roster,ссс,bristleback,2065,4000,league_roster,UNREAL BOT,mars,1593,2539,league_roster,33a9ccc,hoodwink,732,1488,league_roster,pN^,grimstroke,968,1420,league_roster
19099,BLAST SLAM VI,8691152810,TY,NAVI,NAVI,Narumi,windrunner,3178,4332,league_roster,CHIRA_JUNIOR,invoker,1892,2906,league_roster,melvin mentality,tidehunter,2373,4226,league_roster,0M,shadow_demon,1094,1384,league_roster,Pohn Jork,undying,1396,2283,league_roster,thoughts are clear,weaver,2515,4259,league_roster,ссс,kez,3156,5209,league_roster,UNREAL BOT,abyssal_underlord,1903,4597,league_roster,33a9ccc,hoodwink,888,1625,league_roster,Promise,warlock,949,1439,league_roster
19099,BLAST SLAM VI,8691221504,TY,NAVI,TY,Narumi,clinkz,2875,4384,league_roster,CHIRA_JUNIOR,invoker,2198,3833,league_roster,melvin mentality,mars,2579,4211,league_roster,,hoodwink,1085,2104,league_roster,Pohn Jork,jakiro,1095,1739,league_roster,P,dragon_knight,2790,5151,league_roster,ссс,viper,2227,3716,league_roster,UNREAL BOT,kunkka,2054,3797,league_roster,jH,largo,750,1748,league_roster,Promise,ringmaster,773,1136,league_roster
19099,BLAST SLAM VI,8691341665,TY,NAVI,NAVI,Narumi,terrorblade,2435,3731,league_roster,лg,puck,2291,4009,league_roster,melvin mentality,mars,2452,3576,league_roster,lostreak chicken,muerta,975,1479,league_roster,Pohn Jork,chen,1398,2166,league_roster,thoughts are clear,templar_assassin,2096,4289,league_roster,ссс,ember_spirit,3117,4736,league_roster,UNREAL BOT,razor,2660,4648,league_roster,,tiny,1279,2084,league_roster,Promise,warlock,1111,1514,league_roster
19099,BLAST SLAM VI,8691428241,NAVI,TY,NAVI,e,razor,2171,4101,league_roster,ссс,huskar,3115,5302,league_roster,UNREAL BOT,centaur,2289,4265,league_roster,33a9ccc,hoodwink,862,2045,league_roster,Promise,dazzle,684,1333,league_roster,Narumi,kez,2654,4414,league_roster,CHIRA_JUNIOR,windrunner,1872,2887,league_roster,melvin mentality,mars,2281,3550,league_roster,lostreak chicken,ancient_apparition,983,1469,league_roster,Pohn Jork,chen,1720,2339,league_roster
19099,BLAST SLAM VI,8692381181,NAVI,Liquid,Liquid,p,nevermore,2773,5082,league_roster,ссс,ember_spirit,1763,3272,league_roster,UNREAL BOT,phoenix,2487,3296,league_roster,`sF9,tiny,820,1239,league_roster,Promise,disruptor,1182,1889,league_roster,yondaime,windrunner,2650,4540,league_roster,мусор,razor,2442,4228,league_roster,50centaur,abyssal_underlord,2206,3833,league_roster,Boxi,tusk,1223,1423,league_roster,,shadow_demon,1213,1807,league_roster
19099,BLAST SLAM VI,8692497249,Liquid,NAVI,NAVI,_0,queenofpain,2666,4644,league_roster,мусор,razor,2284,4282,league_roster,p@A,dark_seer,2086,3900,league_roster,Boxi,rattletrap,1070,1567,league_roster,tOfu,warlock,1246,1908,league_roster,thoughts are clear,templar_assassin,2537,4823,league_roster,ссс,invoker,2097,3205,league_roster,UNREAL BOT,batrider,2145,3754,league_roster,b,tiny,1500,2360,league_roster,Promise,ringmaster,1027,1690,league_roster
19099,BLAST SLAM VI,8692691067,NAVI,Liquid,Liquid,thoughts are clear,razor,2712,4219,league_roster,`I,invoker,1980,2739,league_roster,UNREAL BOT,centaur,1675,2664,league_roster,1,hoodwink,810,1150,league_roster,Promise,grimstroke,1490,1877,league_roster,yondaime,kez,3008,5115,league_roster,мусор,void_spirit,2987,4782,league_roster,50centaur,batrider,1728,3510,league_roster,Boxi,marci,1690,2352,league_roster,tOfu,warlock,1197,2194,league_roster
19099,BLAST SLAM VI,8692761931,Liquid,NAVI,Liquid,M,dragon_knight,2767,4533,league_roster,мусор,ember_spirit,2436,3784,league_roster,bM,batrider,2603,4475,league_roster,M,earth_spirit,799,1643,league_roster,M,shadow_demon,1324,2121,league_roster,M,ursa,2659,4522,league_roster,M,puck,2186,3407,league_roster,M,mars,2118,3499,league_roster,M,tiny,884,1555,league_roster,Promise,warlock,1007,1652,league_roster
19101,BLAST Slam VII,8825996999,PARI,OG,PARI,`eY,terrorblade,3040,4934,league_roster,Have fun,pangolier,1896,3192,league_roster,strafe instructor,beastmaster,2015,3930,league_roster,Pele,rubick,1345,1509,league_roster,%VS,oracle,1410,2126,league_roster,СW,windrunner,2895,5524,league_roster,Rasmus?,snapfire,2582,4787,league_roster,∩ (◣_◢) ∩,phoenix,1859,3574,league_roster,LWHY,rattletrap,1150,1696,league_roster,mamba24,enchantress,1025,1518,league_roster
19101,BLAST Slam VII,8825993964,FLCN,GLYPH,GLYPH,[X,tiny,2419,3951,league_roster,...,snapfire,2828,5226,league_roster,6U,mars,2005,3689,league_roster,Cr1t-,largo,955,1559,league_roster,@kER,lich,889,1568,league_roster,TOXIC,windrunner,2878,4630,league_roster,追獵者,invoker,1832,3152,league_roster,wsm,brewmaster,2170,3960,league_roster,Jota2,rubick,1243,1794,league_roster,mulhuu luvsan,treant,1160,1676,league_roster
19101,BLAST Slam VII,8826042346,BB,LGD,LGD,Naruto~,necrolyte,2211,3297,league_roster,lorenof mindset,keeper_of_the_light,1958,3180,league_roster,Badwater,lycan,2268,3970,league_roster,`8V,windrunner,1433,2047,league_roster,Y,tusk,796,1237,league_roster,Yuma,naga_siren,2498,4942,league_roster,a,kunkka,2945,4733,league_roster,Wisper,snapfire,2412,4439,league_roster,0U!Y,hoodwink,1123,1999,league_roster,марсианин,bane,1180,1629,league_roster
19101,BLAST Slam VII,8826052816,XG,Liquid,Liquid,区,faceless_void,2539,4139,league_roster,NothingToSay,snapfire,2576,4395,league_roster,¿,abyssal_underlord,2191,3557,league_roster,其疾如风,lion,1445,1832,league_roster,lavie,enchantress,992,1678,league_roster,yondaime,tiny,2649,4760,league_roster,мусор,storm_spirit,1720,3323,league_roster,50centaur,night_stalker,2406,4195,league_roster,Boxi,keeper_of_the_light,1280,1889,league_roster,Y,witch_doctor,1059,1709,league_roster
19101,BLAST Slam VII,8826110206,TY,TSpirit,TY,arima-,nevermore,2524,4856,league_roster,CHIRA_JUNIOR,night_stalker,2287,3846,league_roster,bangkok,enigma,2584,4300,league_roster,lostreak chicken,hoodwink,1272,2031,league_roster,; ],treant,1255,2378,league_roster,0#Y,lone_druid,2426,3932,league_roster,London+G,puck,2434,3874,league_roster,pos3jungler,axe,2322,4163,league_roster,discipline,windrunner,899,1515,league_roster,123,phoenix,846,1647,league_roster
19101,BLAST Slam VII,8826099852,Aurora,Tundra,Aurora,Ъ>PS,tiny,2815,5363,league_roster,iX,snapfire,2571,4381,league_roster,Shenorita`,axe,1872,3275,league_roster,tweekin',rubick,788,1145,league_roster,save丶,venomancer,1314,2232,league_roster,Damn,nevermore,2032,3914,league_roster,5050god,storm_spirit,2455,4512,league_roster,not human (животное),tidehunter,2089,3878,league_roster,Chestnut,rattletrap,1045,1835,league_roster,NongMon,bane,699,1397,league_roster
19101,BLAST Slam VII,8826168772,FLCN,OG,FLCN,I m Going To Be The Best Carry,necrolyte,2898,5034,league_roster,...,sniper,2550,4540,league_roster,YeS signature player,pangolier,2673,4274,league_roster,Cr1t-,lion,1091,1985,league_roster,Sneyking,chen,1106,1911,league_roster,>>>>>>>><<<<<<<<<,muerta,2693,4390,league_roster,XݦX,monkey_king,1762,3376,league_roster,S,shredder,1768,3685,league_roster,LWHY,keeper_of_the_light,991,1990,league_roster,mamba24,bane,1009,1460,league_roster
19101,BLAST Slam VII,8826189006,LGD,GLYPH,LGD,Yuma,necrolyte,3265,5311,league_roster,a,kez,2677,4326,league_roster,Wisper,snapfire,3063,4796,league_roster,yX,lion,1009,1538,league_roster,марсианин,treant,1230,2017,league_roster,TOXIC,terrorblade,2609,3778,league_roster,追獵者,storm_spirit,2021,3496,league_roster,wsm,bristleback,2425,4004,league_roster,𘧜W,rubick,1462,2189,league_roster,mulhuu luvsan,phoenix,842,1168,league_roster
19101,BLAST Slam VII,8826258112,PARI,XG,PARI,destroy,juggernaut,2302,4379,league_roster,Have fun,viper,3124,4450,league_roster,strafe instructor,slardar,2521,5037,league_roster,Pele,wisp,1753,3186,league_roster,Dukalis,treant,768,1093,league_roster,区,muerta,2101,2908,league_roster,NothingToSay,snapfire,1458,3295,league_roster,¿,mars,2517,4352,league_roster,其疾如风,keeper_of_the_light,881,1347,league_roster,PYV,elder_titan,1050,1444,league_roster
19101,BLAST Slam VII,8826268112,Aurora,BB,BB,mode: m0NESY,tiny,2275,3927,league_roster,Katanaa,storm_spirit,2721,4208,league_roster,Shenorita`,centaur,2561,3743,league_roster,tweekin',hoodwink,1117,1791,league_roster,DV,phoenix,644,1475,league_roster,Naruto~,windrunner,2469,4545,league_roster,lorenof mindset,ember_spirit,2199,3841,league_roster,Badwater,largo,2655,4553,league_roster,yo terase mugen tsukuyomi,keeper_of_the_light,952,1530,league_roster,4X4,rattletrap,872,1358,league_roster
19101,BLAST Slam VII,8826347921,TY,Liquid,TY,arima-,nevermore,2619,4483,league_roster,CHIRA_JUNIOR,ember_spirit,2682,4160,league_roster,bangkok,beastmaster,2089,3849,league_roster,vrV,keeper_of_the_light,1103,1612,league_roster,; ],bane,761,1588,league_roster,@RV,windrunner,2432,4197,league_roster,мусор,puck,2260,4051,league_roster,50centaur,doom_bringer,1790,3102,league_roster,Boxi,techies,936,1409,league_roster,tOfu,lich,860,1478,league_roster
19101,BLAST Slam VII,8826341985,TSpirit,Tundra,TSpirit,yatoro,nevermore,3253,4847,league_roster,DY,earth_spirit,2025,3059,league_roster,pos3jungler,doom_bringer,2255,3947,league_roster,SV,hoodwink,763,1843,league_roster,}X,bane,1018,1975,league_roster,cinderella,drow_ranger,2284,3129,league_roster,basedmeander,zuus,3038,4617,league_roster,not human (животное),shredder,1985,3498,league_roster,Arianka,tusk,1134,1737,league_roster,NongMon,lich,997,2018,league_roster
19101,BLAST Slam VII,8826437838,XG,OG,XG,区,tiny,2389,4147,league_roster,NothingToSay,snapfire,2421,4484,league_roster,¿,beastmaster,2252,4032,league_roster,其疾如风,keeper_of_the_light,776,1999,league_roster,lavie,bane,890,1783,league_roster,>>>>>>>><<<<<<<<<,luna,2720,4909,league_roster,#Y,pangolier,2013,4054,league_roster,∩ (◣_◢) ∩,dawnbreaker,2294,3775,league_roster,LWHY,hoodwink,1138,1902,league_roster,mamba24,enchantress,904,1519,league_roster
19101,BLAST Slam VII,8826468180,LGD,FLCN,FLCN,Yuma,night_stalker,2339,3708,league_roster,a,zuus,2899,5099,league_roster,S,axe,2341,4170,league_roster,P΄V,hoodwink,850,1527,league_roster,марсианин,bane,890,1224,league_roster,I m Going To Be The Best Carry,tiny,2634,4063,league_roster,pyY,void_spirit,2389,3878,league_roster,Darkness,doom_bringer,2450,4338,league_roster,Cr1t-,lion,1028,1430,league_roster,Sneyking,chen,1339,2052,league_roster
19101,BLAST Slam VII,8826537048,Aurora,GLYPH,GLYPH,mode: m0NESY,tiny,2187,4292,league_roster,Katanaa,snapfire,2904,4663,league_roster,Shenorita`,tidehunter,2076,3072,league_roster,tweekin',lion,1090,1610,league_roster,save丶,shadow_demon,1037,2068,league_roster,TOXIC,nevermore,2497,5290,league_roster,追獵者,storm_spirit,2102,3973,league_roster,wsm,omniknight,2459,4078,league_roster,Jota2,rattletrap,1071,1452,league_roster,mulhuu luvsan,winter_wyvern,1078,1555,league_roster
19101,BLAST Slam VII,8826591758,PARI,TY,TY,destroy,necrolyte,2870,3982,league_roster,Have fun,storm_spirit,2462,3647,league_roster,strafe instructor,shredder,1841,2886,league_roster,pLRW,keeper_of_the_light,962,1532,league_roster,0QV,rattletrap,1043,1500,league_roster,arima-,lone_druid,3221,5415,league_roster,CHIRA_JUNIOR,slardar,2551,3916,league_roster,bangkok,phoenix,2329,4278,league_roster,0KY,rubick,1336,2082,league_roster,rX,lich,978,1919,league_roster
19101,BLAST Slam VII,8826631538,Tundra,Liquid,Tundra,cinderella,doom_bringer,1837,3565,league_roster,basedmeander,ember_spirit,2399,4239,league_roster,not human (животное),largo,2099,3897,league_roster,Arianka,keeper_of_the_light,860,1513,league_roster,NongMon,bane,444,1247,league_roster,yondaime,drow_ranger,2868,4663,league_roster,мусор,bristleback,2301,3259,league_roster,50centaur,centaur,2792,4922,league_roster,Boxi,hoodwink,1302,1742,league_roster,tOfu,treant,1269,2052,league_roster
19101,BLAST Slam VII,8826691962,TSpirit,BB,BB,yatoro,terrorblade,2730,4916,league_roster,London+G,queenofpain,2200,3608,league_roster,pos3jungler,largo,2450,3543,league_roster,discipline,ringmaster,710,1034,league_roster,123,hoodwink,1195,1539,league_roster,Naruto~,life_stealer,2620,4321,league_roster,0$9Y,snapfire,2489,4109,league_roster,Badwater,lycan,2232,3905,league_roster,yo terase mugen tsukuyomi,keeper_of_the_light,1155,1764,league_roster,4X4,bane,1225,1456,league_roster
19101,BLAST Slam VII,8827282767,XG,FLCN,FLCN,o,kez,2575,3629,league_roster,#,sand_king,3120,5692,league_roster,,night_stalker,2444,4537,league_roster,其疾如风,hoodwink,946,1644,league_roster,lavie,rattletrap,1261,1613,league_roster,`b,alchemist,2934,5426,league_roster,s,primal_beast,2786,5344,league_roster,Darkness,pangolier,2272,4302,league_roster,Cr1t-,lion,1168,1964,league_roster,Sneyking,enchantress,1096,1697,league_roster
19101,BLAST Slam VII,8827289834,LGD,Aurora,LGD,C,nevermore,2969,5174,league_roster,`t,beastmaster,2682,4358,league_roster,Wisper,batrider,2317,4215,league_roster,Rita,windrunner,1199,1767,league_roster,марсианин,rattletrap,923,1408,league_roster,mode: m0NESY,alchemist,2977,5589,league_roster,Katanaa,storm_spirit,1884,3355,league_roster,Shenorita`,shredder,1454,2588,league_roster,tweekin',hoodwink,1036,1357,league_roster,save丶,venomancer,849,1464,league_roster
19101,BLAST Slam VII,8827351366,OG,TY,TY,>>>>>>>><<<<<<<<<,tiny,2671,4555,league_roster,,puck,2617,3539,league_roster,∩ (◣_◢) ∩,doom_bringer,1944,3061,league_roster,LWHY,tusk,938,1311,league_roster,mamba24,lich,1019,1411,league_roster,arima-,kez,3040,4946,league_roster,0<G,night_stalker,2485,3665,league_roster,bangkok,pangolier,2061,4020,league_roster,lostreak chicken,rubick,1453,2335,league_roster,; ],techies,1298,2565,league_roster
19101,BLAST Slam VII,8827339763,TSpirit,GLYPH,TSpirit,yatoro,drow_ranger,3368,5797,league_roster,London+G,snapfire,2436,4548,league_roster,PO,mars,2224,3527,league_roster,gun done,lion,763,1557,league_roster,`,tusk,1176,1961,league_roster,@Yx,nevermore,2719,4447,league_roster,追獵者,storm_spirit,2314,3982,league_roster,wsm,batrider,1611,3042,league_roster,Jota2,rubick,1235,2197,league_roster,mulhuu luvsan,treant,1057,1606,league_roster
19101,BLAST Slam VII,8827394170,PARI,Tundra,PARI,destroy,faceless_void,2461,4601,league_roster,w,viper,2958,4774,league_roster,strafe instructor,pangolier,2195,3604,league_roster,Pele,marci,1451,2172,league_roster,D,techies,1182,1747,league_roster,MdS,windrunner,2795,4216,league_roster,H],snapfire,1621,2988,league_roster,not human (животное),lycan,2433,4224,league_roster,Arianka,keeper_of_the_light,896,1505,league_roster,NongMon,tusk,1195,1633,league_roster
19101,BLAST Slam VII,8827398120,Liquid,BB,Liquid,@*T,tiny,2566,4715,league_roster,мусор,storm_spirit,2389,4026,league_roster,50centaur,night_stalker,3393,6216,league_roster,Boxi,wisp,1534,2412,league_roster,BR,silencer,1005,1868,league_roster,,alchemist,1953,3748,league_roster,lorenof mindset,snapfire,2196,3315,league_roster,,lycan,2341,3859,league_roster,@X,lion,1033,1590,league_roster,4X4,oracle,942,1372,league_roster
19101,BLAST Slam VII,8827464470,FLCN,Aurora,FLCN,I m Going To Be The Best Carry,vengefulspirit,2107,3343,league_roster,p,earthshaker,2384,3424,league_roster,Darkness,razor,2247,4521,league_roster,fp,rattletrap,990,1507,league_roster,Sneyking,enchantress,905,1663,league_roster,mode: m0NESY,windrunner,2246,3099,league_roster,0~,void_spirit,2205,3798,league_roster,Shenorita`,doom_bringer,2407,4617,league_roster,j,hoodwink,1060,1435,league_roster,save丶,bane,944,1456,league_roster
19101,BLAST Slam VII,8827492535,XG,TY,TY,区,kez,2111,3327,league_roster,NothingToSay,tinker,2040,3750,league_roster,¿,magnataur,2482,4187,league_roster,其疾如风,lion,989,1489,league_roster,,phoenix,522,1006,league_roster,s,windrunner,2737,4640,league_roster,CHIRA_JUNIOR,invoker,2257,4078,league_roster,bangkok,slardar,3022,5161,league_roster,lostreak chicken,hoodwink,1365,2028,league_roster,; ],lich,755,1388,league_roster
19101,BLAST Slam VII,8827534616,TSpirit,LGD,LGD,PAMd,juggernaut,2733,4906,league_roster,,beastmaster,2557,4215,league_roster,pos3jungler,doom_bringer,2752,5619,league_roster,gun done,hoodwink,967,1729,league_roster,I,techies,1087,1919,league_roster,Yuma,vengefulspirit,2624,4152,league_roster,a,kez,2698,3902,league_roster,Wisper,batrider,2375,3633,league_roster,Rita,windrunner,1416,1993,league_roster,марсианин,treant,1010,1230,league_roster
19101,BLAST Slam VII,8827591403,OG,Tundra,OG,I,necrolyte,3423,5837,league_roster,Rasmus?,storm_spirit,2476,3401,league_roster,∩ (◣_◢) ∩,beastmaster,1956,3808,league_roster,`m,keeper_of_the_light,883,1373,league_roster,mamba24,silencer,939,1184,league_roster,cinderella,phantom_assassin,2089,3664,league_roster,basedmeander,ember_spirit,2251,4329,league_roster,not human (животное),shredder,1697,3568,league_roster,Arianka,hoodwink,1138,2372,league_roster,p!,bane,731,1828,league_roster
19101,BLAST Slam VII,8827680462,Liquid,GLYPH,Liquid,PF,bristleback,3014,5326,league_roster,O,ember_spirit,2373,3937,league_roster,50centaur,axe,2557,5499,league_roster,Boxi,keeper_of_the_light,1166,1817,league_roster,p[,witch_doctor,819,1648,league_roster,TOXIC,faceless_void,2302,4519,league_roster,追獵者,storm_spirit,2308,3781,league_roster,wsm,beastmaster,2541,4823,league_roster,Jota2,nyx_assassin,1127,1975,league_roster,%Z,enchantress,996,1970,league_roster
19101,BLAST Slam VII,8827613435,BB,PARI,PARI,P7%,nevermore,2781,4934,league_roster,lorenof mindset,ember_spirit,2760,4253,league_roster,Badwater,tidehunter,2526,4508,league_roster,yo terase mugen tsukuyomi,hoodwink,1083,1391,league_roster,j,treant,1073,1694,league_roster,destroy,kez,3012,5094,league_roster,Have fun,pangolier,2826,4241,league_roster,strafe instructor,dawnbreaker,1906,3231,league_roster,Pele,rubick,1367,2205,league_roster,EM,witch_doctor,1050,1755,league_roster
19101,BLAST Slam VII,8827769920,Aurora,TSpirit,Aurora,mode: m0NESY,tiny,1607,2765,league_roster,/!,queenofpain,2816,4637,league_roster,Shenorita`,largo,2275,4236,league_roster,tweekin',lion,1375,1961,league_roster,S,ancient_apparition,924,1587,league_roster,yatoro,kez,3145,4676,league_roster,$/,huskar,1997,3566,league_roster,pos3jungler,omniknight,2907,4783,league_roster,gun done,hoodwink,1287,2490,league_roster,l,treant,1324,1937,league_roster
19101,BLAST Slam VII,8827784459,TY,FLCN,FLCN,*S,kez,2871,4294,league_roster,CHIRA_JUNIOR,zuus,2554,4071,league_roster,bangkok,pangolier,2181,3648,league_roster,lostreak chicken,windrunner,1421,1855,league_roster,; ],lich,1003,1639,league_roster,I m Going To Be The Best Carry,tiny,2670,4709,league_roster,...,snapfire,2730,5631,league_roster,Darkness,legion_commander,1780,2915,league_roster,Cr1t-,rattletrap,883,1743,league_roster,Sneyking,phoenix,983,1899,league_roster
19101,BLAST Slam VII,8827888041,XG,Tundra,Tundra,)T,furion,2435,3510,league_roster,NothingToSay,storm_spirit,2464,3854,league_roster,¿,tidehunter,2368,3950,league_roster,pT,rubick,923,1518,league_roster,lavie,bane,1018,1714,league_roster,pT,doom_bringer,2466,4384,league_roster,basedmeander,ember_spirit,2538,5279,league_roster,not human (животное),beastmaster,2525,4596,league_roster,Arianka,keeper_of_the_light,964,1755,league_roster,)T,lich,1310,2134,league_roster
19101,BLAST Slam VII,8827875225,LGD,Liquid,Liquid,Yuma,necrolyte,2963,4671,league_roster,a,largo,2619,4114,league_roster,Wisper,batrider,2137,3729,league_roster,Rita,windrunner,1100,1681,league_roster,марсианин,treant,1074,1638,league_roster,yondaime,nevermore,2611,4843,league_roster,?;,invoker,2015,3626,league_roster,50centaur,axe,3045,4849,league_roster,0\,hoodwink,970,1287,league_roster,0,shadow_demon,1250,1465,league_roster
19101,BLAST Slam VII,8828562631,PARI,GLYPH,PARI,destroy,nevermore,2783,4798,league_roster,Have fun,earthshaker,2559,4931,league_roster,strafe instructor,axe,3170,5647,league_roster,,rubick,1327,2094,league_roster,Dukalis,bane,1395,1618,league_roster,`cG,kez,2812,5066,league_roster,@P,slardar,2171,3530,league_roster,wsm,lycan,1841,3259,league_roster,+0,windrunner,1211,1987,league_roster,mulhuu luvsan,treant,939,1280,league_roster
19101,BLAST Slam VII,8828557643,OG,BB,BB,>>>>>>>><<<<<<<<<,kez,2005,3792,league_roster,Rasmus?,kunkka,2351,4322,league_roster,@O,night_stalker,1888,2946,league_roster,CZTS3,hoodwink,988,1779,league_roster,mamba24,techies,555,1188,league_roster,@R%,terrorblade,2670,4563,league_roster,lorenof mindset,puck,2308,4122,league_roster,p9,axe,2557,4630,league_roster,"`Z""",lion,946,1333,league_roster,Ё,winter_wyvern,1200,1408,league_roster
19101,BLAST Slam VII,8828602222,FLCN,TSpirit,FLCN,I m Going To Be The Best Carry,alchemist,2650,4519,league_roster,...,primal_beast,2567,4609,league_roster,Darkness,razor,2650,3881,league_roster,Cr1t-,rattletrap,1627,2188,league_roster,Sneyking,phoenix,1197,1954,league_roster,yatoro,windrunner,2342,3838,league_roster,0х,pangolier,2414,4040,league_roster,pos3jungler,death_prophet,2775,5117,league_roster,@P8,hoodwink,946,1696,league_roster,w,tusk,1344,2004,league_roster
19101,BLAST Slam VII,8828608241,TY,Tundra,TY,arima-,nevermore,2805,5371,league_roster,CHIRA_JUNIOR,storm_spirit,2792,4651,league_roster,6,undying,2528,3850,league_roster,lostreak chicken,keeper_of_the_light,1114,1733,league_roster,; ],lich,1028,1531,league_roster,lost in the world,windrunner,1680,3453,league_roster,cortado,tiny,1944,3396,league_roster,not human (животное),largo,2122,3149,league_roster,Arianka,lion,989,1495,league_roster,NongMon,phoenix,725,1479,league_roster
19101,BLAST Slam VII,8828662524,Aurora,Liquid,Aurora,mode: m0NESY,tiny,2332,4371,league_roster,Katanaa,puck,2356,3790,league_roster,,dawnbreaker,2000,3752,league_roster,tweekin',lion,895,1366,league_roster,save丶,warlock,1024,1801,league_roster,yondaime,dragon_knight,2619,4867,league_roster,мусор,ember_spirit,2479,3786,league_roster,50centaur,abyssal_underlord,2187,3423,league_roster,,hoodwink,1025,1742,league_roster,tOfu,rubick,988,1449,league_roster
19101,BLAST Slam VII,8828679235,BB,XG,BB,Naruto~,kez,2498,4437,league_roster,lorenof mindset,puck,2030,3805,league_roster,Badwater,slardar,2113,3494,league_roster,0xy,rubick,939,1565,league_roster,4X4,winter_wyvern,872,1223,league_roster,区,alchemist,2779,5120,league_roster,NothingToSay,void_spirit,2655,4017,league_roster,¿,shredder,2249,3682,league_roster,其疾如风,lion,1145,2145,league_roster,lavie,bane,762,1349,league_roster
19101,BLAST Slam VII,8828733774,GLYPH,OG,OG,TOXIC,monkey_king,2772,4586,league_roster,追獵者,kez,2062,3517,league_roster,wsm,dark_seer,3086,4527,league_roster,Jota2,hoodwink,1306,1898,league_roster,mulhuu luvsan,warlock,1019,1526,league_roster,>>>>>>>><<<<<<<<<,terrorblade,2802,4706,league_roster,Rasmus?,snapfire,1711,3040,league_roster,@e,axe,2683,5313,league_roster,@,lion,977,1446,league_roster,mamba24,bane,1110,1729,league_roster
19101,BLAST Slam VII,8828731237,PARI,LGD,LGD,;,muerta,2268,3738,league_roster,Have fun,monkey_king,2342,3750,league_roster,strafe instructor,axe,2171,3663,league_roster,Pele,keeper_of_the_light,951,2034,league_roster,Dukalis,rattletrap,725,1014,league_roster,Yuma,necrolyte,3682,6109,league_roster,a,kez,2037,3815,league_roster,Wisper,enigma,2560,4246,league_roster,Rita,hoodwink,1515,1848,league_roster,марсианин,bane,951,1435,league_roster
19101,BLAST Slam VII,8828810013,XG,TSpirit,XG,区,kez,2538,4417,league_roster,ω,monkey_king,2545,4548,league_roster,¿,beastmaster,2775,5404,league_roster,其疾如风,techies,1026,1988,league_roster,lavie,lich,904,1544,league_roster,@m,tiny,1950,3471,league_roster,London+G,pangolier,1823,3009,league_roster,pos3jungler,slardar,1925,2954,league_roster,gun done,rubick,971,1529,league_roster,123,grimstroke,929,1260,league_roster
19101,BLAST Slam VII,8828847743,TY,Aurora,Aurora,arima-,luna,2048,3434,league_roster,CHIRA_JUNIOR,night_stalker,2359,3930,league_roster,bangkok,enigma,1991,3372,league_roster,lostreak chicken,nyx_assassin,1227,1811,league_roster,;,snapfire,974,2204,league_roster,P,gyrocopter,3380,5588,league_roster,Katanaa,puck,2459,3655,league_roster,Shenorita`,axe,2557,4400,league_roster,tweekin',rattletrap,1253,1684,league_roster,save丶nic,phoenix,1194,1950,league_roster
19101,BLAST Slam VII,8828912690,Tundra,FLCN,FLCN,lost in the world,nevermore,2190,4200,league_roster,cortado,storm_spirit,1712,3166,league_roster,not human (животное),centaur,2215,3675,league_roster,Arianka,lion,1228,1647,league_roster,NongMon,treant,960,1911,league_roster,I m Going To Be The Best Carry,tiny,2650,5259,league_roster,...,viper,2924,4611,league_roster,Darkness,doom_bringer,2200,3216,league_roster,Cr1t-,hoodwink,1082,2029,league_roster,Sneyking,chen,1050,2012,league_roster
19101,BLAST Slam VII,8828964848,LGD,OG,OG,Yuma,nevermore,2689,3916,league_roster,,kez,2212,4417,league_roster,FC,axe,2186,4166,league_roster,Rita,lion,1268,2007,league_roster,марсианин,treant,1193,1554,league_roster,>>>>>>>><<<<<<<<<,abaddon,2506,3952,league_roster,Rasmus?,queenofpain,1985,3104,league_roster,∩ (◣_◢) ∩,shredder,1851,3891,league_roster,-w,spirit_breaker,1023,1773,league_roster,mamba24,bane,1254,1823,league_roster
19101,BLAST Slam VII,8828993295,TY,BB,BB,`˽,tiny,2585,4079,league_roster,CHIRA_JUNIOR,pangolier,2469,3984,league_roster,@,phoenix,1807,2788,league_roster,lostreak chicken,hoodwink,863,1858,league_roster,; ],chen,1043,2146,league_roster,Naruto~,windrunner,2960,5232,league_roster,pG,beastmaster,2664,4646,league_roster,w,shredder,2373,4325,league_roster,yo terase mugen tsukuyomi,mirana,1491,2203,league_roster,W},bane,1350,2392,league_roster
19101,BLAST Slam VII,8829074990,PARI,Aurora,PARI,destroy,nevermore,2552,5701,league_roster,Have fun,void_spirit,2572,4463,league_roster,strafe instructor,axe,2522,4360,league_roster,Pele,furion,1223,2253,league_roster,Dukalis,bane,1048,1769,league_roster,mode: m0NESY,tiny,2157,4062,league_roster,Katanaa,queenofpain,2372,4364,league_roster,Shenorita`,dawnbreaker,2349,3678,league_roster,tweekin',rattletrap,1160,1758,league_roster,save丶nic,venomancer,638,1063,league_roster
19101,BLAST Slam VII,8829095250,TSpirit,Liquid,TSpirit,yatoro,drow_ranger,3162,5727,league_roster,z,primal_beast,2260,4387,league_roster,pos3jungler,batrider,1764,3288,league_roster,gun done,windrunner,975,1784,league_roster,123,tusk,965,1564,league_roster,yondaime,nevermore,2563,4820,league_roster,мусор,puck,2725,4591,league_roster,50centaur,axe,1825,2839,league_roster,Boxi,techies,777,1328,league_roster,tOfu,omniknight,1147,1859,league_roster
19101,BLAST Slam VII,8829158433,GLYPH,XG,XG,TOXIC,terrorblade,2451,3540,league_roster,追獵者,puck,2734,3931,league_roster,0A,largo,2156,3303,league_roster,Jota2,lion,933,1694,league_roster,mulhuu luvsan,winter_wyvern,1233,1486,league_roster,],muerta,2353,4457,league_roster,NothingToSay,pangolier,2784,4368,league_roster,¿,doom_bringer,2804,5209,league_roster,其疾如风,rubick,1109,2415,league_roster,lavie,lich,1018,1652,league_roster
19101,BLAST Slam VII,8829839467,FLCN,Liquid,Liquid,I m Going To Be The Best Carry,tiny,1760,2976,league_roster,Z,monkey_king,2683,3550,league_roster,Darkness,pangolier,1530,2791,league_roster,Y,lion,1086,1803,league_roster,Sneyking,lich,699,1175,league_roster,y,drow_ranger,3069,4578,league_roster,мусор,slardar,1668,3408,league_roster,50centaur,dawnbreaker,2186,3770,league_roster,@]l,wisp,1079,1798,league_roster,tOfu,rattletrap,1298,1923,league_roster
19101,BLAST Slam VII,8829839456,Tundra,BB,BB,lost in the world,kez,1846,3520,league_roster,,puck,2371,3799,league_roster,?Z,necrolyte,2781,4942,league_roster,Arianka,dark_willow,1017,1279,league_roster,NongMon,lich,781,1339,league_roster,(,tiny,2253,4046,league_roster,/J,ember_spirit,2362,4018,league_roster,T,largo,2312,4094,league_roster,PKG,keeper_of_the_light,1046,1602,league_roster,4X4,winter_wyvern,907,1172,league_roster
19101,BLAST Slam VII,8829882210,PARI,TSpirit,TSpirit,destroy,nevermore,2472,4825,league_roster,Have fun,storm_spirit,2621,4670,league_roster,strafe instructor,axe,2221,3907,league_roster,Pele,skywrath_mage,940,1463,league_roster,V݂,treant,1000,2012,league_roster,1.1,drow_ranger,2199,4192,league_roster,London+G,primal_beast,2015,3739,league_roster,f,batrider,1869,3186,league_roster,w:,lion,774,1342,league_roster,123,rattletrap,879,1279,league_roster
19101,BLAST Slam VII,8829902323,TY,GLYPH,TY,arima-,clinkz,2937,4969,league_roster,@;,snapfire,2769,4490,league_roster,bangkok,lycan,2040,3764,league_roster,lostreak chicken,keeper_of_the_light,1246,1912,league_roster,; ],rattletrap,1402,1957,league_roster,TOXIC,windrunner,2845,4584,league_roster,追獵者,kunkka,2341,3836,league_roster,8,beastmaster,1810,3221,league_roster,Jota2,rubick,1218,2121,league_roster,mulhuu luvsan,venomancer,954,1466,league_roster
19101,BLAST Slam VII,8829947467,LGD,XG,LGD,9N,tiny,2275,4028,league_roster,PH,huskar,2345,4198,league_roster,@z@,shredder,1542,3602,league_roster,q,techies,1368,2246,league_roster,марсианин,bane,821,1185,league_roster,`f,lone_druid,3213,4736,league_roster,NothingToSay,sniper,2618,4829,league_roster,J,axe,2901,4366,league_roster,其疾如风,hoodwink,1007,1662,league_roster,lavie,lich,964,1434,league_roster
19101,BLAST Slam VII,8829947329,Aurora,OG,Aurora,̟,phantom_lancer,2539,4209,league_roster,,storm_spirit,2363,4197,league_roster,^,axe,2261,3352,league_roster,tweekin',rattletrap,808,1453,league_roster,save丶nic,phoenix,816,1742,league_roster,),drow_ranger,3071,5274,league_roster,Rasmus?,pangolier,2005,4189,league_roster,∩ (◣_◢) ∩,doom_bringer,2472,3713,league_roster,CZTS3,lion,894,1328,league_roster,mamba24,treant,857,1463,league_roster
19101,BLAST Slam VII,8830011623,FLCN,BB,BB,I m Going To Be The Best Carry,windrunner,2488,4384,league_roster,,pangolier,2572,4327,league_roster,Darkness,viper,2513,4172,league_roster,Cr1t-,lion,934,1614,league_roster,jCV,chen,993,1629,league_roster,Naruto~,kez,2545,4277,league_roster,lorenof mindset,puck,2369,4071,league_roster,N,centaur,2361,4563,league_roster,pD,mirana,884,1952,league_roster,W,bane,1079,1861,league_roster
19101,BLAST Slam VII,8830022703,PARI,Liquid,PARI,"@""",kez,2067,3995,league_roster,,viper,3087,5240,league_roster,,beastmaster,2081,3650,league_roster,Pele,keeper_of_the_light,968,1454,league_roster,df,lich,675,1410,league_roster,"G,",drow_ranger,2695,4050,league_roster,мусор,storm_spirit,1841,3709,league_roster,50centaur,doom_bringer,2444,3654,league_roster,Boxi,wisp,1073,1614,league_roster,tOfu,treant,1200,1365,league_roster
19101,BLAST Slam VII,8830092075,TSpirit,OG,TSpirit,1.1,necrolyte,2491,4012,league_roster,@9,pangolier,2533,4029,league_roster,pos3jungler,doom_bringer,2254,4008,league_roster,w:,lion,663,1434,league_roster,|W,tusk,764,1390,league_roster,>>>>>>>><<<<<<<<<,vengefulspirit,2311,3700,league_roster,Rasmus?,puck,2285,3657,league_roster,∩ (◣_◢) ∩,axe,2308,3720,league_roster,CZTS3,dark_willow,1335,1604,league_roster,mamba24,winter_wyvern,765,1070,league_roster
19101,BLAST Slam VII,8830097448,GLYPH,Tundra,Tundra,#V,nevermore,2558,4716,league_roster,追獵者,ember_spirit,2026,3935,league_roster,wsm,snapfire,2051,3146,league_roster,nf3,rubick,990,1574,league_roster,@\T,tusk,644,1201,league_roster,lost in the world,templar_assassin,2730,5144,league_roster,cortado,puck,2077,2963,league_roster,not human (животное),doom_bringer,2310,3640,league_roster,'|,lion,941,1230,league_roster,PIyT,techies,898,1452,league_roster
19101,BLAST Slam VII,8830175194,XG,Aurora,Aurora,SY,tiny,1898,4049,league_roster,W,storm_spirit,2811,4213,league_roster,¿,dawnbreaker,2026,3435,league_roster,其疾如风,keeper_of_the_light,1511,2348,league_roster,3,phoenix,637,957,league_roster,,furion,2575,4457,league_roster,Katanaa,ember_spirit,2710,4206,league_roster,Shenorita`,axe,2467,3974,league_roster,tweekin',rattletrap,956,1777,league_roster,P,hoodwink,1417,1892,league_roster
19101,BLAST Slam VII,8830280454,PARI,FLCN,PARI,PjJY,nevermore,2462,4562,league_roster,Have fun,storm_spirit,2530,4684,league_roster,,axe,2666,5190,league_roster,MD,skywrath_mage,937,1498,league_roster,Dukalis,witch_doctor,1108,1730,league_roster,I m Going To Be The Best Carry,vengefulspirit,1572,3173,league_roster,@f,snapfire,2481,3480,league_roster,Darkness,mars,2071,3735,league_roster,Cr1t-,rattletrap,1195,1620,league_roster,Sneyking,phoenix,1039,1386,league_roster
19101,BLAST Slam VII,8830206341,LGD,TY,LGD,E1,gyrocopter,2990,5366,league_roster,0T,furion,3242,5745,league_roster,Wisper,snapfire,2314,4327,league_roster,T,windrunner,901,1927,league_roster,марсианин,axe,1287,1931,league_roster,arima-,nevermore,2780,4897,league_roster,J,viper,1985,3562,league_roster,bangkok,beastmaster,1845,3446,league_roster,lostreak chicken,keeper_of_the_light,696,1331,league_roster,,winter_wyvern,935,1773,league_roster
19101,BLAST Slam VII,8830423116,BB,GLYPH,BB,0,monkey_king,2925,4774,league_roster,lorenof mindset,queenofpain,2352,4091,league_roster,Badwater,largo,2406,3935,league_roster,yo terase mugen tsukuyomi,lion,718,1143,league_roster,"`""Е",winter_wyvern,878,1478,league_roster,TOXIC,windrunner,2544,4493,league_roster,追獵者,storm_spirit,1975,3667,league_roster,wsm,omniknight,1728,2603,league_roster,8333,techies,1326,1657,league_roster,mulhuu luvsan,phoenix,773,1379,league_roster
19101,BLAST Slam VII,8830442388,LGD,Tundra,LGD,Yuma,drow_ranger,3077,5254,league_roster,,puck,2273,3537,league_roster,,largo,2033,3460,league_roster,,hoodwink,1130,1781,league_roster,^,treant,1163,1693,league_roster,ׂ,nevermore,2169,4436,league_roster,cortado,pangolier,2786,4823,league_roster,not human (животное),tidehunter,1610,3135,league_roster,Arianka,keeper_of_the_light,1074,1987,league_roster,NongMon,lion,676,1378,league_roster
19101,BLAST Slam VII,8830529631,Liquid,OG,Liquid,yondaime,drow_ranger,3157,4996,league_roster,мусор,necrolyte,2830,4973,league_roster,50centaur,slardar,2188,3368,league_roster,Pk,hoodwink,1127,1579,league_roster,tOfu,bane,1013,1404,league_roster,>>>>>>>><<<<<<<<<,phantom_lancer,2414,4138,league_roster,Rasmus?,pangolier,1840,2902,league_roster,∩ (◣_◢) ∩,shredder,1575,3104,league_roster,I,lion,1205,1664,league_roster,mamba24,chen,1201,1654,league_roster
19101,BLAST Slam VII,8831470213,TSpirit,OG,TSpirit,1.1,tiny,2385,4027,league_roster,London+G,queenofpain,2246,4083,league_roster,pn,largo,2874,5062,league_roster,w:,rattletrap,1092,1749,league_roster,123,hoodwink,879,1523,league_roster,>>>>>>>><<<<<<<<<,windrunner,2216,3698,league_roster,p=,storm_spirit,2095,3359,league_roster,∩ (◣_◢) ∩,doom_bringer,2341,4200,league_roster,CZTS3,rubick,1206,1823,league_roster,mamba24,treant,1277,1585,league_roster
19101,BLAST Slam VII,8831470350,Aurora,Tundra,Tundra,mode: m0NESY,windrunner,2502,4348,league_roster,Katanaa,pangolier,2500,4381,league_roster,Shenorita`,shredder,1427,2132,league_roster,tweekin',nyx_assassin,1107,1697,league_roster,_,hoodwink,1309,2184,league_roster,lost in the world,ursa,3028,5006,league_roster,cortado,ember_spirit,2550,4237,league_roster,not human (животное),largo,2373,3546,league_roster,Arianka,keeper_of_the_light,812,1782,league_roster,NongMon,lich,1163,1761,league_roster
19101,BLAST Slam VII,8831571711,OG,TSpirit,TSpirit,>>>>>>>><<<<<<<<<,kez,2345,4466,league_roster,Rasmus?,shredder,2313,4105,league_roster,∩ (◣_◢) ∩,lycan,1586,2732,league_roster,CZTS3,tusk,874,1636,league_roster,mamba24,bane,736,1315,league_roster,1.1,drow_ranger,2691,4774,league_roster,London+G,ember_spirit,2423,3968,league_roster,pos3jungler,tidehunter,2302,4088,league_roster,w:,ringmaster,514,925,league_roster,@J%|,treant,1523,2086,league_roster
19101,BLAST Slam VII,8831571549,Aurora,Tundra,Aurora,mode: m0NESY,alchemist,2823,5088,league_roster,Katanaa,queenofpain,2456,4372,league_roster,Shenorita`,dawnbreaker,1850,3535,league_roster,`Ի,rattletrap,1271,2084,league_roster,save丶nic,lion,689,1083,league_roster,E~u,dragon_knight,2405,3748,league_roster,cortado,storm_spirit,2121,3206,league_roster,not human (животное),beastmaster,2379,3799,league_roster,Arianka,hoodwink,1211,1691,league_roster,NongMon,phoenix,975,1199,league_roster
19101,BLAST Slam VII,8831663527,TSpirit,TY,TY,1.1,nevermore,2446,4908,league_roster,London+G,ember_spirit,2199,3401,league_roster,pos3jungler,largo,2460,4532,league_roster,=8,lion,1111,1538,league_roster,123,tusk,951,1682,league_roster,arima-,templar_assassin,2164,3660,league_roster,Z,invoker,2508,4137,league_roster,bangkok,abyssal_underlord,1821,3193,league_roster,lostreak chicken,rubick,759,1399,league_roster,3,rattletrap,1445,2093,league_roster
19101,BLAST Slam VII,8831674830,Aurora,Tundra,Aurora,e,nevermore,3087,5347,league_roster,Katanaa,windrunner,2933,4347,league_roster,P,axe,1683,3060,league_roster,tweekin',rattletrap,1115,1601,league_roster,save丶nic,hoodwink,692,1131,league_roster,),necrolyte,3639,6194,league_roster,cortado,monkey_king,2190,3317,league_roster,not human (животное),brewmaster,1395,2310,league_roster,Arianka,lion,1025,1626,league_roster,w,phoenix,874,1850,league_roster
19101,BLAST Slam VII,8831810450,TY,TSpirit,TY,,lone_druid,2687,4558,league_roster,CHIRA_JUNIOR,furion,2778,5061,league_roster,,axe,2866,4680,league_roster,lostreak chicken,rubick,1299,2028,league_roster,; ],bane,1326,1715,league_roster,1.1,alchemist,2435,5123,league_roster,,viper,2542,3519,league_roster,pos3jungler,pangolier,1822,3571,league_roster,w:,techies,823,1133,league_roster,123,hoodwink,797,1511,league_roster
19101,BLAST Slam VII,8831817474,Liquid,Aurora,Aurora,yondaime,life_stealer,2158,4188,league_roster,мусор,pangolier,2666,4258,league_roster,50centaur,dawnbreaker,2200,3558,league_roster,Boxi,lion,1026,1383,league_roster,P,silencer,1094,1537,league_roster,,windrunner,2315,4588,league_roster,`H,puck,2991,4988,league_roster,Shenorita`,axe,2379,4178,league_roster,tweekin',hoodwink,1005,1959,league_roster,save丶nic,phoenix,1132,2347,league_roster
19101,BLAST Slam VII,8831927547,Aurora,Liquid,Aurora,mode: m0NESY,phantom_lancer,2264,4007,league_roster,Katanaa,windrunner,2080,3705,league_roster,Z,axe,2158,3728,league_roster,tweekin',lion,957,1284,league_roster,G;,winter_wyvern,781,1411,league_roster,,drow_ranger,3080,4876,league_roster,,void_spirit,2004,3921,league_roster,50centaur,slardar,2039,3872,league_roster,Boxi,techies,993,1660,league_roster,tOfu,treant,867,1464,league_roster
19101,BLAST Slam VII,8837869969,Aurora,TY,TY,k o,terrorblade,2695,4535,league_roster,Katanaa,queenofpain,2456,4430,league_roster,Shenorita`,axe,2900,4356,league_roster,,hoodwink,966,1545,league_roster,"`,l",enchantress,1043,1518,league_roster,b,templar_assassin,1764,3883,league_roster,CHIRA_JUNIOR,ember_spirit,2917,4065,league_roster,b,slardar,1883,3100,league_roster,b,snapfire,1072,1590,league_roster,b,rattletrap,997,1345,league_roster
19101,BLAST Slam VII,8837957019,TY,Aurora,TY,arima-,tiny,2743,4938,league_roster,0r;,invoker,2065,4503,league_roster,bangkok,shredder,2310,3522,league_roster,,snapfire,862,1222,league_roster,; ],winter_wyvern,873,1913,league_roster,,ursa,2687,4833,league_roster,Q,queenofpain,3044,4644,league_roster,`x̲,axe,1880,3939,league_roster,hj,lion,1054,1979,league_roster,`+3,enchantress,999,1774,league_roster
19101,BLAST Slam VII,8838056564,FLCN,Liquid,FLCN,I m Going To Be The Best Carry,alchemist,2399,4649,league_roster,Mercury,ember_spirit,2743,4232,fallback_lh5,Marlin,necrolyte,2674,4167,league_roster,?,lion,1153,1721,league_roster,Sneyking,phoenix,733,1434,league_roster,yondaime,tiny,2214,3936,league_roster,мусор,puck,2807,4265,league_roster,50centaur,snapfire,2221,3783,league_roster,Boxi,pudge,962,1390,league_roster,tOfu,furion,1172,1977,league_roster
19101,BLAST Slam VII,8838170936,FLCN,Liquid,FLCN,I m Going To Be The Best Carry,drow_ranger,2427,3749,league_roster,Mercury,ember_spirit,2342,4305,fallback_lh5,Marlin,abyssal_underlord,2212,3807,league_roster,Cr1t-,lion,1063,1910,league_roster,Sneyking,phoenix,1101,1969,league_roster,yondaime,tiny,2501,4763,league_roster,мусор,invoker,2366,4096,league_roster,50centaur,dawnbreaker,2615,3799,league_roster,Boxi,tusk,1033,1213,league_roster,tOfu,hoodwink,1042,1638,league_roster
19101,BLAST Slam VII,8838303336,LGD,TY,TY,@Q,alchemist,2319,4471,league_roster,a,shredder,2210,3476,league_roster,Wisper,largo,1831,3012,league_roster,Rita,windrunner,1114,1648,league_roster,марсианин,bane,780,1129,league_roster,arima-,drow_ranger,2568,4223,league_roster,CHIRA_JUNIOR,death_prophet,2814,5269,league_roster,bangkok,doom_bringer,3003,5431,league_roster,lostreak chicken,rubick,904,1874,league_roster,; ],rattletrap,1265,2072,league_roster
19101,BLAST Slam VII,8838396820,TY,LGD,LGD,arima-,windrunner,2358,4191,league_roster,CHIRA_JUNIOR,void_spirit,2764,4004,league_roster,bangkok,largo,2286,3630,league_roster,*5,rubick,1118,1754,league_roster,; ],treant,1513,2053,league_roster,Yuma,kez,2526,4272,league_roster,a,puck,2162,4422,league_roster,Wisper,batrider,1846,3416,league_roster,@d%,hoodwink,1422,1880,league_roster,марсианин,bane,1054,1901,league_roster
19101,BLAST Slam VII,8838480778,LGD,TY,TY,Yuma,tiny,2298,4170,league_roster,@,puck,2415,3937,league_roster,,snapfire,1948,3590,league_roster,Rita,windrunner,1169,1873,league_roster,марсианин,winter_wyvern,732,1244,league_roster,arima-,kez,2141,4020,league_roster,CHIRA_JUNIOR,slardar,2618,3787,league_roster,/,doom_bringer,2418,4458,league_roster,p#,keeper_of_the_light,1316,2104,league_roster,; ],rattletrap,1042,1430,league_roster
19101,BLAST Slam VII,8839123109,FLCN,BB,BB,I m Going To Be The Best Carry,drow_ranger,2508,4814,league_roster,Mercury,slardar,2048,3748,fallback_lh5,Marlin,necrolyte,2089,4415,league_roster,r,lion,699,1123,league_roster,,phoenix,649,1496,league_roster,|3,lone_druid,2854,4054,league_roster,p,puck,2667,4303,league_roster,Badwater,undying,2540,3792,league_roster,yo terase mugen tsukuyomi,shadow_demon,1151,1657,league_roster,4X4,treant,1336,1955,league_roster
19101,BLAST Slam VII,8839193447,FLCN,BB,BB,I m Going To Be The Best Carry,drow_ranger,2080,3587,league_roster,Mercury,death_prophet,2918,4394,fallback_lh5,Marlin,tidehunter,2054,4076,league_roster,Cr1t-,lion,906,1571,league_roster,Sneyking,enchantress,1255,1630,league_roster,Naruto~,lone_druid,3059,4903,league_roster,y,puck,2210,4578,league_roster,Badwater,undying,2324,4150,league_roster,\,mirana,1431,2466,league_roster,4X4,treant,1098,1856,league_roster
19101,BLAST Slam VII,8839284303,Liquid,LGD,LGD,yondaime,lone_druid,2968,5120,league_roster,мусор,primal_beast,2370,4084,league_roster,50centaur,snapfire,2161,3575,league_roster,pyo,rattletrap,781,1457,league_roster,tOfu,witch_doctor,919,1209,league_roster,Yuma,drow_ranger,2469,4784,league_roster,a,puck,2652,4818,league_roster,D,shredder,1511,2826,league_roster,,hoodwink,622,1317,league_roster,марсианин,omniknight,1065,1596,league_roster
19101,BLAST Slam VII,8839366504,Liquid,LGD,LGD,yondaime,drow_ranger,3087,5143,league_roster,мусор,slardar,2414,4263,league_roster,oRb WaLk ),dawnbreaker,2324,3829,league_roster,Boxi,lion,1090,1668,league_roster,tOfu,omniknight,1147,1586,league_roster,P2,naga_siren,2483,4322,league_roster,a,puck,2666,4183,league_roster,Wisper,dark_seer,2120,3491,league_roster,2,rattletrap,1273,1752,league_roster,@2,phoenix,1069,1557,league_roster
19101,BLAST Slam VII,8839494962,Aurora,FLCN,FLCN,p2.,windrunner,2415,4333,league_roster,Katanaa,storm_spirit,2804,5073,league_roster,l%,dawnbreaker,2577,3892,league_roster,x,lion,1021,1664,league_roster,save丶nic,warlock,1257,1894,league_roster,I m Going To Be The Best Carry,tiny,2602,4603,league_roster,Mercury,keeper_of_the_light,2418,4064,fallback_lh5,Marlin,bristleback,2523,3895,league_roster,,rattletrap,928,1513,league_roster,Sneyking,bane,1139,1730,league_roster
19101,BLAST Slam VII,8839625815,FLCN,Aurora,Aurora,04,chaos_knight,2156,3435,league_roster,Mercury,ember_spirit,1549,2563,fallback_lh5,Marlin,razor,2618,4608,league_roster,Py,hoodwink,806,1207,league_roster,Ѝ[,silencer,919,1616,league_roster,mode: m0NESY,windrunner,3103,5327,league_roster,Katanaa,viper,2333,3695,league_roster,,doom_bringer,2319,4262,league_roster,tweekin',lion,1071,1499,league_roster,@v,bane,1508,2064,league_roster
19101,BLAST Slam VII,8839717574,Aurora,FLCN,Aurora,J,windrunner,2309,3983,league_roster,Katanaa,storm_spirit,3366,5097,league_roster,Shenorita`,pangolier,1706,3458,league_roster,tweekin',hoodwink,978,1912,league_roster,3,ancient_apparition,1360,2426,league_roster,I m Going To Be The Best Carry,life_stealer,3052,5142,league_roster,Mercury,keeper_of_the_light,2142,3212,fallback_lh5,`,mars,1997,3305,league_roster,Cr1t-,rattletrap,944,1561,league_roster,Sneyking,chen,903,1920,league_roster
19101,BLAST Slam VII,8840635639,BB,TY,BB,Naruto~,kez,1910,3999,league_roster,)ہ,ember_spirit,1923,2947,league_roster,@e,largo,1889,3098,league_roster,yo terase mugen tsukuyomi,hoodwink,675,1284,league_roster,v8,treant,979,1272,league_roster,arima-,drow_ranger,2220,4341,league_roster,CHIRA_JUNIOR,snapfire,2738,4517,league_roster,bangkok,axe,2741,4866,league_roster,lostreak chicken,windrunner,1411,2375,league_roster,; ],lich,832,1622,league_roster
19101,BLAST Slam VII,8840704374,TY,BB,TY,rT,furion,2329,4771,league_roster,CHIRA_JUNIOR,invoker,2548,4611,league_roster,bangkok,doom_bringer,2047,3736,league_roster,p;rT,snapfire,1051,2010,league_roster,:rT,treant,1176,1949,league_roster,Naruto~,windrunner,2298,3983,league_roster,lorenof mindset,storm_spirit,2530,4104,league_roster,Badwater,undying,2482,3495,league_roster,yo terase mugen tsukuyomi,lion,1028,1465,league_roster,4X4,rattletrap,985,1684,league_roster
19101,BLAST Slam VII,8840821227,BB,TY,TY,Naruto~,kez,2403,4063,league_roster,lorenof mindset,kunkka,2834,4807,league_roster,Badwater,axe,3213,5418,league_roster,yo terase mugen tsukuyomi,mirana,1463,2092,league_roster,4X4,winter_wyvern,1151,1623,league_roster,`,templar_assassin,2699,4544,league_roster,CHIRA_JUNIOR,invoker,1874,3468,league_roster,bangkok,enigma,2224,4005,league_roster,,snapfire,1160,1577,league_roster,`,treant,1315,2086,league_roster
19101,BLAST Slam VII,8840984097,LGD,Aurora,Aurora,Yuma,tiny,2351,3452,league_roster,O%,sniper,2705,4843,league_roster,Wisper,shredder,1695,3233,league_roster,Rita,techies,973,1861,league_roster,марсианин,hoodwink,851,1480,league_roster,mode: m0NESY,lone_druid,2839,4871,league_roster,Katanaa,ember_spirit,1618,3198,league_roster,Shenorita`,abyssal_underlord,2594,4468,league_roster,tweekin',lion,1113,1509,league_roster,save丶nic,phoenix,1257,1609,league_roster
19101,BLAST Slam VII,8841114801,Aurora,LGD,LGD,mode: m0NESY,tiny,2345,4536,league_roster,Katanaa,storm_spirit,1506,2730,league_roster,Shenorita`,largo,2340,3442,league_roster,tweekin',rubick,1032,1285,league_roster,save丶nic,phoenix,991,1440,league_roster,Yuma,sven,2501,5125,league_roster,a,viper,2759,4526,league_roster,Wisper,batrider,2664,4406,league_roster,Rita,grimstroke,1079,2091,league_roster,марсианин,axe,1134,1303,league_roster
19101,BLAST Slam VII,8841231956,Aurora,LGD,LGD,pҝ,tiny,2564,4390,league_roster,Katanaa,windrunner,2404,4194,league_roster,Shenorita`,largo,2086,3187,league_roster,tweekin',hoodwink,1094,1530,league_roster,save丶nic,ancient_apparition,993,1461,league_roster,Yuma,vengefulspirit,2356,3926,league_roster,a,zuus,3298,5045,league_roster,Wisper,beastmaster,1948,3492,league_roster,Q,grimstroke,1056,1613,league_roster,марсианин,bane,491,1110,league_roster
19101,BLAST Slam VII,8842052142,LGD,BB,LGD,D,drow_ranger,2445,4627,league_roster,PD,viper,2606,4533,league_roster,Wisper,batrider,2093,4011,league_roster,Rita,spirit_breaker,1160,2043,league_roster,8̝,winter_wyvern,1309,1764,league_roster,<ҝ,kez,2501,4641,league_roster,lorenof mindset,queenofpain,1517,2439,league_roster,5,largo,2118,3545,league_roster,yo terase mugen tsukuyomi,hoodwink,1305,2015,league_roster,<ҝ,lich,1217,1824,league_roster
19101,BLAST Slam VII,8842134886,BB,LGD,BB,Naruto~,drow_ranger,2858,4998,league_roster,lorenof mindset,slardar,2618,4291,league_roster,Badwater,enigma,2309,4479,league_roster,yo terase mugen tsukuyomi,shadow_demon,1191,1842,league_roster,l,winter_wyvern,857,1209,league_roster,Yuma,kez,2511,4009,league_roster,a,viper,2724,4808,league_roster,Wisper,dark_seer,2017,3981,league_roster,,spirit_breaker,1273,2151,league_roster,марсианин,furion,1130,2101,league_roster
19101,BLAST Slam VII,8842245726,BB,LGD,LGD,Naruto~,terrorblade,2859,4360,league_roster,lorenof mindset,slardar,3013,4327,league_roster,Badwater,largo,2334,4060,league_roster,yo terase mugen tsukuyomi,keeper_of_the_light,1217,1593,league_roster,4X4,treant,1247,1932,league_roster,Yuma,kez,2421,3954,league_roster,a,puck,2380,4247,league_roster,U۟,shredder,2156,3411,league_roster,Rita,shadow_demon,1071,2336,league_roster,`ş,rattletrap,933,1779,league_roster
19101,BLAST Slam VII,8842468101,TY,LGD,TY,arima-,furion,3001,4662,league_roster,CHIRA_JUNIOR,monkey_king,1767,3108,league_roster,bangkok,lycan,2144,3836,league_roster,pE,keeper_of_the_light,1424,1968,league_roster,; ],treant,1637,2369,league_roster,Yuma,drow_ranger,2318,4025,league_roster,Pm,largo,2447,4172,league_roster,Wisper,tidehunter,2324,4850,league_roster,̵H,hoodwink,1372,2194,league_roster,@U,bane,718,1379,league_roster
19101,BLAST Slam VII,8842596730,LGD,TY,TY,Yuma,nevermore,2170,3907,league_roster,a,slardar,2671,4375,league_roster,Wisper,shredder,2630,4379,league_roster,Rita,shadow_shaman,1250,2275,league_roster,e,rattletrap,962,1364,league_roster,arima-,templar_assassin,2196,4325,league_roster,0y(,invoker,1956,2396,league_roster,bangkok,doom_bringer,3077,5048,league_roster,lostreak chicken,rubick,1029,1837,league_roster,; ],treant,1273,1670,league_roster
19101,BLAST Slam VII,8842722527,TY,LGD,LGD,arima-,nevermore,3454,6365,league_roster,@,death_prophet,2528,4801,league_roster,`,undying,2379,4526,league_roster,lostreak chicken,keeper_of_the_light,1031,1895,league_roster,C,bane,1215,2062,league_roster,Yuma,naga_siren,1967,3468,league_roster,"P""",storm_spirit,2362,3449,league_roster,Wisper,dark_seer,2208,3359,league_roster,Rita,spirit_breaker,1250,1855,league_roster,марсианин,treant,1227,1920,league_roster
19101,BLAST Slam VII,8842845018,TY,LGD,TY,arima-,nevermore,2840,5231,league_roster,CHIRA_JUNIOR,storm_spirit,2153,3789,league_roster,bangkok,necrolyte,3187,5374,league_roster,lostreak chicken,furion,1364,1977,league_roster,; ],rattletrap,1668,2356,league_roster,Pwq,naga_siren,1524,2602,league_roster,a,queenofpain,2353,3993,league_roster,Wisper,shredder,1561,2494,league_roster,Rita,hoodwink,1026,2150,league_roster,марсианин,bane,918,1117,league_roster
18988,DreamLeague Season 27,8598614413,BetBoom,RT,BetBoom,освобождение,ursa,2600,4930,league_roster,mirele~,dragon_knight,2804,4638,league_roster,Passion,legion_commander,2204,3952,league_roster,this reality is a hell.,hoodwink,1257,1603,league_roster,g4d,naga_siren,1255,1753,league_roster,голод,juggernaut,2297,4054,league_roster,#,sand_king,1967,3128,league_roster,transurfing,pangolier,2351,3703,league_roster,101,snapfire,1273,1661,league_roster,-,warlock,990,1463,league_roster
18988,DreamLeague Season 27,8598616570,OG,TT,OG,simply lovely,dragon_knight,2557,4880,league_roster,Rasmus?,pangolier,2661,4151,league_roster,Money For Nothing,bristleback,2306,4224,fallback_lh5,"""",snapfire,1028,1636,league_roster,pressure,keeper_of_the_light,1373,2192,league_roster,Roselia,juggernaut,2694,4675,league_roster,Nikaidō^HirO,sand_king,2457,4313,fallback_lh5,龍,centaur,2295,4348,fallback_lh5,镜,ringmaster,1113,2365,fallback_lh5,ؔ,enchantress,982,1529,league_roster
18988,DreamLeague Season 27,8598618322,1w,TSpirit,TSpirit,pain t prince,terrorblade,2809,4825,fallback_lh5,17.yngxiaojaostxr,storm_spirit,2758,5033,league_roster,something wrong,mars,1888,3345,league_roster,мусор,tusk,1166,2022,league_roster,munkusi~,dazzle,1260,1907,league_roster,1,kez,2566,4379,league_roster,),leshrac,2129,4109,league_roster,bruno,centaur,2186,4178,league_roster,yi/,shadow_demon,961,1595,fallback_lh5,sustain,ancient_apparition,1038,1659,league_roster
18988,DreamLeague Season 27,8598615034,Liquid,NMSS,NMSS,yondaime,kez,2653,4558,league_roster,h,storm_spirit,1983,3081,league_roster,Ô,shredder,1907,3511,league_roster,Boxi,lion,849,1664,league_roster,tOfu,snapfire,684,1497,league_roster,Captain Snowball prime,ursa,2797,4611,fallback_lh5,4nalog,queenofpain,2249,3503,league_roster,x,mars,1905,3009,fallback_lh5,quest,shadow_demon,811,1924,league_roster,AYYAYAYAYA,pugna,809,1642,league_roster
18988,DreamLeague Season 27,8598682516,BetBoom,RT,BetBoom,освобождение,juggernaut,2915,4947,league_roster,mirele~,beastmaster,2751,4931,league_roster,Passion,dazzle,2738,4734,league_roster,,ringmaster,1249,1868,league_roster,sp5der,naga_siren,1414,2336,league_roster,голод,ursa,2541,4289,league_roster,просто балуюсь,batrider,2749,4336,league_roster,,centaur,1813,3066,league_roster,101,snapfire,853,1652,league_roster,-,chen,1058,1896,league_roster
18988,DreamLeague Season 27,8598681318,OG,TT,OG,simply lovely,gyrocopter,2902,5080,league_roster,Rasmus?,pangolier,2476,4353,league_roster,Money For Nothing,mars,2374,3664,fallback_lh5,ukininam,muerta,1279,2328,league_roster,pressure,bane,783,1194,league_roster,Roselia,medusa,2313,3886,league_roster,Nikaidō^HirO,leshrac,2957,4332,fallback_lh5,龍,centaur,2205,4049,fallback_lh5,镜,rubick,606,1159,fallback_lh5,May thy knife chip and shatter,tusk,470,1115,league_roster
18988,DreamLeague Season 27,8598695323,TSpirit,1w,TSpirit,1,kez,2892,5069,league_roster,RUEINA,queenofpain,2259,4409,league_roster,bruno,axe,2737,5126,league_roster,sustain,jakiro,1066,1780,fallback_lh5,123,nyx_assassin,1240,2069,league_roster,pain t prince,juggernaut,2673,4928,fallback_lh5,17.yngxiaojaostxr,puck,2432,4046,league_roster,something wrong,centaur,2080,3555,league_roster,мусор,batrider,867,1198,league_roster,munkusi~,chen,1027,1756,league_roster
18988,DreamLeague Season 27,8598716877,NMSS,Liquid,Liquid,Captain Snowball prime,ursa,2698,4860,fallback_lh5,4nalog,storm_spirit,2292,4670,league_roster,"e,",mars,1446,3019,fallback_lh5,quest,batrider,712,1609,league_roster,AYYAYAYAYA,dazzle,956,1338,league_roster,yondaime,dragon_knight,3080,5106,league_roster,",",ember_spirit,2327,3932,league_roster,B[,slardar,2061,3690,league_roster,Boxi,rattletrap,1382,2003,league_roster,tOfu,warlock,912,1375,league_roster
18988,DreamLeague Season 27,8598808366,Liquid,NMSS,Liquid,yondaime,templar_assassin,2480,4537,league_roster,^,shredder,2719,4979,league_roster,50centaur,pangolier,2412,4005,league_roster,Boxi,tusk,952,1306,league_roster,tOfu,ringmaster,842,1698,league_roster,Captain Snowball prime,morphling,2472,4664,fallback_lh5,4nalog,slardar,2288,3389,league_roster,(+,abaddon,2407,4281,fallback_lh5,quest,skywrath_mage,994,2057,league_roster,AYYAYAYAYA,jakiro,797,1774,league_roster
18988,DreamLeague Season 27,8598883977,MOUZ,PIPS4,MOUZ,ad hominem passive agressiveness,gyrocopter,2394,4672,league_roster,BOGDANOV IS BACK,nevermore,2330,4851,league_roster,pja,pangolier,2964,4631,league_roster,mid two,tusk,1505,2202,league_roster,Seleri,chen,907,1782,fallback_lh5,GURO XERXEULIDZE,juggernaut,2868,4559,fallback_lh5,1007E5,puck,2600,4201,league_roster,Yayo,axe,2212,3878,league_roster,20 min timing,hoodwink,1204,1927,league_roster,きだろ,shadow_demon,1018,1653,league_roster
18988,DreamLeague Season 27,8598861477,PassionUA,FLCN,FLCN,Again and again,dragon_knight,2436,4586,fallback_lh5,Crystallize,weaver,2160,3183,fallback_lh5,GAMBOT-PARIS,mars,1961,3791,league_roster,крекер,snapfire,1035,1881,fallback_lh5,get better,ringmaster,748,1484,fallback_lh5,BLAST 2-5 33 blueprint,ursa,2591,3748,league_roster,Буська,sand_king,2546,4606,league_roster,SumaoKy-,doom_bringer,2926,4949,league_roster,0E,hoodwink,1109,1718,league_roster,Sneyking,jakiro,871,1285,league_roster
18988,DreamLeague Season 27,8598918355,TY,VP,TY,Narumi,gyrocopter,2508,3965,league_roster,r,nevermore,2329,3660,league_roster,strafe instructor,mars,2454,4227,league_roster,lostreak chicken,windrunner,1010,1533,league_roster,John Pork,tusk,1059,1631,league_roster,hide in bush,terrorblade,2666,3999,league_roster,hamilton,void_spirit,2053,3203,league_roster,Bingbong,centaur,1816,3123,league_roster,Hellscream,ringmaster,1077,1904,league_roster,yeehaw,shadow_demon,842,1443,league_roster
18988,DreamLeague Season 27,8598888081,Aurora,NAVI,NAVI,@tU,abaddon,2693,3918,league_roster,darksystem,dragon_knight,3174,5215,league_roster,∩ (◣_◢) ∩,primal_beast,2018,4637,league_roster,$U,tusk,983,1759,league_roster,$U,disruptor,711,1700,fallback_lh5,,gyrocopter,2910,5041,league_roster,xxx,storm_spirit,2292,4465,league_roster,Liquid.Bot,mars,1865,3998,league_roster,3a9c,hoodwink,943,1815,league_roster,wabisabi,warlock,1355,2031,league_roster
18988,DreamLeague Season 27,8598982946,MOUZ,PIPS4,MOUZ,,abaddon,2765,4378,league_roster,BOGDANOV IS BACK,nevermore,2943,5452,league_roster,>,primal_beast,2130,3582,league_roster,mid two,pudge,1722,2469,league_roster,Seleri,pugna,1387,2337,fallback_lh5,GURO XERXEULIDZE,huskar,2820,4813,fallback_lh5,1007E5,storm_spirit,3338,4944,league_roster,Yayo,mars,2091,3479,league_roster,20 min timing,dazzle,1480,2093,league_roster,0ӊ,disruptor,1345,1909,league_roster
18988,DreamLeague Season 27,8598987393,PassionUA,FLCN,PassionUA,Again and again,viper,2250,4382,fallback_lh5,Crystallize,windrunner,2372,4057,fallback_lh5,GAMBOT-PARIS,tidehunter,1919,3410,league_roster,get better,hoodwink,1010,1684,fallback_lh5,крекер,pugna,1048,1941,fallback_lh5,0,abaddon,2217,4260,league_roster,Буська,huskar,2524,4114,league_roster,SumaoKy-,pangolier,2331,3951,league_roster,身正不怕影子斜,tusk,1169,2004,league_roster,Sneyking,enchantress,964,1289,league_roster
18988,DreamLeague Season 27,8599036653,VP,TY,TY,hide in bush,ursa,2853,5311,league_roster,hamilton,slardar,2268,2858,league_roster,,tidehunter,1803,2802,league_roster,Hellscream,leshrac,1257,1779,league_roster,yeehaw,warlock,874,1462,league_roster,Narumi,troll_warlord,3548,5405,league_roster,CHIRA_JUNIOR,dragon_knight,3183,5278,league_roster,strafe instructor,mars,2678,4756,league_roster,P,shadow_demon,973,2315,league_roster,絕,tusk,1290,2019,league_roster
18988,DreamLeague Season 27,8599091798,PassionUA,FLCN,FLCN,Again and again,primal_beast,2016,3550,fallback_lh5,Crystallize,dragon_knight,2002,3602,fallback_lh5,GAMBOT-PARIS,bristleback,2034,4000,league_roster,крекер,pugna,811,1645,fallback_lh5,get better,shadow_demon,1020,1897,fallback_lh5,dead inside ghoul,terrorblade,2528,4118,league_roster,Буська,pangolier,2439,4276,league_roster,SumaoKy-,doom_bringer,2535,4447,league_roster,身正不怕影子斜,hoodwink,953,1878,league_roster,Sneyking,jakiro,1001,2151,league_roster
18988,DreamLeague Season 27,8599037388,NAVI,Aurora,NAVI,x,gyrocopter,2734,5101,league_roster,xxx,invoker,2370,4289,league_roster,Liquid.Bot,tidehunter,1851,3291,league_roster,3a9c,snapfire,1021,1468,league_roster,wabisabi,naga_siren,766,1335,league_roster,bored,abaddon,2754,4717,league_roster,darksystem,leshrac,3191,5109,league_roster,∩ (◣_◢) ∩,earthshaker,2432,3651,league_roster,from behind,hoodwink,1292,2001,league_roster,x4,pugna,958,1938,fallback_lh5
18988,DreamLeague Season 27,8599202972,Tundra,AMG,Tundra,5ߔ,juggernaut,2520,4449,league_roster,BRUCE-,sand_king,2818,4974,league_roster,not human (животное),tidehunter,2171,4579,league_roster,Ari,batrider,1069,2313,league_roster,NongMon,jakiro,1171,2558,league_roster,SQADASQ,dragon_knight,2679,4247,league_roster,A,nevermore,2678,4028,league_roster,pma,beastmaster,2148,3876,fallback_lh5,81,pugna,807,1403,fallback_lh5,Night,hoodwink,1049,1847,fallback_lh5
18988,DreamLeague Season 27,8599208552,HEROIC,YB,HEROIC,&m,dragon_knight,2858,4553,league_roster,dandori expert,mars,2780,3983,fallback_lh5,Smasho,invoker,2352,4535,league_roster,`ps,rattletrap,1303,2256,league_roster,сознание,pugna,945,1276,league_roster,999,gyrocopter,2525,3826,fallback_lh5,哎呀,pangolier,2447,4263,fallback_lh5,godthunderzeus,axe,2646,4869,league_roster,peekaboo,batrider,1416,2283,fallback_lh5,风灵月影宗,tusk,1138,1590,fallback_lh5
18988,DreamLeague Season 27,8599219039,PV,GL,PV,@H詒,templar_assassin,2648,4610,league_roster,ilugmfimhu'rtb<317824,viper,2497,4539,league_roster,`#v,centaur,2054,3879,league_roster,Pele,pudge,1519,2423,league_roster,Dukalis,pugna,1187,1782,league_roster,fazbear combo,dragon_knight,2245,4573,fallback_lh5,)),void_spirit,2122,2992,league_roster,помойка,shredder,2309,4599,league_roster,Professor degree,spirit_breaker,950,1280,league_roster,Speeed,warlock,1209,1562,league_roster
18988,DreamLeague Season 27,8599203083,XG,NGX,XG,念头通达,medusa,2669,4510,league_roster,NothingToSay,tiny,2521,4512,league_roster,¿,pangolier,2333,3674,league_roster,其疾如风,shadow_demon,778,1279,league_roster,rei,jakiro,954,1551,league_roster,@\,weaver,2639,4202,league_roster,No!ob™,mars,2536,4174,league_roster,gh :-P,dragon_knight,2625,4524,fallback_lh5,bO,hoodwink,945,1571,league_roster,0\,pugna,1425,2165,league_roster
18988,DreamLeague Season 27,8599269948,AMG,Tundra,Tundra,SQADASQ,kez,2566,4881,league_roster,A,storm_spirit,2286,4327,league_roster,pma,mars,1937,3358,fallback_lh5,81,jakiro,1152,1813,fallback_lh5,Night,tusk,871,1669,fallback_lh5,Famous,void_spirit,2501,4094,league_roster,BRUCE-,dragon_knight,2633,4009,league_roster,0T,centaur,2378,4174,league_roster,Ari,shadow_demon,1055,1791,league_roster,NongMon,phoenix,1722,2358,league_roster
18988,DreamLeague Season 27,8599308014,NGX,XG,XG,@^q,ursa,2659,4577,league_roster,^q,mars,2414,3220,league_roster,`x,void_spirit,2561,3701,fallback_lh5,bO,ringmaster,1269,1379,league_roster,gh,jakiro,1349,1996,league_roster,,gyrocopter,2981,5954,league_roster,NothingToSay,pangolier,2576,3616,league_roster,¿,axe,2725,4643,league_roster,其疾如风,hoodwink,944,1812,league_roster,rei,tusk,918,1662,league_roster
18988,DreamLeague Season 27,8599300834,GL,PV,PV,fazbear combo,terrorblade,2303,4291,fallback_lh5,)),viper,2388,4692,league_roster,помойка,primal_beast,1693,2987,league_roster,Professor degree,batrider,1130,2109,league_roster,Speeed,chen,976,2000,league_roster,1:,abaddon,2983,4889,league_roster,ilugmfimhu'rtb<317824,queenofpain,2169,4041,league_roster,furion sup - afk,centaur,2692,4203,league_roster,Pele,skywrath_mage,1325,2146,league_roster,`:,warlock,1408,1992,league_roster
18988,DreamLeague Season 27,8599294530,HEROIC,YB,HEROIC,Yuma,troll_warlord,2832,4519,league_roster,dandori expert,viper,2780,4019,fallback_lh5,Smasho,enigma,1961,4147,league_roster,Chalise,tiny,995,1823,league_roster,сознание,pugna,1144,1753,league_roster,@,morphling,2910,4373,fallback_lh5,哎呀,dragon_knight,2428,4375,fallback_lh5,godthunderzeus,lycan,1858,3662,league_roster,风灵月影宗,disruptor,1071,1900,fallback_lh5,peekaboo,marci,964,1972,fallback_lh5
18988,DreamLeague Season 27,8599997748,1w,Aurora,1w,pain t prince,terrorblade,2736,4501,fallback_lh5,X,sand_king,2508,5477,league_roster,something wrong,axe,2473,4764,league_roster,мусор,hoodwink,1264,2348,league_roster,munkusi~,crystal_maiden,1166,1826,league_roster,c,phantom_lancer,2251,3805,league_roster,darksystem,dragon_knight,2720,4231,league_roster,{X,mars,2191,3829,league_roster,Y],ringmaster,971,1509,league_roster,0M4,naga_siren,878,1435,fallback_lh5
18988,DreamLeague Season 27,8599998293,NAVI,TSpirit,TSpirit,y0,faceless_void,2426,3382,league_roster,`0,ember_spirit,2100,3049,league_roster,Liquid.Bot,centaur,2130,3472,league_roster,4[,snapfire,799,1539,league_roster,!0,warlock,785,1235,league_roster,,kez,2573,4569,league_roster,`Y~,monkey_king,2454,3346,league_roster,p4n,primal_beast,2108,4577,league_roster,UZ,bounty_hunter,1124,2648,fallback_lh5,@,ringmaster,1520,2037,league_roster
18988,DreamLeague Season 27,8599992855,MOUZ,FLCN,FLCN,Ͽ>,gyrocopter,2517,4141,league_roster,BOGDANOV IS BACK,leshrac,2402,4197,league_roster,3>,pangolier,1769,3224,league_roster,mid two,pudge,1189,2188,league_roster,Seleri,warlock,1278,2395,fallback_lh5,H,terrorblade,2623,4045,league_roster,@c,slardar,2822,3633,league_roster,#,mars,2226,3913,league_roster,92,hoodwink,941,2106,league_roster,--,chen,1008,1560,league_roster
18988,DreamLeague Season 27,8599982169,VP,TT,VP,hide in bush,terrorblade,2747,4750,league_roster,hamilton,primal_beast,2209,4184,league_roster,А?,axe,2278,4112,league_roster,Hellscream,muerta,1166,1930,league_roster,yeehaw,jakiro,1053,2018,league_roster,`$,juggernaut,2964,5560,league_roster,Nikaidō^HirO,pangolier,2685,4168,fallback_lh5,龍,brewmaster,2060,4016,fallback_lh5,@}㩒,windrunner,953,1651,fallback_lh5,`,disruptor,1038,1651,league_roster
18988,DreamLeague Season 27,8600068614,MOUZ,FLCN,FLCN,pKn,abaddon,2179,3381,league_roster,BOGDANOV IS BACK,leshrac,2095,3534,league_roster,Kn,mars,1728,3415,league_roster,mid two,tusk,957,1663,league_roster,Seleri,dazzle,1017,1910,fallback_lh5,"`""Kn",terrorblade,2392,4181,league_roster,` b,sniper,2858,4568,league_roster,੤u,slardar,2240,4663,league_roster,身正不怕影子斜,shadow_demon,1071,2163,league_roster,Kn,jakiro,1390,2014,league_roster
18988,DreamLeague Season 27,8600066945,1w,Aurora,Aurora,pain t prince,kez,2750,4251,fallback_lh5,0,sand_king,2669,4254,league_roster,something wrong,axe,2796,4372,league_roster,мусор,hoodwink,1141,1782,league_roster,munkusi~,pugna,983,1667,league_roster,bored,gyrocopter,2527,4376,league_roster,darksystem,dragon_knight,2591,4224,league_roster,A|,centaur,2072,3483,league_roster,from behind,skywrath_mage,1624,2167,league_roster,okok,naga_siren,1126,1639,fallback_lh5
18988,DreamLeague Season 27,8600072883,TSpirit,NAVI,NAVI,,necrolyte,2763,4321,league_roster,p諔,ember_spirit,2158,4182,league_roster,bruno,primal_beast,2570,4000,league_roster,WM,snapfire,1036,1408,fallback_lh5,/,tusk,1206,1676,league_roster,`,ursa,2719,4870,league_roster,n,queenofpain,2816,4625,league_roster,,dragon_knight,2227,4625,league_roster,N,rattletrap,711,1806,league_roster,,grimstroke,913,1837,league_roster
18988,DreamLeague Season 27,8600079155,VP,TT,VP,hide in bush,abaddon,2277,3957,league_roster,hamilton,sand_king,3265,5344,league_roster,,mars,2501,4726,league_roster,Hellscream,ringmaster,1404,2094,league_roster,yeehaw,warlock,1042,1672,league_roster,Roselia,ursa,2215,4302,league_roster,Nikaidō^HirO,dragon_knight,2639,4078,fallback_lh5,龍,bristleback,2374,4119,fallback_lh5,"P/,",snapfire,1105,1910,fallback_lh5,",",bane,753,1085,league_roster
18988,DreamLeague Season 27,8600165105,1w,Aurora,Aurora,pain t prince,venomancer,2369,4045,fallback_lh5,17.yngxiaojaostxr,huskar,2719,4924,league_roster,something wrong,axe,2162,4435,league_roster,мусор,gyrocopter,951,1461,league_roster,munkusi~,dazzle,818,1344,league_roster,Z,dragon_knight,2519,4413,league_roster,darksystem,queenofpain,1796,3633,league_roster,+-,centaur,1759,3153,league_roster,:,riki,1169,1808,league_roster,@V:,warlock,631,1059,fallback_lh5
18988,DreamLeague Season 27,8600178151,TSpirit,NAVI,TSpirit,򄍓,troll_warlord,2450,3697,league_roster,Au,monkey_king,2320,4342,league_roster,P{,primal_beast,2182,5176,league_roster,ܔ,bounty_hunter,1350,2025,fallback_lh5,~,jakiro,992,1575,league_roster,VK,ursa,2229,3375,league_roster,VK,leshrac,2423,3902,league_roster,0VK,mars,2300,3872,league_roster,Q,chen,1134,1721,league_roster,iVK,grimstroke,1093,1405,league_roster
18988,DreamLeague Season 27,8600242335,PassionUA,PIPS4,PIPS4,Again and again,clinkz,2915,4551,fallback_lh5,Crystallize,gyrocopter,1729,3145,fallback_lh5,GAMBOT-PARIS,void_spirit,2840,4443,league_roster,крекер,warlock,1008,1489,fallback_lh5,get better,snapfire,1114,1815,fallback_lh5,GURO XERXEULIDZE,huskar,3422,5382,fallback_lh5,1007E5,pudge,2946,4367,league_roster,Yayo,axe,2285,3688,league_roster,20 min timing,hoodwink,1128,1704,league_roster,,shadow_demon,800,1462,league_roster
18988,DreamLeague Season 27,8600296260,GL,YB,YB,",{",dragon_knight,2701,5036,fallback_lh5,Ƒ,queenofpain,2319,4080,league_roster,g,axe,2171,3769,league_roster,9c,snapfire,1080,2013,league_roster,`{XU,pugna,1108,2018,league_roster,b,terrorblade,2691,4668,fallback_lh5,哎呀,furion,2467,4307,fallback_lh5,wsm,primal_beast,2096,3749,league_roster,风灵月影宗,warlock,1334,2107,fallback_lh5,`1,tusk,1028,1611,fallback_lh5
18988,DreamLeague Season 27,8600272071,TY,OG,OG,0U,templar_assassin,2791,5826,league_roster,3y,void_spirit,2608,3965,league_roster,C,abyssal_underlord,1695,3233,league_roster,p}~,skywrath_mage,1300,1616,league_roster,PG>,tusk,1340,2292,league_roster,simply lovely,windrunner,2637,4647,league_roster,Rasmus?,furion,3133,5755,league_roster,Money For Nothing,axe,2844,4052,fallback_lh5,S,shadow_demon,997,2436,league_roster,pressure,venomancer,1557,2699,league_roster
18988,DreamLeague Season 27,8600296592,BetBoom,XG,BetBoom,`>,gyrocopter,2601,4704,league_roster,`ei,queenofpain,2591,4364,league_roster,Passion,beastmaster,2840,5619,league_roster,l,muerta,1280,2112,league_roster,pĒ,tusk,1160,1935,league_roster,@ϑ,huskar,2188,3863,league_roster,`ϑ,ember_spirit,1969,3219,league_roster,̚ϑ,slardar,2353,4107,league_roster,ϑ,hoodwink,1001,1430,league_roster,pY/,warlock,761,946,league_roster
18988,DreamLeague Season 27,8600366031,PassionUA,PIPS4,PassionUA,Crystallize,dragon_knight,2667,4210,fallback_lh5,Again and again,queenofpain,2568,3766,fallback_lh5,GAMBOT-PARIS,abyssal_underlord,3087,5390,league_roster,крекер,jakiro,888,1508,fallback_lh5,get better,hoodwink,1026,1349,fallback_lh5,GURO XERXEULIDZE,terrorblade,2146,3708,fallback_lh5,1007E5,phoenix,2136,3534,league_roster,Yayo,mars,2558,4272,league_roster,20 min timing,tusk,1060,1686,league_roster,0Z,warlock,1064,1723,league_roster
18988,DreamLeague Season 27,8600403650,GL,YB,GL,`U.,terrorblade,2815,4772,fallback_lh5,룞,ember_spirit,2797,4548,league_roster,0,centaur,2269,3649,league_roster,P,ringmaster,882,1803,league_roster,,batrider,1168,2261,league_roster,`,storm_spirit,2479,3999,fallback_lh5,哎呀,slardar,1799,2611,fallback_lh5,wsm,dark_seer,2375,4487,league_roster,风灵月影宗,pugna,911,1407,fallback_lh5,peekaboo,tiny,933,1405,fallback_lh5
18988,DreamLeague Season 27,8600397564,BetBoom,XG,BetBoom,@>,juggernaut,3181,5373,league_roster,0b,dragon_knight,2575,4727,league_roster,jy,lycan,2441,4663,league_roster,,ringmaster,1160,1995,league_roster,Чb,tusk,1091,1837,league_roster,0۫b,phantom_lancer,2089,3958,league_roster,b,leshrac,2507,3947,league_roster,ͫb,mars,2520,4002,league_roster,其疾如风,shadow_demon,1015,1620,league_roster,Pub,disruptor,506,1081,league_roster
18988,DreamLeague Season 27,8600392329,OG,TY,TY,simply lovely,windrunner,2389,3387,league_roster,Rasmus?,mars,2438,3701,league_roster,Ѱ,undying,2635,4261,fallback_lh5,),snapfire,1030,1582,league_roster,pressure,keeper_of_the_light,1012,1905,league_roster,P`,marci,2057,3458,league_roster,j+X,dragon_knight,2776,4442,league_roster,试,doom_bringer,2391,4654,league_roster,@ް,hoodwink,1403,1996,league_roster,PڧL,disruptor,1137,1597,league_roster
18988,DreamLeague Season 27,8600472700,GL,YB,YB,_);,terrorblade,2437,3965,fallback_lh5,)),storm_spirit,2343,3785,league_roster,LY,pangolier,2559,3619,league_roster,p,disruptor,828,1270,league_roster,ϑ,warlock,967,1683,league_roster,P,morphling,3078,6020,fallback_lh5,哎呀,furion,2330,4704,fallback_lh5,wsm,centaur,2512,5192,league_roster,风灵月影宗,phoenix,988,1879,fallback_lh5,@ϕ,spirit_breaker,1234,2328,fallback_lh5
18988,DreamLeague Season 27,8600459259,PassionUA,PIPS4,PIPS4,Crystallize,gyrocopter,2455,4357,fallback_lh5,Again and again,pangolier,2361,3802,fallback_lh5,GAMBOT-PARIS,doom_bringer,2323,4147,league_roster,крекер,tusk,815,1507,fallback_lh5,get better,hoodwink,1448,1975,fallback_lh5,GURO XERXEULIDZE,dragon_knight,2655,4101,fallback_lh5,1007E5,storm_spirit,2295,4028,league_roster,Yayo,abyssal_underlord,2112,3711,league_roster,*,shadow_demon,692,963,league_roster,`w,pugna,942,1248,league_roster
18988,DreamLeague Season 27,8600488743,OG,TY,OG,simply lovely,windrunner,2389,4575,league_roster,Rasmus?,dragon_knight,2477,4599,league_roster,0W,axe,2410,3861,fallback_lh5,̓,rattletrap,864,1487,league_roster,pressure,chen,885,2037,league_roster,HW,doom_bringer,2596,4589,league_roster,@J,sand_king,2490,4884,league_roster,R0a,mars,1489,2446,league_roster,@0a,hoodwink,603,1364,league_roster,ix!,pugna,956,1989,league_roster
18988,DreamLeague Season 27,8600597494,Liquid,Tundra,Liquid,/r,leshrac,2801,4542,league_roster,~,monkey_king,2424,4080,league_roster,Qe,centaur,2025,3690,league_roster,@%,rattletrap,1464,2106,league_roster,@5ii,oracle,855,1653,league_roster,U,juggernaut,3026,5343,league_roster,)ht,puck,2315,3322,league_roster,,abaddon,2436,3754,league_roster,Ari,batrider,1063,1534,league_roster,0n,bane,912,1541,league_roster
18988,DreamLeague Season 27,8600568696,NMSS,AMG,AMG,Captain Snowball prime,gyrocopter,2613,4618,fallback_lh5,Z,dragon_knight,1995,3800,league_roster,,tidehunter,1874,3776,fallback_lh5,quest,tusk,1209,2122,league_roster,gago,pugna,1235,2315,league_roster,SQADASQ,kez,2469,4284,league_roster,A,monkey_king,2881,4141,league_roster,pma,centaur,2129,4172,fallback_lh5,Night,batrider,829,2087,fallback_lh5,81,jakiro,1167,1455,fallback_lh5
18988,DreamLeague Season 27,8600578717,RT,NGX,RT,голод,gyrocopter,2378,4139,league_roster,P$,puck,2166,3636,league_roster,&ӕ,slardar,2229,3590,league_roster,,hoodwink,1509,2382,league_roster,-,tusk,917,1231,league_roster,5,troll_warlord,2363,4522,league_roster,``ғ,centaur,2550,4400,league_roster,0,nevermore,2597,5049,fallback_lh5,VO,shadow_demon,885,1803,league_roster,0Д,bane,1108,1772,league_roster
18988,DreamLeague Season 27,8600597239,HEROIC,PV,HEROIC,;1,terrorblade,2421,3999,league_roster,dandori expert,mars,2253,3577,fallback_lh5,,invoker,2128,4456,league_roster,@+n,nyx_assassin,1086,1548,league_roster,`,pugna,601,1081,league_roster,lY,phantom_lancer,2903,5145,league_roster,˰,dragon_knight,2817,4208,league_roster,P,abyssal_underlord,2410,4055,league_roster,0yu,batrider,1427,1945,league_roster,"""",skywrath_mage,908,1695,league_roster
18988,DreamLeague Season 27,8600679706,Tundra,Liquid,Liquid,J,void_spirit,2881,4824,league_roster,0f,queenofpain,2027,3264,league_roster,G,shredder,1890,3187,league_roster,Ari,hoodwink,933,1298,league_roster,|s,rattletrap,1146,1249,league_roster,|s,monkey_king,2768,4716,league_roster,',huskar,2466,3733,league_roster,wF,mars,1982,3120,league_roster,,tusk,780,1429,league_roster,`S,pugna,1153,2216,league_roster
18988,DreamLeague Season 27,8600691524,NGX,RT,RT,1nonly,templar_assassin,2172,3816,league_roster,0^,marci,2138,2954,league_roster,``,ember_spirit,2872,4413,fallback_lh5,Ė,muerta,1349,1752,league_roster,`ݖ,gyrocopter,1246,1780,league_roster,голод,windrunner,2077,3883,league_roster,p,centaur,2129,4111,league_roster,E,beastmaster,2953,4632,league_roster,Z,hoodwink,1317,2033,league_roster,-,tusk,868,1221,league_roster
18988,DreamLeague Season 27,8600724673,PV,HEROIC,PV,&,troll_warlord,2799,4838,league_roster,PʘՑ,earthshaker,2821,4630,league_roster,Y/,axe,2563,4199,league_roster,Pele,marci,1244,1621,league_roster,@夕,chen,1086,1789,league_roster,Y/,ursa,3232,4439,league_roster,dandori expert,primal_beast,1718,3557,fallback_lh5,Kn,puck,2804,4529,league_roster,Y,jakiro,1101,1946,league_roster,pdz,pugna,1105,1660,league_roster
18988,DreamLeague Season 27,8600768084,AMG,NMSS,AMG,SQADASQ,terrorblade,2636,4800,league_roster,A,puck,2440,4573,league_roster,pma,centaur,2536,4488,fallback_lh5,Night,tusk,1175,1819,fallback_lh5,81,bane,999,1698,fallback_lh5,Captain Snowball prime,templar_assassin,2878,5018,fallback_lh5,ʤ,earthshaker,2335,4102,league_roster,L,pangolier,2573,3918,fallback_lh5,quest,ringmaster,882,1437,league_roster,gago,jakiro,1268,1726,league_roster
18988,DreamLeague Season 27,8600824688,HEROIC,PV,PV,J2,templar_assassin,3041,5262,league_roster,dandori expert,primal_beast,2290,3974,fallback_lh5,Ҝ,invoker,2802,4607,league_roster,=,skywrath_mage,1102,1952,league_roster,_M,pugna,1158,1846,league_roster,<,naga_siren,2970,5171,league_roster,p,ember_spirit,2674,4833,league_roster,#,shredder,2338,3937,league_roster,0W,monkey_king,1392,1959,league_roster,m,snapfire,834,1908,league_roster
18988,DreamLeague Season 27,8601391721,BetBoom,OG,OG,освобождение,juggernaut,2409,3781,league_roster,mirele~,centaur,2746,4446,league_roster,Passion,dazzle,2370,3399,league_roster,this reality is a hell.,shadow_demon,1354,2203,league_roster,sp5der,nyx_assassin,960,1726,league_roster,simply lovely,ursa,2206,4498,league_roster,Rasmus?,mars,2556,4405,league_roster,tO,marci,1870,3652,fallback_lh5,ukininam,snapfire,1678,2853,league_roster,pressure,chen,1457,2651,league_roster
18988,DreamLeague Season 27,8601388908,PassionUA,TT,TT,Crystallize,ursa,2545,4302,fallback_lh5,Again and again,primal_beast,2046,3545,fallback_lh5,GAMBOT-PARIS,axe,2753,4579,league_roster,get me out,ringmaster,1573,2253,fallback_lh5,крекер,warlock,934,1328,fallback_lh5,Roselia,medusa,2660,4800,league_roster,Nikaidō^HirO,puck,2893,4766,fallback_lh5,龍,centaur,2258,4145,fallback_lh5,of,hoodwink,1713,2916,fallback_lh5,May thy knife chip and shatter,pugna,1263,2326,league_roster
18988,DreamLeague Season 27,8601389598,VP,MOUZ,VP,hide in bush,gyrocopter,2555,4582,league_roster,hamilton,puck,3192,4568,league_roster,Bingbong,primal_beast,2827,4898,league_roster,Hellscream,ancient_apparition,1349,2051,league_roster,yeehaw,tusk,978,1447,league_roster,ad hominem passive agressiveness,juggernaut,3147,5607,league_roster,BOGDANOV IS BACK,ember_spirit,2434,4110,league_roster,Strach,tidehunter,2399,3904,league_roster,mid two,pudge,1182,2200,league_roster,Seleri,chen,1047,1986,fallback_lh5
18988,DreamLeague Season 27,8601394847,NAVI,YB,YB,K,juggernaut,2688,4918,league_roster,xxx,storm_spirit,2215,3788,league_roster,k,slardar,2341,3849,league_roster,3a9c,hoodwink,997,1877,league_roster,prisoner,jakiro,1160,2088,league_roster,Х,dragon_knight,2773,4885,fallback_lh5,哎呀,leshrac,2893,4794,fallback_lh5,wsm,primal_beast,1875,3486,league_roster,风灵月影宗,ringmaster,1060,1989,fallback_lh5,֬,batrider,920,1745,fallback_lh5
18988,DreamLeague Season 27,8601448564,OG,BetBoom,OG,simply lovely,ursa,2500,4255,league_roster,Rasmus?,ember_spirit,3202,4962,league_roster,@,axe,2290,4820,fallback_lh5,ukininam,shadow_demon,1085,2257,league_roster,pressure,enchantress,1125,2139,league_roster,pŐ,juggernaut,2703,4101,league_roster,,storm_spirit,1980,3261,league_roster,Passion,enigma,2699,3967,league_roster,this reality is a hell.,hoodwink,1087,2023,league_roster,,jakiro,817,1321,league_roster
18988,DreamLeague Season 27,8601469482,MOUZ,VP,VP,ad hominem passive agressiveness,juggernaut,2323,4268,league_roster,BOGDANOV IS BACK,beastmaster,2246,4149,league_roster,Strach,slardar,1955,3845,league_roster,mid two,rattletrap,1001,1845,league_roster,Seleri,enchantress,868,1691,fallback_lh5,hide in bush,terrorblade,2429,4910,league_roster,hamilton,ember_spirit,2056,3821,league_roster,Bingbong,mars,2427,3591,league_roster,Hellscream,leshrac,1158,2060,league_roster,yeehaw,tusk,993,2111,league_roster
18988,DreamLeague Season 27,8601455148,PassionUA,TT,TT,Again and again,sand_king,2797,3752,fallback_lh5,Crystallize,life_stealer,2364,4240,fallback_lh5,GAMBOT-PARIS,viper,2153,3349,league_roster,крекер,pugna,944,1459,fallback_lh5,get me out,nyx_assassin,826,1431,fallback_lh5,p},antimage,2959,4828,league_roster,Nikaidō^HirO,puck,3099,4850,fallback_lh5,龍,mars,2768,4026,fallback_lh5,镜,rubick,884,1517,fallback_lh5,May thy knife chip and shatter,shadow_demon,1216,1853,league_roster
18988,DreamLeague Season 27,8601486244,NAVI,YB,NAVI,skeleton heart,dragon_knight,2425,4198,league_roster,xxx,queenofpain,2203,3371,league_roster,),primal_beast,2212,3411,league_roster,3a9c,snapfire,1065,1669,league_roster,prisoner,grimstroke,1411,1819,league_roster,999,terrorblade,2719,5416,fallback_lh5,哎呀,ember_spirit,2313,3970,fallback_lh5,wsm,mars,2014,3939,league_roster,风灵月影宗,enchantress,1109,1970,fallback_lh5,ڷ?,leshrac,1354,2171,fallback_lh5
18988,DreamLeague Season 27,8601593521,YB,NAVI,NAVI,999,morphling,2349,5111,fallback_lh5,哎呀,queenofpain,2658,4544,fallback_lh5,wsm,centaur,2127,3744,league_roster,X,tusk,1636,2443,fallback_lh5,风灵月影宗,jakiro,1285,1711,fallback_lh5,skeleton heart,terrorblade,3169,5237,league_roster,xxx,pangolier,2653,3653,league_roster,Liquid.Bot,broodmother,1893,3120,league_roster,`h],snapfire,1106,2057,league_roster,Еh],disruptor,1322,1756,league_roster
18988,DreamLeague Season 27,8601713100,TSpirit,Liquid,TSpirit,1,dragon_knight,2953,4856,league_roster,J,storm_spirit,2570,4429,league_roster,_,shredder,2122,3527,league_roster,123,shadow_demon,929,1510,fallback_lh5,ޒ,ringmaster,1077,1565,league_roster,yondaime,gyrocopter,2951,5055,league_roster,o,pangolier,2368,4332,league_roster,#$,night_stalker,2222,3679,league_roster,𱆐,rattletrap,980,1563,league_roster,tOfu,naga_siren,868,1469,league_roster
18988,DreamLeague Season 27,8601693261,XG,RT,XG,0Ae,morphling,2796,4730,league_roster,NothingToSay,primal_beast,2538,3597,league_roster,p1g(,centaur,1978,3125,league_roster,其疾如风,batrider,1263,1948,league_roster,rei,jakiro,822,1265,league_roster,голод,terrorblade,2481,4117,league_roster,просто балуюсь,sand_king,2882,5024,league_roster,transurfing,pangolier,2558,3733,league_roster,@,shadow_demon,898,1916,league_roster,-,warlock,1311,2181,league_roster
18988,DreamLeague Season 27,8601697720,GL,1w,GL,fazbear combo,abaddon,2423,4590,fallback_lh5,)),puck,2807,4872,league_roster,помойка,mars,2256,3904,league_roster,Professor degree,jakiro,915,1518,league_roster,`,batrider,950,1527,league_roster,pain t prince,dragon_knight,2315,4160,fallback_lh5,17.yngxiaojaostxr,queenofpain,2213,4160,league_roster,something wrong,tidehunter,2376,4566,league_roster,мусор,skywrath_mage,891,1436,league_roster,munkusi~,chen,1105,1990,league_roster
18988,DreamLeague Season 27,8601742840,TY,AMG,TY,w,kez,2801,4857,league_roster,CHIRA_JUNIOR,puck,2553,5353,league_roster,strafe instructor,tidehunter,2272,4642,league_roster,lostreak chicken,tusk,1278,2286,league_roster,John Pork,jakiro,1127,1978,league_roster,SQADASQ,terrorblade,2644,4629,league_roster,A,leshrac,2375,3597,league_roster,pma,centaur,1879,3528,fallback_lh5,Night,batrider,901,1391,fallback_lh5,81,warlock,971,1316,fallback_lh5
18988,DreamLeague Season 27,8601850047,TY,AMG,TY,PQ,gyrocopter,3444,6140,league_roster,CHIRA_JUNIOR,monkey_king,1961,3890,league_roster,strafe instructor,beastmaster,3064,5182,league_roster,pD,tusk,1201,2008,league_roster,John Pork,chen,1337,2880,league_roster,SQADASQ,furion,2155,3804,league_roster,A,puck,2852,3606,league_roster,pma,abyssal_underlord,1804,2584,fallback_lh5,Night,spirit_breaker,1258,1584,fallback_lh5,81,shadow_demon,915,1366,fallback_lh5
18988,DreamLeague Season 27,8601802928,RT,XG,RT,голод,ursa,3105,5083,league_roster,просто балуюсь,furion,2714,4610,league_roster,transurfing,marci,2561,3914,league_roster,101,snapfire,1058,2332,league_roster,-,jakiro,923,1326,league_roster,念头通达,weaver,2312,3722,league_roster,NothingToSay,viper,3125,5741,league_roster,N,axe,2099,3988,league_roster,q,batrider,1475,2692,league_roster,P!a,dazzle,781,1827,league_roster
18988,DreamLeague Season 27,8601832066,GL,1w,GL,fazbear combo,templar_assassin,2231,3790,fallback_lh5,)),slardar,2483,4013,league_roster,помойка,pangolier,2626,4189,league_roster,H,snapfire,1095,1518,league_roster,Speeed,warlock,1239,2276,league_roster,pain t prince,gyrocopter,1834,3537,fallback_lh5,17.yngxiaojaostxr,leshrac,2182,4168,league_roster,something wrong,mars,2725,4491,league_roster,мусор,shadow_demon,1257,1766,league_roster,munkusi~,tusk,1055,1625,league_roster
18988,DreamLeague Season 27,8601823184,TSpirit,Liquid,Liquid,`X,kez,2384,3404,league_roster,n,puck,2366,3697,league_roster,bruno,mars,2068,3563,league_roster,123,shadow_demon,1156,1577,fallback_lh5,sustain,disruptor,859,1013,league_roster,K,monkey_king,2874,4378,league_roster,мусор,ember_spirit,2638,4296,league_roster,50centaur,centaur,2104,3844,league_roster,Boxi,windrunner,1238,1835,league_roster,tOfu,winter_wyvern,902,1166,league_roster
18988,DreamLeague Season 27,8601935358,XG,RT,XG,念头通达,terrorblade,2242,4928,league_roster,NothingToSay,sand_king,1945,4446,league_roster,¿,primal_beast,2020,3346,league_roster,其疾如风,ringmaster,1039,2086,league_roster,0Ƽ/,naga_siren,780,1466,league_roster,голод,dragon_knight,2724,5072,league_roster,просто балуюсь,batrider,2870,4249,league_roster,transurfing,axe,3164,5198,league_roster,Ò,skywrath_mage,1406,1858,league_roster,-,chen,1130,1918,league_roster
18988,DreamLeague Season 27,8601973291,TSpirit,Liquid,TSpirit,{\,terrorblade,2456,4431,league_roster,T,huskar,2418,4295,league_roster,bruno,slardar,2603,4294,league_roster,123,shadow_demon,994,1668,fallback_lh5,sustain,tusk,647,743,league_roster,yondaime,leshrac,2637,3807,league_roster,0eR,queenofpain,2154,3725,league_roster,Pk,centaur,2262,4203,league_roster,۲,rattletrap,836,1056,league_roster,,ringmaster,985,1611,league_roster
18988,DreamLeague Season 27,8602058022,PIPS4,HEROIC,PIPS4,GURO XERXEULIDZE,juggernaut,2736,4427,fallback_lh5,1007E5,storm_spirit,2617,3993,league_roster,Yayo,abyssal_underlord,2214,3779,league_roster,NumberOneGirl,shadow_demon,1158,1669,league_roster,きだろ,lich,963,1911,league_roster,Yuma,marci,2660,4611,league_roster,dandori expert,night_stalker,2077,3680,fallback_lh5,ӣ#,dragon_knight,2609,4648,league_roster,Chalise,tusk,1025,1716,league_roster,сознание 183246,warlock,1100,1841,league_roster
18988,DreamLeague Season 27,8602040130,NGX,NMSS,NMSS,Pu,alchemist,3002,4890,league_roster,@,shredder,1888,3663,league_roster,a,invoker,2139,4072,fallback_lh5,@,ringmaster,855,1645,league_roster,@,jakiro,1150,1996,league_roster,Captain Snowball prime,gyrocopter,2945,4620,fallback_lh5,4nalog,ember_spirit,2470,4417,league_roster,x,axe,2140,3771,fallback_lh5,ISDAN,skywrath_mage,1382,2287,league_roster,gago,pugna,897,1945,league_roster
18988,DreamLeague Season 27,8602105739,PV,FLCN,PV,...,juggernaut,2991,5119,league_roster,Master of my fear,pangolier,2894,4704,league_roster,furion sup - afk,brewmaster,2054,3865,league_roster,Pele,spirit_breaker,1652,2739,league_roster,Dukalis,jakiro,1093,2043,league_roster,I m Going To Be The Best Carry,terrorblade,2450,4164,league_roster,Буська,sand_king,2823,4231,league_roster,SumaoKy-,doom_bringer,1980,3400,league_roster,Bv,hoodwink,1290,1790,league_roster,Sneyking,chen,1321,2337,league_roster
18988,DreamLeague Season 27,8602157582,HEROIC,PIPS4,PIPS4,Yuma,marci,1942,3092,league_roster,dandori expert,mars,2609,4628,fallback_lh5,,ember_spirit,2192,4377,league_roster,Chalise,skywrath_mage,1027,1804,league_roster,сознание 183246,chen,835,1793,league_roster,GURO XERXEULIDZE,kez,2581,4110,fallback_lh5,1007E5,pangolier,2738,4460,league_roster,Yayo,abyssal_underlord,1948,3732,league_roster,NumberOneGirl,jakiro,1172,1946,league_roster,きだろ,warlock,1308,2146,league_roster
18988,DreamLeague Season 27,8602181486,NMSS,NGX,NGX,Captain Snowball prime,ursa,2658,4265,fallback_lh5,4nalog,leshrac,1985,3298,league_roster,x,primal_beast,1584,2704,fallback_lh5,ISDAN,shadow_demon,822,1761,league_roster,gago,chen,1010,1530,league_roster,Reset,dragon_knight,2545,4461,league_roster,No!ob™,beastmaster,2417,4581,league_roster,gh :-P,viper,2449,4385,fallback_lh5,bO,hoodwink,941,1802,league_roster,gh,pugna,859,1401,league_roster
18988,DreamLeague Season 27,8602246766,PV,FLCN,FLCN,...,terrorblade,2455,4089,league_roster,Master of my fear,puck,2963,5618,league_roster,,pangolier,2335,4255,league_roster,Pele,spirit_breaker,1143,1752,league_roster,Dukalis,pugna,1172,1765,league_roster,PMc,ursa,2490,4452,league_roster,Буська,primal_beast,2458,3917,league_roster,SumaoKy-,brewmaster,2260,4225,league_roster,身正不怕影子斜,batrider,961,1751,league_roster,,chen,724,1584,league_roster
18988,DreamLeague Season 27,8602309910,NGX,NMSS,NGX,Reset,abaddon,2664,4362,league_roster,No!ob™,mars,1695,3295,league_roster,gh :-P,alchemist,2514,5294,fallback_lh5,bO,hoodwink,995,1712,league_roster,gh,keeper_of_the_light,1086,1269,league_roster,Captain Snowball prime,dragon_knight,2768,4623,fallback_lh5,4nalog,puck,2751,4467,league_roster,x,pangolier,2371,4053,fallback_lh5,ISDAN,rattletrap,1548,1994,league_roster,gago,jakiro,975,1369,league_roster
18988,DreamLeague Season 27,8602376621,FLCN,PV,FLCN,`2,ursa,2441,3808,league_roster,!l/,primal_beast,2010,3889,league_roster,P,viper,2714,4183,league_roster,Po,bounty_hunter,1047,1717,league_roster,@#$,jakiro,944,1572,league_roster,BV,templar_assassin,2710,4492,league_roster,+,venomancer,2785,4636,league_roster,`oQ,axe,2352,3782,league_roster,@5[,skywrath_mage,768,1615,league_roster,/$,chen,1214,1705,league_roster
18988,DreamLeague Season 27,8603054525,YB,TT,TT,哎呀,ember_spirit,2452,4026,fallback_lh5,999,juggernaut,2407,3636,fallback_lh5,wsm,slardar,1943,3159,league_roster,peekaboo,keeper_of_the_light,1328,1926,fallback_lh5,风灵月影宗,shadow_demon,1172,1619,fallback_lh5,Roselia,ursa,2646,4913,league_roster,Nikaidō^HirO,queenofpain,2599,4267,fallback_lh5,龍,centaur,2512,4197,fallback_lh5,9^,hoodwink,1137,1729,fallback_lh5,a6,winter_wyvern,1310,2514,league_roster
18988,DreamLeague Season 27,8603056442,AMG,RT,RT,SQADASQ,troll_warlord,2087,3999,league_roster,A,dragon_knight,2709,4384,league_roster,pma,pangolier,2106,3800,fallback_lh5,Night,dark_willow,925,1511,fallback_lh5,81,shadow_demon,798,1056,fallback_lh5,голод,gyrocopter,2749,4570,league_roster,просто балуюсь,tiny,2485,4487,league_roster,6,beastmaster,2815,4651,league_roster,101,hoodwink,1092,1750,league_roster,-,tusk,1022,1546,league_roster
18988,DreamLeague Season 27,8603059957,TY,XG,XG,Narumi,ursa,2912,4978,league_roster,Pu,invoker,2013,3849,league_roster,#_,centaur,1737,2959,league_roster,lostreak chicken,nyx_assassin,1103,1287,league_roster,xb,chen,1205,2374,league_roster,oE,troll_warlord,2661,4988,league_roster,NothingToSay,tiny,2974,4648,league_roster,p E,primal_beast,1956,3955,league_roster,其疾如风,tusk,1029,1733,league_roster,rei,warlock,1242,1772,league_roster
18988,DreamLeague Season 27,8603138581,TT,YB,TT,Roselia,gyrocopter,2942,4522,league_roster,Nikaidō^HirO,sand_king,2637,4488,fallback_lh5,龍,centaur,2987,4998,fallback_lh5,镜,skywrath_mage,1270,1898,fallback_lh5,May thy knife chip and shatter,elder_titan,875,1663,league_roster,999,terrorblade,2562,4395,fallback_lh5,哎呀,pangolier,2661,4072,fallback_lh5,wsm,axe,2163,4064,league_roster,风灵月影宗,chen,1317,2262,fallback_lh5,peekaboo,ringmaster,887,1623,fallback_lh5
18988,DreamLeague Season 27,8603132303,AMG,RT,RT,SQADASQ,beastmaster,2738,4716,league_roster,A,ember_spirit,2455,3943,league_roster,pma,brewmaster,2025,3519,fallback_lh5,Night,batrider,1264,1838,fallback_lh5,81,jakiro,1088,1459,fallback_lh5,голод,terrorblade,2609,4741,league_roster,просто балуюсь,sand_king,2592,4611,league_roster,.,bristleback,2417,4574,league_roster,101,shadow_demon,1892,2838,league_roster,-,tusk,1224,2010,league_roster
18988,DreamLeague Season 27,8603145326,TY,XG,XG,Narumi,troll_warlord,2728,3645,league_roster,,queenofpain,2567,3541,league_roster,0,axe,2739,4639,league_roster,޳h,shadow_demon,741,1239,league_roster,0,crystal_maiden,1271,1580,league_roster,念头通达,abaddon,2518,4576,league_roster,#,furion,2578,4524,league_roster,6,slardar,2424,4781,league_roster,,lion,952,1830,league_roster,,enchantress,1156,2119,league_roster
18988,DreamLeague Season 27,8603199591,TSpirit,OG,OG,1,luna,2562,3991,league_roster,`:0,queenofpain,2331,4075,league_roster,bruno,axe,2341,4087,league_roster,123,ringmaster,1204,1693,fallback_lh5,sustain,bane,1032,1777,league_roster,simply lovely,windrunner,2394,4024,league_roster,Rasmus?,furion,3002,5110,league_roster,Money For Nothing,slardar,2338,3783,fallback_lh5,ukininam,riki,1093,1840,league_roster,pressure,jakiro,651,1512,league_roster
18988,DreamLeague Season 27,8603371981,BetBoom,Tundra,Tundra,`,terrorblade,2527,4369,league_roster,ssssssssssssssssssssssssssss,queenofpain,2061,3283,league_roster,Passion,beastmaster,1917,3013,league_roster,this reality is a hell.,muerta,969,1242,league_roster,sp5der,tusk,781,1414,league_roster,Famous,juggernaut,2602,4754,league_roster,T,ember_spirit,2863,5088,league_roster,not human (животное),centaur,2309,4210,league_roster,Ari,dark_willow,1144,2188,league_roster,NongMon,pugna,784,1432,league_roster
18988,DreamLeague Season 27,8603372377,GL,MOUZ,GL,",T",ursa,2697,4570,fallback_lh5,P3,queenofpain,2533,4713,league_roster,помойка,centaur,1982,3494,league_roster,Professor degree,tusk,925,1772,league_roster,,venomancer,1211,2391,league_roster,ad hominem passive agressiveness,abaddon,2784,4300,league_roster,BOGDANOV IS BACK,storm_spirit,2052,3190,league_roster,Strach,enigma,2229,3812,league_roster,mid two,nyx_assassin,1061,1613,league_roster,Seleri,jakiro,941,2084,fallback_lh5
18988,DreamLeague Season 27,8603371983,PassionUA,NMSS,NMSS,Again and again,dragon_knight,2687,5000,fallback_lh5,Crystallize,abaddon,2490,4277,fallback_lh5,GAMBOT-PARIS,mars,2240,4008,league_roster,get me out,shadow_demon,1079,1849,fallback_lh5,крекер,snapfire,936,1978,fallback_lh5,GOD DID,sven,2740,4746,fallback_lh5,4nalog,storm_spirit,2766,4364,league_roster,{<,centaur,2530,4529,fallback_lh5,ISDAN,hoodwink,1254,1872,league_roster,gago,pugna,1252,1987,league_roster
18988,DreamLeague Season 27,8603380188,VP,Liquid,Liquid,0mnKing,terrorblade,2956,4677,league_roster,hamilton,dragon_knight,2411,4494,league_roster,sf,pangolier,2529,3640,league_roster,Hellscream,rattletrap,1120,1754,league_roster,yeehaw,snapfire,658,992,league_roster,yondaime,ursa,2647,4881,league_roster,мусор,storm_spirit,2372,4587,league_roster,0v,mars,2248,4203,league_roster,Boxi,skywrath_mage,857,1533,league_roster,tOfu,warlock,996,1565,league_roster
18988,DreamLeague Season 27,8603495438,MOUZ,GL,MOUZ,,dragon_knight,3017,4806,league_roster,BOGDANOV IS BACK,shadow_demon,1787,4000,league_roster,Strach,broodmother,1357,2872,league_roster,mid two,windrunner,765,1926,league_roster,Seleri,undying,1107,1679,fallback_lh5,fazbear combo,terrorblade,2499,4180,fallback_lh5,)),huskar,2474,4446,league_roster,помойка,mars,1782,3335,league_roster,Э,jakiro,1267,2224,league_roster,Speeed,chen,937,1622,league_roster
18988,DreamLeague Season 27,8603488410,BetBoom,Tundra,Tundra,освобождение,abaddon,2865,4722,league_roster,ssssssssssssssssssssssssssss,slardar,2263,4292,league_roster,Passion,axe,2557,4302,league_roster,,hoodwink,1327,2037,league_roster,sp5der,bane,1361,1790,league_roster,Famous,marci,2322,3286,league_roster,p؉,invoker,2289,3991,league_roster,ۉ,centaur,2051,3320,league_roster,Ari,spirit_breaker,1195,2082,league_roster,NongMon,pugna,906,1648,league_roster
18988,DreamLeague Season 27,8603614526,GL,MOUZ,MOUZ,fazbear combo,juggernaut,2269,3993,fallback_lh5,He,invoker,2806,4911,league_roster,помойка,centaur,2588,4046,league_roster,Professor degree,ringmaster,987,1459,league_roster,Speeed,jakiro,1067,1313,league_roster,ad hominem passive agressiveness,alchemist,2729,5057,league_roster,BOGDANOV IS BACK,leshrac,2797,4581,league_roster,Strach,tidehunter,2448,4266,league_roster,mid two,tusk,1086,1685,league_roster,Seleri,chen,1553,1992,fallback_lh5
18988,DreamLeague Season 27,8603728193,FLCN,PIPS4,FLCN,I m Going To Be The Best Carry,dragon_knight,2446,4222,league_roster,Буська,sniper,2504,4338,league_roster,SumaoKy-,pangolier,2373,4260,league_roster,身正不怕影子斜,ringmaster,1091,2172,league_roster,0w,jakiro,1270,2587,league_roster,GURO XERXEULIDZE,kez,2489,4188,fallback_lh5,1007E5,earth_spirit,1955,3336,league_roster,Yayo,axe,2404,3287,league_roster,DOLBAEBS NAHUI,hoodwink,1147,1698,league_roster,きだろ,warlock,1172,2065,league_roster
18988,DreamLeague Season 27,8603724740,HEROIC,Aurora,Aurora,Yuma,dragon_knight,2480,4199,league_roster,dandori expert,viper,2479,4168,fallback_lh5,Smasho,leshrac,2437,4360,league_roster,Chalise,tusk,1124,1597,league_roster,сознание 183246,disruptor,965,1404,league_roster,bored,abaddon,2945,4880,league_roster,yareuuu,puck,2554,4583,league_roster,∩ (◣_◢) ∩,earthshaker,2161,3546,league_roster,0,hoodwink,1260,2343,league_roster,okok,pugna,1030,2262,fallback_lh5
18988,DreamLeague Season 27,8603709082,PV,NAVI,PV,...,troll_warlord,2673,4741,league_roster,Master of my fear,invoker,2331,4476,league_roster,furion sup - afk,slardar,2320,3742,league_roster,Pele,skywrath_mage,1281,1774,league_roster,Dukalis,jakiro,846,1840,league_roster,skeleton heart,gyrocopter,2756,4747,league_roster,xxx,monkey_king,2507,3731,league_roster,K,abaddon,2537,4056,league_roster,3a9c,snapfire,1150,1490,league_roster,w0nderful~,disruptor,796,1199,league_roster
18988,DreamLeague Season 27,8603714760,1w,NGX,NGX,pain t prince,windrunner,2410,4002,fallback_lh5,一條充滿荊棘的失敗之,puck,2300,3810,league_roster,something wrong,centaur,2152,3821,league_roster,мусор,shadow_demon,1159,1580,league_roster,munkusi~,warlock,940,1304,league_roster,Reset,nevermore,2616,4501,league_roster,@=,lycan,2232,3845,league_roster,gh :-P,void_spirit,2159,3904,fallback_lh5,bO,hoodwink,1181,1868,league_roster,gh,naga_siren,1112,2155,league_roster
18988,DreamLeague Season 27,8603810835,PIPS4,FLCN,PIPS4,GURO XERXEULIDZE,terrorblade,2890,4306,fallback_lh5,1007E5,storm_spirit,2380,4399,league_roster,Yayo,abyssal_underlord,2003,3700,league_roster,p,shadow_shaman,1066,1588,league_roster,!7,pugna,1363,2056,league_roster,I m Going To Be The Best Carry,abaddon,1927,3418,league_roster,Буська,puck,2732,4276,league_roster,N$,slardar,2576,5179,league_roster,_,nyx_assassin,948,1809,league_roster,Sneyking,naga_siren,951,1649,league_roster
18988,DreamLeague Season 27,8603847906,HEROIC,Aurora,HEROIC,Yuma,gyrocopter,2412,4549,league_roster,dandori expert,slardar,1894,3513,fallback_lh5,Smasho,mars,2119,4239,league_roster,Chalise,nyx_assassin,1183,2271,league_roster,сознание 183246,skywrath_mage,1024,1582,league_roster,bored,sven,2414,3928,league_roster,yareuuu,pangolier,2641,4223,league_roster,∩ (◣_◢) ∩,shredder,2123,4010,league_roster,from behind,tusk,1387,1804,league_roster,#,warlock,1095,1491,fallback_lh5
18988,DreamLeague Season 27,8603850215,PV,NAVI,PV,...,troll_warlord,3202,5442,league_roster,Q;,ember_spirit,2254,4647,league_roster,a,axe,2558,4921,league_roster,Pele,dark_willow,1862,2726,league_roster,Dukalis,jakiro,1298,2329,league_roster,-R,templar_assassin,2039,3648,league_roster,xxx,invoker,2350,3581,league_roster,w0nderful,slardar,1285,2268,league_roster,3a9c,tusk,991,1824,league_roster,,ringmaster,817,1455,league_roster
18988,DreamLeague Season 27,8603895710,FLCN,PIPS4,FLCN,I m Going To Be The Best Carry,juggernaut,2679,4767,league_roster,Буська,dragon_knight,2499,4539,league_roster,SumaoKy-,centaur,2313,4106,league_roster,身正不怕影子斜,ringmaster,1076,1897,league_roster,Sneyking,enchantress,847,1637,league_roster,GURO XERXEULIDZE,troll_warlord,2787,4458,fallback_lh5,1007E5,sand_king,2432,4402,league_roster,Yayo,abyssal_underlord,1851,3060,league_roster,2:20 salve,hoodwink,810,1605,league_roster,O,lich,907,1307,league_roster
18988,DreamLeague Season 27,8603884585,1w,NGX,NGX,pain t prince,terrorblade,2552,4369,fallback_lh5,L[,sand_king,2854,4827,league_roster,something wrong,mars,2465,4305,league_roster,мусор,tusk,1387,2519,league_roster,munkusi~,warlock,992,1673,league_roster,Reset,abaddon,2312,4076,league_roster,No!ob™,abyssal_underlord,2420,4298,league_roster,gh :-P,dragon_knight,2700,4351,fallback_lh5,bO,hoodwink,943,1413,league_roster,gh,keeper_of_the_light,1128,1894,league_roster
18988,DreamLeague Season 27,8603931041,HEROIC,Aurora,Aurora,Yuma,terrorblade,2349,4241,league_roster,dandori expert,pangolier,2000,3671,fallback_lh5,p,huskar,2574,4805,league_roster,,tusk,1193,1959,league_roster,сознание 183246,jakiro,887,1780,league_roster,bored,ursa,2376,4552,league_roster,yareuuu,dragon_knight,2253,4068,league_roster,∩ (◣_◢) ∩,centaur,2266,4122,league_roster,p1,skywrath_mage,790,1537,league_roster,PĻ,dazzle,1600,2129,fallback_lh5
18988,DreamLeague Season 27,8604733543,RT,Liquid,RT,голод,abaddon,2706,4721,league_roster,j~,batrider,2457,4761,league_roster,transurfing,slardar,2253,3717,league_roster,101,hoodwink,1129,1889,league_roster,-,dazzle,1033,1638,league_roster,yondaime,dragon_knight,2889,4765,league_roster,мусор,storm_spirit,2661,4180,league_roster,50centaur,axe,2661,5023,league_roster,Boxi,tusk,1529,2296,league_roster,tOfu,disruptor,1283,1966,league_roster
18988,DreamLeague Season 27,8604734208,AMG,YB,YB,SQADASQ,abaddon,2667,4227,league_roster,A,leshrac,1712,2742,league_roster,pma,tidehunter,2065,3955,fallback_lh5,Night,hoodwink,1064,1830,fallback_lh5,81,jakiro,917,1593,fallback_lh5,哎呀,viper,2625,4571,fallback_lh5,`Uv,windrunner,2523,4280,fallback_lh5,wsm,primal_beast,1786,3351,league_roster,peekaboo,skywrath_mage,1085,1808,fallback_lh5,风灵月影宗,naga_siren,1126,1860,fallback_lh5
18988,DreamLeague Season 27,8604735932,TY,TT,TY,*,windrunner,2601,4941,league_roster,Јy,slardar,3016,4873,league_roster,strafe instructor,shredder,2195,3880,league_roster,lostreak chicken,lion,1119,2154,league_roster,John Pork,chen,1020,2198,league_roster,Xm,gyrocopter,2647,4804,league_roster,Nikaidō^HirO,keeper_of_the_light,2559,3951,fallback_lh5,龍,primal_beast,2005,3115,fallback_lh5,0?,ringmaster,838,1946,fallback_lh5,May thy knife chip and shatter,crystal_maiden,1303,1849,league_roster
18988,DreamLeague Season 27,8604733776,VP,XG,XG,0mnKing,weaver,2589,4205,league_roster,hamilton,dragon_knight,2886,4362,league_roster,Bingbong,primal_beast,1896,3362,league_roster,Hellscream,shadow_demon,1042,1575,league_roster,yeehaw,warlock,1330,2716,league_roster,@m,ursa,2637,4026,league_roster,NothingToSay,puck,1933,3877,league_roster,,lycan,2492,4667,league_roster,其疾如风,batrider,1420,2113,league_roster,rei,jakiro,1202,2216,league_roster
18988,DreamLeague Season 27,8604809016,Liquid,RT,Liquid,yondaime,kez,2485,4789,league_roster,мусор,slardar,2565,3974,league_roster,Є,centaur,2308,4735,league_roster,Boxi,hoodwink,1087,2389,league_roster,tOfu,jakiro,1285,2182,league_roster,not a human,windrunner,2699,4241,league_roster,просто балуюсь,storm_spirit,2054,3132,league_roster,transurfing,pangolier,1948,3353,league_roster,101,dark_willow,1252,2057,league_roster,-,tusk,1185,1598,league_roster
18988,DreamLeague Season 27,8604851194,XG,VP,VP,念头通达,juggernaut,2551,4330,league_roster,NothingToSay,pangolier,2567,4350,league_roster,¿,dark_seer,2548,4907,league_roster,其疾如风,tusk,1405,2038,league_roster,rei,bane,1030,1336,league_roster,0mnKing,terrorblade,2976,5315,league_roster,hamilton,ember_spirit,2228,4916,league_roster,Bingbong,mars,2287,4620,league_roster,Hellscream,muerta,1350,2337,league_roster,yeehaw,warlock,1298,2739,league_roster
18988,DreamLeague Season 27,8604819918,AMG,YB,AMG,SQADASQ,kez,3056,4949,league_roster,A,pangolier,2630,4374,league_roster,pma,axe,2645,4226,fallback_lh5,Night,tusk,1341,2228,fallback_lh5,81,chen,1184,2072,fallback_lh5,999,terrorblade,2776,4940,fallback_lh5,哎呀,sand_king,2869,4407,fallback_lh5,wsm,mars,2330,3381,league_roster,风灵月影宗,warlock,1097,1932,fallback_lh5,peekaboo,shadow_demon,1122,1702,fallback_lh5
18988,DreamLeague Season 27,8604847489,TY,TT,TT,Narumi,juggernaut,2670,5158,league_roster,CHIRA_JUNIOR,primal_beast,2371,3622,league_roster,Ь+,tidehunter,2257,3555,league_roster,Pq,shadow_demon,720,975,league_roster,John Pork,grimstroke,1066,1653,league_roster,8w,abaddon,2714,5113,league_roster,Nikaidō^HirO,puck,3074,4693,fallback_lh5,龍,centaur,2069,3795,fallback_lh5,镜,rattletrap,1632,2843,fallback_lh5,May thy knife chip and shatter,snapfire,978,1713,league_roster
18988,DreamLeague Season 27,8604941293,XG,VP,VP,念头通达,dragon_knight,2226,3530,league_roster,NothingToSay,tinker,2298,4212,league_roster,¿,doom_bringer,2183,3438,league_roster,p,batrider,786,1333,league_roster,s.,tusk,586,718,league_roster,0mnKing,terrorblade,2521,4657,league_roster,hamilton,void_spirit,2971,4279,league_roster,Bingbong,centaur,2275,4046,league_roster,Hellscream,muerta,1657,2377,league_roster,yeehaw,warlock,1085,2151,league_roster
18988,DreamLeague Season 27,8604935721,AMG,YB,AMG,SQADASQ,kez,2553,4826,league_roster,A,leshrac,2312,4439,league_roster,pma,axe,2222,3850,fallback_lh5,Night,shadow_demon,1075,2124,fallback_lh5,81,chen,1114,2071,fallback_lh5,哎呀,puck,2681,4209,fallback_lh5,999,ursa,3132,4879,fallback_lh5,wsm,primal_beast,1735,3037,league_roster,风灵月影宗,snapfire,1166,1521,fallback_lh5,peekaboo,tusk,992,1459,fallback_lh5
18988,DreamLeague Season 27,8605069135,Aurora,NMSS,NMSS,bored,terrorblade,2270,4175,league_roster,yareuuu,puck,2702,4308,league_roster,∩ (◣_◢) ∩,centaur,2176,3838,league_roster,from behind,hoodwink,902,1574,league_roster,okok,naga_siren,1059,1497,fallback_lh5,GOD DID,juggernaut,2567,4494,fallback_lh5,4nalog,primal_beast,2223,4553,league_roster,x,mars,2678,4276,fallback_lh5,BEBEK ISDAN,tusk,1475,2461,league_roster,76561198303350304,pugna,1709,2593,league_roster
18988,DreamLeague Season 27,8605070909,Tundra,NGX,NGX,Famous,gyrocopter,2126,4307,league_roster,BRUCE-,kunkka,2415,4018,league_roster,H/,shredder,2198,3057,league_roster,Ari,hoodwink,1245,2279,league_roster,NongMon,tusk,798,1299,league_roster,Reset,luna,2497,4399,league_roster,No!ob™,axe,2942,4447,league_roster,gh :-P,invoker,2258,3551,fallback_lh5,@P,dark_willow,1328,2249,league_roster,&P,batrider,1125,1994,league_roster
18988,DreamLeague Season 27,8605069558,1w,PassionUA,1w,pain t prince,dragon_knight,2821,4588,fallback_lh5,p,leshrac,2517,4191,league_roster,something wrong,mars,2010,4080,league_roster,мусор,riki,1076,1662,league_roster,munkusi~,naga_siren,684,1364,league_roster,Again and again,huskar,2592,4514,fallback_lh5,Crystallize,windrunner,2898,4425,fallback_lh5,GAMBOT-PARIS,axe,2491,5198,league_roster,крекер,dazzle,1587,2169,fallback_lh5,get me out,shadow_demon,1058,1481,fallback_lh5
18988,DreamLeague Season 27,8605115782,OG,FLCN,FLCN,simply lovely,gyrocopter,2668,4552,league_roster,Rasmus?,death_prophet,2876,4393,league_roster,Money For Nothing,mars,1891,3247,fallback_lh5,ukininam,tusk,883,1775,league_roster,pressure,jakiro,732,1303,league_roster,I m Going To Be The Best Carry,dragon_knight,2437,3932,league_roster,Буська,furion,1998,4472,league_roster,SumaoKy-,centaur,2418,4438,league_roster,身正不怕影子斜,skywrath_mage,1604,2163,league_roster,Sneyking,enchantress,1095,1876,league_roster
18988,DreamLeague Season 27,8605207735,PassionUA,1w,1w,Again and again,sand_king,2659,5075,fallback_lh5,Crystallize,furion,2141,4280,fallback_lh5,GAMBOT-PARIS,axe,2825,4985,league_roster,крекер,snapfire,1255,2089,fallback_lh5,get me out,hoodwink,1150,2435,fallback_lh5,pain t prince,abaddon,2541,4480,fallback_lh5,一條充滿荊棘的失敗之,ember_spirit,2873,4781,league_roster,something wrong,mars,2973,5563,league_roster,мусор,spirit_breaker,1662,2745,league_roster,munkusi~,jakiro,1049,2516,league_roster
18988,DreamLeague Season 27,8605192234,NMSS,Aurora,Aurora,GOD DID,troll_warlord,2920,5151,fallback_lh5,4nalog,storm_spirit,2150,4017,league_roster,j,centaur,1811,3183,fallback_lh5,BEBEK ISDAN,skywrath_mage,837,1767,league_roster,76561198303350304,pugna,1348,2101,league_roster,bored,juggernaut,3022,4957,league_roster,yareuuu,leshrac,3361,4599,league_roster,∩ (◣_◢) ∩,primal_beast,1604,3095,league_roster,from behind,batrider,831,1615,league_roster,okok,jakiro,853,1957,fallback_lh5
18988,DreamLeague Season 27,8605190938,NGX,Tundra,Tundra,Reset,luna,2205,4502,league_roster,No!ob™,mars,2492,3987,league_roster,gh :-P,leshrac,2564,4997,fallback_lh5,bO,jakiro,1011,2173,league_roster,gh,pugna,937,1887,league_roster,Famous,templar_assassin,2182,3872,league_roster,BRUCE-,void_spirit,2075,3837,league_roster,not human (животное),shredder,2664,4785,league_roster,Ari,shadow_demon,883,1651,league_roster,NongMon,ringmaster,370,873,league_roster
18988,DreamLeague Season 27,8605215449,OG,FLCN,FLCN,simply lovely,gyrocopter,2496,4390,league_roster,Rasmus?,storm_spirit,2260,3820,league_roster,Money For Nothing,axe,2460,4143,fallback_lh5,ukininam,skywrath_mage,1097,2019,league_roster,pressure,venomancer,1221,2142,league_roster,I m Going To Be The Best Carry,ursa,2968,4728,league_roster,Буська,ember_spirit,2409,4175,league_roster,SumaoKy-,centaur,2513,3873,league_roster,身正不怕影子斜,ringmaster,1684,2424,league_roster,Sneyking,jakiro,1139,1679,league_roster
18988,DreamLeague Season 27,8605437813,PV,TSpirit,PV,,gyrocopter,2829,5402,league_roster,Master of my fear,viper,2620,4249,league_roster,furion sup - afk,primal_beast,2213,4058,league_roster,Pele,batrider,1131,1633,league_roster,Dukalis,pugna,1007,1892,league_roster,Pk,abaddon,2596,4516,league_roster,Ǯ,monkey_king,1740,3054,league_roster,bruno,shredder,2035,3321,league_roster,P,spirit_breaker,1132,1371,fallback_lh5,8,ringmaster,1093,1557,league_roster
18988,DreamLeague Season 27,8605543293,MOUZ,NAVI,NAVI,ad hominem passive agressiveness,dragon_knight,2351,3918,league_roster,BOGDANOV IS BACK,nevermore,2821,5313,league_roster,Strach,tidehunter,1750,3769,league_roster,mid two,tusk,1044,2356,league_roster,Seleri,undying,1288,1871,fallback_lh5,dead/alive,queenofpain,2753,5088,league_roster,xxx,viper,1697,3602,league_roster,,abyssal_underlord,2356,4097,league_roster,3a9c,rattletrap,1324,2186,league_roster,w0nderful~,warlock,1299,1953,league_roster
18988,DreamLeague Season 27,8606204577,OG,VP,OG,simply lovely,furion,2308,3812,league_roster,Rasmus?,slardar,2580,4877,league_roster,x(,dragon_knight,2475,4149,fallback_lh5,0B,shadow_demon,1265,2518,league_roster,pressure,venomancer,1374,2299,league_roster,0mnKing,queenofpain,2668,4266,league_roster,hamilton,pangolier,2320,3612,league_roster,Bingbong,axe,2282,4252,league_roster,Hellscream,dark_willow,1241,1261,league_roster,yeehaw,tusk,857,1281,league_roster
18988,DreamLeague Season 27,8606200519,RT,Tundra,Tundra,not a human,gyrocopter,3014,4650,league_roster,просто балуюсь,shredder,2208,3839,league_roster,transurfing,slardar,1960,3038,league_roster,101,snapfire,940,1616,league_roster,-,tusk,977,1447,league_roster,Famous,juggernaut,2840,4756,league_roster,moonmender mindset,storm_spirit,2842,5060,league_roster,not human (животное),doom_bringer,2380,4230,league_roster,Ari,dark_willow,1192,1702,league_roster,NongMon,warlock,830,905,league_roster
18988,DreamLeague Season 27,8606207935,Aurora,TT,Aurora,despair,windrunner,2443,4321,league_roster,yareuuu,storm_spirit,2804,4962,league_roster,∩ (◣_◢) ∩,shredder,2111,3391,league_roster,U,batrider,1427,2265,league_roster,okok,chen,863,1648,fallback_lh5,Roselia,weaver,2803,4684,league_roster,龍,bristleback,2127,3858,fallback_lh5,Nikaidō^HirO,slardar,2333,3449,fallback_lh5,镜,nyx_assassin,1501,2014,fallback_lh5,May thy knife chip and shatter,jakiro,1234,2068,league_roster
18988,DreamLeague Season 27,8606206987,YB,PassionUA,YB,哎呀,leshrac,2653,4369,fallback_lh5,999,juggernaut,1980,3299,fallback_lh5,wsm,pangolier,2494,4184,league_roster,风灵月影宗,phoenix,1481,2828,fallback_lh5,peekaboo,ringmaster,928,1978,fallback_lh5,Crystallize,dragon_knight,2390,4104,fallback_lh5,Again and again,storm_spirit,2705,4478,fallback_lh5,GAMBOT-PARIS,huskar,2568,4788,league_roster,get me out,tusk,957,1877,fallback_lh5,крекер,pugna,737,1538,fallback_lh5
18988,DreamLeague Season 27,8606267682,OG,VP,OG,simply lovely,kez,3039,5092,league_roster,Rasmus?,dragon_knight,2531,4762,league_roster,Money For Nothing,primal_beast,2104,4395,fallback_lh5,,shadow_shaman,1152,1986,league_roster,pressure,chen,1026,1697,league_roster,0mnKing,ursa,2781,4582,league_roster,hamilton,ember_spirit,1814,3219,league_roster,Bingbong,mars,1917,3313,league_roster,Hellscream,ringmaster,1067,1606,league_roster,yeehaw,dazzle,1301,1668,league_roster
18988,DreamLeague Season 27,8606288088,Tundra,RT,Tundra,Famous,marci,2220,3886,league_roster,moonmender mindset,invoker,2120,4296,league_roster,not human (животное),shredder,2513,4771,league_roster,Ari,dark_willow,1356,1874,league_roster,NongMon,bane,978,1562,league_roster,not a human,templar_assassin,2496,4224,league_roster,просто балуюсь,tiny,2286,4051,league_roster,transurfing,slardar,1747,2978,league_roster,.,shadow_demon,796,1627,league_roster,-,warlock,839,1297,league_roster
18988,DreamLeague Season 27,8606298412,PassionUA,YB,PassionUA,Crystallize,gyrocopter,2571,4721,fallback_lh5,Again and again,pangolier,2499,4855,fallback_lh5,GAMBOT-PARIS,bounty_hunter,2441,4718,league_roster,get me out,bane,1287,2341,fallback_lh5,крекер,batrider,1224,2377,fallback_lh5,哎呀,furion,3014,4362,fallback_lh5,999,windrunner,2137,3547,fallback_lh5,wsm,shredder,2259,3875,league_roster,风灵月影宗,warlock,1211,2184,fallback_lh5,peekaboo,hoodwink,934,1785,fallback_lh5
18988,DreamLeague Season 27,8606284643,TT,Aurora,TT,Roselia,lina,2042,3914,league_roster,Nikaidō^HirO,puck,2206,3972,fallback_lh5,龍,mars,1814,3199,fallback_lh5,镜,ringmaster,953,2023,fallback_lh5,May thy knife chip and shatter,naga_siren,981,1957,league_roster,despair,gyrocopter,3158,5074,league_roster,yareuuu,void_spirit,2591,3819,league_roster,∩ (◣_◢) ∩,earthshaker,2028,2738,league_roster,from behind,hoodwink,800,965,league_roster,okok,dazzle,1416,1766,fallback_lh5
18988,DreamLeague Season 27,8606379791,PassionUA,YB,PassionUA,Again and again,viper,2721,4577,fallback_lh5,Crystallize,abaddon,2607,4111,fallback_lh5,GAMBOT-PARIS,axe,2941,4662,league_roster,get me out,hoodwink,1005,1477,fallback_lh5,крекер,snapfire,1072,1733,fallback_lh5,哎呀,puck,2700,4727,fallback_lh5,@R]$,dragon_knight,2459,4520,fallback_lh5,wsm,pangolier,2621,4086,league_roster,风灵月影宗,jakiro,856,1633,fallback_lh5,@&,skywrath_mage,688,1304,fallback_lh5
18988,DreamLeague Season 27,8606484740,TSpirit,FLCN,TSpirit,n,kez,3335,5494,league_roster,RUEINA,viper,2102,4183,league_roster,bruno,centaur,2224,4021,league_roster,123,tusk,1039,1818,fallback_lh5,sustain,jakiro,1234,1802,league_roster,l,abaddon,2382,3994,league_roster,x,dragon_knight,1962,3503,league_roster,SumaoKy-,mars,1889,2595,league_roster,身正不怕影子斜,skywrath_mage,1328,1767,league_roster,Sneyking,pugna,1560,1978,league_roster
18988,DreamLeague Season 27,8606576805,NAVI,XG,NAVI,dead/alive,queenofpain,2492,4457,league_roster,xxx,huskar,2624,5339,league_roster,w0nderful,dragon_knight,2090,3786,league_roster,3a9c,shadow_demon,808,1626,league_roster,w0nderful~,warlock,1355,2335,league_roster,念头通达,abaddon,2774,4600,league_roster,NothingToSay,furion,1867,2954,league_roster,¿,primal_beast,2473,3856,league_roster,其疾如风,rattletrap,1153,1741,league_roster,rei,chen,1379,1976,league_roster
18988,DreamLeague Season 27,8606610716,TY,BetBoom,TY,Narumi,monkey_king,2413,3898,league_roster,CHIRA_JUNIOR,furion,2394,4282,league_roster,strafe instructor,axe,2895,4826,league_roster,lostreak chicken,muerta,1059,1576,league_roster,John Pork,warlock,1464,2808,league_roster,освобождение,ursa,2159,3308,league_roster,this reality is a hell.,jakiro,942,1997,fallback_lh5,saint,centaur,2531,4130,league_roster,puck 2,invoker,2468,3932,league_roster,@w,crystal_maiden,963,1645,league_roster
18988,DreamLeague Season 27,8606659200,NAVI,XG,XG,dead/alive,queenofpain,2595,3884,league_roster,js,nevermore,2745,4353,league_roster,w0nderful,tidehunter,2080,3909,league_roster,3a9c,rattletrap,799,1821,league_roster,w0nderful~,warlock,1089,1708,league_roster,念头通达,dragon_knight,2760,4523,league_roster,NothingToSay,furion,2845,4847,league_roster,¿,pangolier,2663,4310,league_roster,其疾如风,shadow_demon,1088,1804,league_roster,rei,mirana,1130,1677,league_roster
18988,DreamLeague Season 27,8606735701,TY,BetBoom,TY,`^,kez,2923,5356,league_roster,d,furion,2458,4551,league_roster,strafe instructor,slardar,2393,4135,league_roster,E,windrunner,1291,1848,league_roster,John Pork,enchantress,1137,1971,league_roster,освобождение,juggernaut,2143,3722,league_roster,this reality is a hell.,ringmaster,1033,1959,fallback_lh5,saint,primal_beast,1676,3079,league_roster,puck 2,dragon_knight,3085,5040,league_roster,gpk~,warlock,1187,1624,league_roster
18988,DreamLeague Season 27,8606776029,PV,NGX,PV,...,weaver,2758,4752,league_roster,Master of my fear,dragon_knight,2637,4774,league_roster,furion sup - afk,slardar,2379,3636,league_roster,Pele,slark,1309,2051,league_roster,Dukalis,pugna,1070,1715,league_roster,Reset,abaddon,2716,4428,league_roster,No!ob™,pangolier,2180,3386,league_roster,gh :-P,storm_spirit,2627,4260,fallback_lh5,bO,dark_willow,855,1226,league_roster,P(1,keeper_of_the_light,1338,2065,league_roster
18988,DreamLeague Season 27,8606840720,GL,Liquid,Liquid,fazbear combo,weaver,2255,3428,fallback_lh5,)),slardar,2427,4547,league_roster,помойка,beastmaster,2468,4139,league_roster,Professor degree,shadow_demon,770,1699,league_roster,Speeed,venomancer,1448,2725,league_roster,yondaime,monkey_king,2779,4676,league_roster,,puck,2265,3769,league_roster,50centaur,shredder,2787,4616,league_roster,Boxi,tusk,1034,1514,league_roster,tOfu,snapfire,738,1964,league_roster
18988,DreamLeague Season 27,8606878914,MOUZ,NMSS,MOUZ,ad hominem passive agressiveness,terrorblade,2574,4862,league_roster,BOGDANOV IS BACK,storm_spirit,2914,4377,league_roster,Strach,mars,2316,4193,league_roster,mid two,tusk,1355,2305,league_roster,Seleri,chen,1178,2175,fallback_lh5,x,centaur,2432,4337,fallback_lh5,4nalog,primal_beast,1794,4228,league_roster,GOD DID,windrunner,2227,3403,fallback_lh5,BEBEK ISDAN,bounty_hunter,1036,1686,league_roster,narmon,shadow_demon,1007,1984,league_roster
18988,DreamLeague Season 27,8606872326,NGX,PV,PV,*pH,terrorblade,2402,4499,league_roster,P8pH,axe,2245,3806,league_roster,gh :-P,invoker,1806,3366,fallback_lh5,bO,dark_willow,1202,1456,league_roster,*pH,pugna,1146,1990,league_roster,...,juggernaut,3230,5638,league_roster,Master of my fear,slardar,2478,4667,league_roster,furion sup - afk,centaur,2257,3551,league_roster,Pele,batrider,1120,2278,league_roster,9a,warlock,1314,2491,league_roster
18988,DreamLeague Season 27,8606931541,Liquid,GL,Liquid,yondaime,nevermore,1849,3707,league_roster,мусор,dragon_knight,2099,3836,league_roster,]G,mars,2274,4217,league_roster,Boxi,windrunner,1320,2531,league_roster,tOfu,naga_siren,865,1926,league_roster,fazbear combo,kez,2480,4024,fallback_lh5,)),puck,2434,4130,league_roster,помойка,marci,2829,4285,league_roster,Professor degree,rattletrap,1122,1923,league_roster,Speeed,chen,1360,1934,league_roster
18988,DreamLeague Season 27,8606918837,1w,HEROIC,HEROIC,pain t prince,ursa,2882,4548,fallback_lh5,一條充滿荊棘的失敗之,queenofpain,2539,3993,league_roster,something wrong,lycan,2449,3825,league_roster,мусор,hoodwink,1006,1400,league_roster,munkusi~,naga_siren,1203,1560,league_roster,Yuma,meepo,2832,4772,league_roster,dandori expert,centaur,2686,3782,fallback_lh5,Smasho,invoker,2627,4322,league_roster,E,nyx_assassin,1417,2448,league_roster,сознание 183246,dazzle,1018,1325,league_roster
18988,DreamLeague Season 27,8608974467,PV,FLCN,PV,...,abaddon,2518,4384,league_roster,Master of my fear,void_spirit,2268,3499,league_roster,!!!,mars,2529,3860,league_roster,Pele,slark,1627,2514,league_roster,Dukalis,mirana,730,1486,league_roster,h\,ursa,2545,3610,league_roster,P\,sniper,2353,3864,league_roster,0(\,centaur,2067,3656,league_roster,(\,skywrath_mage,1049,1376,league_roster,Sneyking,venomancer,1139,1828,league_roster
18988,DreamLeague Season 27,8609085945,PV,FLCN,PV,͙a],troll_warlord,2100,3469,league_roster,Ps\,queenofpain,2946,4555,league_roster,!!!,enigma,2681,4457,league_roster,Pele,batrider,1264,2036,league_roster,Dukalis,chen,1661,2523,league_roster,șa],windrunner,2388,3842,league_roster,Буська,furion,2290,4243,league_roster,SumaoKy-,slardar,2625,4843,league_roster,!\,bounty_hunter,1136,1962,league_roster,Pa],venomancer,1038,2297,league_roster
18988,DreamLeague Season 27,8609256354,TSpirit,XG,TSpirit,D[,weaver,2765,4682,league_roster,@M],invoker,2789,4364,league_roster,\+\,axe,2495,4730,league_roster,123,bounty_hunter,1104,1661,fallback_lh5,GI\,ringmaster,1118,1408,league_roster,念头通达,viper,2606,4937,league_roster,3],ember_spirit,2205,3510,league_roster,:O],batrider,2496,4364,league_roster,其疾如风,spirit_breaker,1206,1760,league_roster,$],warlock,997,1514,league_roster
18988,DreamLeague Season 27,8609420125,XG,TSpirit,TSpirit,念头通达,gyrocopter,2622,4106,league_roster,NothingToSay,void_spirit,2547,3940,league_roster,¿,centaur,2603,4339,league_roster,其疾如风,muerta,1260,1874,league_roster,%\,tusk,877,1119,league_roster,.],ursa,2355,4076,league_roster,RUEINA,earth_spirit,2187,3607,league_roster,\,mars,2389,4305,league_roster,p+$\,dark_willow,1146,1942,fallback_lh5,sustain,warlock,1443,2281,league_roster
18988,DreamLeague Season 27,8609577898,OG,Tundra,Tundra,simply lovely,leshrac,2602,4218,league_roster,Rasmus?,dragon_knight,2614,4596,league_roster,Money For Nothing,slardar,2307,3404,fallback_lh5,@R\,hoodwink,1083,1705,league_roster,pressure,ogre_magi,849,1525,league_roster,Famous,ursa,2675,4499,league_roster,moonmender mindset,tiny,2329,4001,league_roster,not human (животное),tidehunter,2093,3608,league_roster,Ari,dark_willow,891,1526,league_roster,NongMon,jakiro,1083,1921,league_roster
18988,DreamLeague Season 27,8609658039,OG,Tundra,Tundra,simply lovely,leshrac,2362,4031,league_roster,Rasmus?,furion,1811,3111,league_roster,!\,axe,1497,2824,fallback_lh5,ukininam,muerta,939,1248,league_roster,pressure,ogre_magi,920,1309,league_roster,|%\,juggernaut,3008,5711,league_roster,moonmender mindset,earth_spirit,2511,4480,league_roster,not human (животное),shredder,2195,4002,league_roster,Ari,dark_willow,1197,2003,league_roster,h\,jakiro,1271,1928,league_roster
18988,DreamLeague Season 27,8610327187,TY,VP,TY,Narumi,juggernaut,2566,4602,league_roster,,furion,2345,3932,league_roster,strafe instructor,tidehunter,2090,4097,league_roster,lostreak chicken,tusk,1122,1640,league_roster,John Pork,warlock,818,1877,league_roster,LC&M,weaver,2581,4296,league_roster,hamilton,tiny,3146,5496,league_roster,/,axe,2031,3862,league_roster,Hellscream,bounty_hunter,1193,1849,league_roster,yeehaw,crystal_maiden,1084,1527,league_roster
18988,DreamLeague Season 27,8610407872,VP,TY,VP,reward myself,juggernaut,2754,4635,league_roster,hamilton,earth_spirit,2336,3478,league_roster,Bingbong,slardar,1944,3123,league_roster,Hellscream,batrider,934,1307,league_roster,yeehaw,chen,1255,2184,league_roster,i,muerta,2185,3549,league_roster,CHIRA_JUNIOR,dragon_knight,2825,4865,league_roster,strafe instructor,centaur,1925,3356,league_roster,lostreak chicken,spirit_breaker,1114,1909,league_roster,:R,crystal_maiden,1267,2024,league_roster
18988,DreamLeague Season 27,8610508424,TY,VP,TY,Narumi,meepo,2504,4611,league_roster,CHIRA_JUNIOR,furion,2576,4713,league_roster,strafe instructor,axe,3520,5566,league_roster,g,shadow_demon,1111,2071,league_roster,ET,venomancer,1504,2453,league_roster,reward myself,terrorblade,1679,2760,league_roster,hamilton,tiny,2344,4344,league_roster,Bingbong,lycan,2384,4225,league_roster,Hellscream,batrider,1491,2316,league_roster,yeehaw,jakiro,883,1458,league_roster
18988,DreamLeague Season 27,8610608932,TSpirit,PV,TSpirit,@,windrunner,2785,5248,league_roster,RUEINA,viper,2735,4278,league_roster,bruno,centaur,1971,3611,league_roster,123,spirit_breaker,1159,1714,fallback_lh5,$,ancient_apparition,946,1586,league_roster,A,abaddon,2925,4542,league_roster,pSA,puck,1913,3675,league_roster,!!!,tidehunter,1829,2808,league_roster,Pele,batrider,1328,1599,league_roster,Dukalis,chen,1115,1844,league_roster
18988,DreamLeague Season 27,8610733410,PV,TSpirit,TSpirit,...,kez,2851,4567,league_roster,Master of my fear,furion,2123,3832,league_roster,I,lycan,2281,3160,league_roster,Pele,nyx_assassin,1347,1802,league_roster,$I`,pugna,1338,2203,league_roster,vg.poyoyo,ursa,2507,4584,league_roster,RUEINA,viper,2547,4460,league_roster,bruno,dragon_knight,2070,3874,league_roster,123,shadow_demon,736,1656,fallback_lh5,i,tusk,1078,1567,league_roster
18988,DreamLeague Season 27,8610908761,TY,Tundra,Tundra,Narumi,slark,1836,3453,league_roster,CHIRA_JUNIOR,dragon_knight,2541,4230,league_roster,strafe instructor,shredder,2251,4362,league_roster,lostreak chicken,muerta,823,1578,league_roster,R,witch_doctor,1230,1924,league_roster,Famous,juggernaut,2662,4322,league_roster,iɮ,tiny,2363,3825,league_roster,not human (животное),tidehunter,2300,3763,league_roster,Ari,dark_willow,1063,1627,league_roster,NongMon,pugna,989,1497,league_roster
18988,DreamLeague Season 27,8610997048,TY,Tundra,TY,`a,ursa,2566,3967,league_roster,CHIRA_JUNIOR,viper,2947,3946,league_roster,strafe instructor,axe,2316,3879,league_roster,lostreak chicken,shadow_shaman,1199,1589,league_roster,"""",chen,1361,2745,league_roster,Famous,omniknight,2886,5223,league_roster,0,tiny,2058,3533,league_roster,not human (животное),doom_bringer,2173,3234,league_roster,Ari,dark_willow,1241,1725,league_roster,NongMon,jakiro,891,1567,league_roster
18988,DreamLeague Season 27,8611101416,TY,Tundra,TY,Narumi,troll_warlord,2625,4534,league_roster,CHIRA_JUNIOR,viper,2584,4601,league_roster,0[,bristleback,2416,3739,league_roster,lostreak chicken,shadow_shaman,1222,1559,league_roster,John Pork,jakiro,884,1330,league_roster,Famous,ursa,2348,4177,league_roster,moonmender mindset,tinker,2033,4105,league_roster,not human (животное),tidehunter,2264,3143,league_roster,Ari,dark_willow,632,1206,league_roster,Py9<,warlock,1084,1663,league_roster
18988,DreamLeague Season 27,8611704029,XG,FLCN,XG,,kez,2611,4177,league_roster,NothingToSay,void_spirit,2260,3865,league_roster,a>,primal_beast,2377,4175,league_roster,其疾如风,shadow_demon,947,1510,league_roster,,warlock,1057,1671,league_roster,I m Going To Be The Best Carry,tiny,2286,4052,league_roster,Буська,viper,2362,4302,league_roster,΃,centaur,2536,4051,league_roster,7,crystal_maiden,1215,1418,league_roster,Sneyking,mirana,1093,1578,league_roster
18988,DreamLeague Season 27,8611813882,XG,FLCN,XG,念头通达,kez,2571,4474,league_roster,NothingToSay,ember_spirit,2557,4576,league_roster,¿,primal_beast,1696,3347,league_roster,其疾如风,muerta,989,2299,league_roster,rei,ringmaster,1428,2135,league_roster,I m Going To Be The Best Carry,ursa,2661,3908,league_roster,-#,dragon_knight,2456,4189,league_roster,F{,mars,2069,3847,league_roster,身正不怕影子斜,tusk,1048,1967,league_roster,@I{,crystal_maiden,792,1338,league_roster
18988,DreamLeague Season 27,8611968266,VP,OG,OG,sorry guys,tiny,2423,3701,league_roster,hamilton,earth_spirit,2017,2898,league_roster,Bingbong,shredder,1881,3585,league_roster,Hellscream,muerta,1119,1492,league_roster,yeehaw,chen,955,2045,league_roster,simply lovely,gyrocopter,3051,5294,league_roster,Rasmus?,ember_spirit,2259,4114,league_roster,A,doom_bringer,2643,4487,fallback_lh5,,shadow_shaman,1322,2122,league_roster,I just wanna win (:,rattletrap,917,1639,league_roster
18988,DreamLeague Season 27,8612073954,OG,VP,OG,simply lovely,weaver,2573,4511,league_roster,Rasmus?,dragon_knight,2973,5123,league_roster,D,mars,2109,3862,fallback_lh5,ukininam,mirana,1117,2064,league_roster,I just wanna win (:,rattletrap,788,1163,league_roster,sorry guys,gyrocopter,3702,5568,league_roster,hamilton,storm_spirit,2498,4306,league_roster,Bingbong,primal_beast,1861,3607,league_roster,Hellscream,ringmaster,983,1760,league_roster,yeehaw,tusk,1026,1580,league_roster
18988,DreamLeague Season 27,8612296716,XG,Tundra,XG,pg!,troll_warlord,2792,4730,league_roster,NothingToSay,tiny,1755,3141,league_roster,¿,night_stalker,2561,3778,league_roster,其疾如风,dark_willow,1092,1907,league_roster,rei,warlock,1180,2056,league_roster,Famous,ursa,2050,3582,league_roster,moonmender mindset,viper,2446,3439,league_roster,<ᖄ,axe,1966,3539,league_roster,Ari,slark,1044,2202,league_roster,NongMon,chen,1373,1852,league_roster
18988,DreamLeague Season 27,8612387534,XG,Tundra,XG,,windrunner,2517,3944,league_roster,,tinker,2262,4070,league_roster,,tidehunter,2339,3921,league_roster,其疾如风,spirit_breaker,1215,1641,league_roster,rei,chen,1424,2583,league_roster,Famous,bloodseeker,2320,4299,league_roster,moonmender mindset,ember_spirit,2190,4704,league_roster,not human (животное),axe,2198,3934,league_roster,Ari,batrider,1249,2248,league_roster,},pugna,791,1501,league_roster
18988,DreamLeague Season 27,8613199952,OG,PV,OG,simply lovely,gyrocopter,2749,4775,league_roster,Rasmus?,tiny,2632,4472,league_roster,Money For Nothing,primal_beast,2316,3513,fallback_lh5,U0tp,dark_willow,1455,1853,league_roster,I just wanna win (:,chen,1096,2126,league_roster,...,abaddon,2181,3573,league_roster,Master of my fear,ember_spirit,2226,4151,league_roster,Мp,slardar,1575,3078,league_roster,Pele,keeper_of_the_light,1222,2330,league_roster,y0p,disruptor,892,1367,league_roster
18988,DreamLeague Season 27,8613296700,PV,OG,PV,...,kez,2726,4533,league_roster,Master of my fear,slardar,2732,4147,league_roster,!!!,centaur,1443,2995,league_roster,Pele,keeper_of_the_light,1452,2784,league_roster,@fo,warlock,1057,1520,league_roster,simply lovely,gyrocopter,2847,4551,league_roster,Rasmus?,tiny,2158,3643,league_roster,Money For Nothing,axe,3495,4737,fallback_lh5,ukininam,shadow_demon,1308,1879,league_roster,I just wanna win (:,chen,1111,1690,league_roster
18988,DreamLeague Season 27,8613407484,PV,OG,PV,p/p,kez,2998,4915,league_roster,Master of my fear,invoker,2468,4650,league_roster,x~Np,phoenix,1967,3823,league_roster,Pele,monkey_king,1084,1604,league_roster,)ߩn,jakiro,1057,1172,league_roster,simply lovely,ursa,2624,3927,league_roster,Rasmus?,leshrac,2280,3726,league_roster,Money For Nothing,centaur,1539,2629,fallback_lh5,Pp,shadow_demon,1517,1890,league_roster,I just wanna win (:,warlock,1154,1411,league_roster
18988,DreamLeague Season 27,8613524044,TSpirit,TY,TY,vg.poyoyo,juggernaut,2662,4363,league_roster,RUEINA,viper,2173,3248,league_roster,bruno,centaur,2204,3196,league_roster,123,ringmaster,1041,1501,fallback_lh5,Tdp,pugna,1241,1666,league_roster,Narumi,ursa,2918,4907,league_roster,/5iq,invoker,2094,4079,league_roster,strafe instructor,shredder,2639,4652,league_roster,0q,tusk,983,1455,league_roster,sQq,dazzle,1285,1982,league_roster
18988,DreamLeague Season 27,8613669497,TSpirit,TY,TY,vg.poyoyo,kez,2583,4413,league_roster,RUEINA,earth_spirit,2456,3415,league_roster,bruno,batrider,2223,4212,league_roster,123,spirit_breaker,1303,1713,fallback_lh5,sustain,ringmaster,1211,1923,league_roster,Narumi,furion,2678,4778,league_roster,CHIRA_JUNIOR,ember_spirit,3087,5205,league_roster,Plp,centaur,2152,3545,league_roster,lostreak chicken,shadow_shaman,1305,2102,league_roster,John Pork,undying,825,1971,league_roster
18988,DreamLeague Season 27,8613871238,XG,PV,PV,念头通达,kez,2683,4136,league_roster,NothingToSay,leshrac,2815,4788,league_roster,¿,tidehunter,2680,4568,league_roster,其疾如风,shadow_shaman,1257,2028,league_roster,rei,warlock,1182,1564,league_roster,㑀m,dragon_knight,2673,4560,league_roster,Master of my fear,invoker,1777,3304,league_roster,!!!,slardar,2039,3603,league_roster,Pele,nyx_assassin,1146,1594,league_roster,Dukalis,disruptor,1081,1468,league_roster
18988,DreamLeague Season 27,8613974929,PV,XG,PV,...,medusa,2602,4877,league_roster,Master of my fear,tiny,2496,4526,league_roster,`q,centaur,1902,3585,league_roster,Pele,keeper_of_the_light,1650,2685,league_roster,Dukalis,elder_titan,1313,1797,league_roster,念头通达,kez,2714,4522,league_roster,NothingToSay,ember_spirit,1609,2859,league_roster,+eq,axe,2294,3412,league_roster,其疾如风,dark_willow,928,1530,league_roster,rei,warlock,799,2203,league_roster
18988,DreamLeague Season 27,8614840952,TSpirit,PV,TSpirit,vg.poyoyo,morphling,2427,4356,league_roster,RUEINA,invoker,2013,3330,league_roster,Pt',slardar,2432,3854,league_roster,123,shadow_shaman,1204,1747,fallback_lh5,J^&,warlock,1094,1789,league_roster,...,terrorblade,2115,3669,league_roster,Master of my fear,queenofpain,2993,4823,league_roster,!!!,ogre_magi,2600,3654,league_roster,y',monkey_king,959,1691,league_roster,Dukalis,ancient_apparition,945,1805,league_roster
18988,DreamLeague Season 27,8614983405,PV,TSpirit,TSpirit,...,kez,2882,4674,league_roster,Master of my fear,dragon_knight,2968,5429,league_roster,!!!,shredder,2488,4155,league_roster,Pele,tiny,1084,2115,league_roster,{',chen,1298,2533,league_roster,vg.poyoyo,gyrocopter,2522,4425,league_roster,`=w&,invoker,1941,3444,league_roster,bruno,centaur,1768,3388,league_roster,123,bounty_hunter,1057,1445,fallback_lh5,sustain,shadow_shaman,1177,1980,league_roster
18988,DreamLeague Season 27,8615212174,TSpirit,TY,TSpirit,v1(,phantom_assassin,2122,4413,league_roster,RUEINA,invoker,3115,4409,league_roster,Zk',tidehunter,2597,4679,league_roster,123,tusk,1187,1846,fallback_lh5,sustain,warlock,1244,1972,league_roster,Narumi,furion,2863,4863,league_roster,-(,dragon_knight,2674,4575,league_roster,strafe instructor,axe,2421,3885,league_roster,d&,shadow_demon,1547,1940,league_roster,John Pork,witch_doctor,1262,1577,league_roster
18988,DreamLeague Season 27,8615341751,TY,TSpirit,TY,Narumi,kez,2796,4438,league_roster,CHIRA_JUNIOR,viper,2614,4609,league_roster,strafe instructor,tidehunter,2742,5190,league_roster,lostreak chicken,shadow_shaman,1296,2031,league_roster,John Pork,shadow_demon,1088,1800,league_roster,vg.poyoyo,morphling,2327,4549,league_roster,RUEINA,furion,1967,3497,league_roster,bruno,primal_beast,2362,3610,league_roster,',rattletrap,920,1674,fallback_lh5,sustain,warlock,870,1647,league_roster
18988,DreamLeague Season 27,8615442050,TSpirit,TY,TY,vg.poyoyo,windrunner,2498,4327,league_roster,z&,dragon_knight,2162,3858,league_roster,5j',axe,2154,3911,league_roster,123,shadow_demon,1185,1741,fallback_lh5,sustain,elder_titan,1155,1587,league_roster,:(,templar_assassin,2432,4465,league_roster,P((,tiny,2309,3920,league_roster,strafe instructor,tidehunter,2275,3558,league_roster,&,keeper_of_the_light,1695,2544,league_roster,O&,jakiro,1022,1508,league_roster
18988,DreamLeague Season 27,8615531269,TY,TSpirit,TY,Narumi,templar_assassin,2687,4792,league_roster,CHIRA_JUNIOR,tiny,2365,3829,league_roster,strafe instructor,slardar,1751,3361,league_roster,+',keeper_of_the_light,1141,1837,league_roster,John Pork,chen,1055,2028,league_roster,vg.poyoyo,troll_warlord,2779,4834,league_roster,RUEINA,queenofpain,2020,3212,league_roster,=&,mars,2331,3848,league_roster,123,shadow_demon,1368,1747,fallback_lh5,sustain,disruptor,1130,1414,league_roster
19269,DreamLeague Season 28,8693354840,paiN,PV,PV,BOtxitO14PS<3,nevermore,2669,4333,fallback_lh5,Azul,viper,2495,3958,league_roster,x,largo,1972,3184,league_roster,a,tusk,1233,1723,league_roster,SavitaR,ringmaster,880,1578,league_roster,destroy,windrunner,2702,4856,league_roster,Master of my fear,tinker,2411,4811,league_roster,"Nah, I'd adapt",dark_seer,1937,3477,league_roster,Pele,marci,972,2097,league_roster,p&,disruptor,1047,2090,league_roster
19269,DreamLeague Season 28,8693417171,paiN,PV,PV,BOtxitO14PS<3,morphling,2217,4139,fallback_lh5,Azul,ember_spirit,2829,4849,league_roster,x,mars,2097,3007,league_roster,a,nyx_assassin,1208,1892,league_roster,SavitaR,skywrath_mage,1276,1986,league_roster,destroy,kez,2616,4652,league_roster,Master of my fear,primal_beast,2409,3806,league_roster,w|,batrider,2158,3800,league_roster,Pele,slark,1183,1723,league_roster,Dukalis,ringmaster,1220,1803,league_roster
19269,DreamLeague Season 28,8693504706,TSpirit,XG,XG,wl`diff银,gyrocopter,2870,4482,league_roster,grammy,void_spirit,2323,3323,fallback_lh5,bruno,centaur,2468,4371,league_roster,123,hoodwink,1134,1503,fallback_lh5,sustain,rattletrap,930,1354,league_roster,D,dragon_knight,2245,4081,league_roster,NothingToSay,ember_spirit,2330,4392,league_roster,¿,slardar,2128,3897,league_roster,其疾如风,shadow_demon,1065,1500,league_roster,D,ringmaster,884,1662,league_roster
19269,DreamLeague Season 28,8693593278,XG,TSpirit,XG,念头通达,drow_ranger,3106,5305,league_roster,NothingToSay,puck,2086,4109,league_roster,k,slardar,2437,4502,league_roster,?n,windrunner,1048,1652,league_roster,lavie,chen,1526,2158,league_roster,Therealoneoneeyed,dragon_knight,2753,4445,league_roster,grammy,viper,2456,3847,fallback_lh5,bruno,largo,1355,2768,league_roster,DI,nyx_assassin,1042,1930,fallback_lh5,Pg,ringmaster,1142,1560,league_roster
19269,DreamLeague Season 28,8693723587,Aurora,BetBoom,Aurora,A Narrow Escape,nevermore,2532,4552,league_roster,精神~,void_spirit,2352,4299,league_roster,Shenorita`,mars,2432,3724,league_roster,from behind,dark_willow,799,1182,league_roster,epileptick1d,phoenix,949,1367,league_roster,Naruto~,ursa,2101,4068,league_roster,wwwwww,puck,2433,4253,league_roster,Badwater,batrider,2327,4022,league_roster,Cuffed,hoodwink,1079,1869,league_roster,sandman,disruptor,607,961,league_roster
19269,DreamLeague Season 28,8693833533,BetBoom,Aurora,Aurora,Naruto~,muerta,2013,4457,league_roster,wwwwww,void_spirit,2517,4148,league_roster,Badwater,batrider,1719,3320,league_roster,_,marci,1077,1980,league_roster,sandman,tusk,1210,1527,league_roster,A Narrow Escape,abaddon,3055,4911,league_roster,精神~,puck,2401,3731,league_roster,Shenorita`,mars,1655,2608,league_roster,0\v,shadow_demon,1451,2013,league_roster,epileptick1d,phoenix,1504,1960,league_roster
19269,DreamLeague Season 28,8693948351,Tundra,MOUZ,Tundra,fucking ridiculous),nevermore,2518,4150,league_roster,Lennart Karl,tiny,2301,4630,league_roster,not human (животное),shredder,2460,4968,league_roster,Lyagushka,shadow_shaman,925,1617,league_roster,NongMon,treant,1154,2312,league_roster,\,dragon_knight,2103,3251,league_roster,Satoru,storm_spirit,1995,3101,league_roster,С\,bristleback,2011,3536,league_roster,mid two,nyx_assassin,1572,1754,league_roster,Seleri,jakiro,691,1241,fallback_lh5
19269,DreamLeague Season 28,8694016846,MOUZ,Tundra,MOUZ,KITR,dragon_knight,2253,3638,league_roster,Satoru,beastmaster,2438,4533,league_roster,Strach,batrider,1764,3802,league_roster,mid two,tusk,1251,1843,league_roster,Seleri,enchantress,1187,1998,fallback_lh5,fucking ridiculous),queenofpain,2542,4176,league_roster,Lennart Karl,bristleback,2560,4513,league_roster,not human (животное),largo,2175,4088,league_roster,Lyagushka,marci,1091,1330,league_roster,(s,disruptor,1091,1467,league_roster
19269,DreamLeague Season 28,8694620579,Aurora,paiN,Aurora,A Narrow Escape,nevermore,2895,4845,league_roster,精神~,ember_spirit,2468,4530,league_roster,Shenorita`,brewmaster,1906,3107,league_roster,from behind,hoodwink,1327,2238,league_roster,epileptick1d,shadow_demon,1451,2163,league_roster,BOtxitO14PS<3,razor,2533,4157,fallback_lh5,Azul,storm_spirit,2584,4272,league_roster,@@,night_stalker,1969,3824,league_roster,a,tiny,1365,2636,league_roster,SavitaR,marci,1003,1918,league_roster
19269,DreamLeague Season 28,8694692688,OG,YB,OG,sonny hayes,nevermore,3587,6219,league_roster,Rasmus?,void_spirit,2472,4195,league_roster,mam_bayotay,bristleback,2584,4326,fallback_lh5,DEKALIBRE,skywrath_mage,809,1569,league_roster,mam_ba,rattletrap,1573,2278,league_roster,999,kez,2645,4244,fallback_lh5,哎呀,tiny,2331,3897,fallback_lh5,3,abyssal_underlord,2129,3625,fallback_lh5,我要验牌,jakiro,1241,1858,fallback_lh5,李长歌,keeper_of_the_light,1203,1891,fallback_lh5
19269,DreamLeague Season 28,8694627572,TY,Liquid,Liquid,k{,sven,2526,4148,league_roster,",7",razor,1914,3388,league_roster,strafe instructor,abyssal_underlord,2400,4366,league_roster,lostreak chicken,tusk,1086,1686,league_roster,Pohn Jork,warlock,1364,2046,league_roster,༧,nevermore,2696,5046,league_roster,мусор,void_spirit,2469,4185,league_roster,50centaur,centaur,2294,3785,league_roster,Z,earth_spirit,891,1311,league_roster,tOfu,hoodwink,1379,1931,league_roster
19269,DreamLeague Season 28,8694745868,OG,YB,OG,sonny hayes,clinkz,2759,5165,league_roster,Rasmus?,mars,2133,4038,league_roster,mam_bayotay,bristleback,1978,3189,fallback_lh5,DEKALIBRE,batrider,912,1539,league_roster,mam_ba,jakiro,1395,2151,league_roster,999,kez,2635,4448,fallback_lh5,哎呀,tiny,2438,4149,fallback_lh5,3,shredder,1917,3461,fallback_lh5,李长歌,largo,887,1666,fallback_lh5,我要验牌,disruptor,761,1425,fallback_lh5
19269,DreamLeague Season 28,8694753345,paiN,Aurora,Aurora,BOtxitO14PS<3,juggernaut,2549,4906,fallback_lh5,Azul,slardar,2621,4373,league_roster,@@,centaur,1749,3115,league_roster,a,shadow_demon,1385,2233,league_roster,SavitaR,jakiro,1278,2406,league_roster,A Narrow Escape,nevermore,3072,5724,league_roster,精神~,ember_spirit,1948,3153,league_roster,Shenorita`,shredder,1842,2955,league_roster,from behind,hoodwink,1164,1671,league_roster,epileptick1d,phoenix,979,1900,league_roster
19269,DreamLeague Season 28,8694763191,Liquid,TY,Liquid,yondaime,windrunner,2473,3677,league_roster,мусор,invoker,1573,3044,league_roster,50centaur,centaur,1765,3473,league_roster,Boxi,tusk,835,1239,league_roster,tOfu,dazzle,1161,1692,league_roster,|,ursa,2762,4280,league_roster,kΡ,viper,2345,4192,league_roster,strafe instructor,mars,2325,4022,league_roster,|,dark_willow,1001,1478,league_roster,"@,&",warlock,1027,1867,league_roster
19269,DreamLeague Season 28,8694844159,MOUZ,TSpirit,TSpirit,~y,dragon_knight,2502,4154,league_roster,Satoru,viper,2654,4303,league_roster,~y,bristleback,1904,3965,league_roster,mid two,pudge,1121,1813,league_roster,Seleri,warlock,971,1657,fallback_lh5,Therealoneoneeyed,nevermore,2798,5115,league_roster,#вшарен,puck,2474,4114,fallback_lh5,bruno,necrolyte,1849,3011,league_roster,123,tiny,999,1358,fallback_lh5,sustain,jakiro,1198,1851,league_roster
19269,DreamLeague Season 28,8694827368,XctN,GL,XctN,hs,kez,2675,4749,fallback_lh5,< blank >,puck,1829,3314,fallback_lh5,PMA,slardar,2181,3483,fallback_lh5,Vigilante,windrunner,1438,2246,fallback_lh5,mavis,witch_doctor,944,1420,fallback_lh5,fish in the percolator,viper,2521,4296,fallback_lh5,`,void_spirit,2444,4199,league_roster,помойка,centaur,2320,3811,league_roster,happy frogs,muerta,864,1595,league_roster,Speeed,techies,1225,1874,league_roster
19269,DreamLeague Season 28,8694893418,NAVI,FLCN,FLCN,thoughts are clear,razor,2587,4407,league_roster,ссс,storm_spirit,2873,4976,league_roster,UNREAL BOT,centaur,2323,3451,league_roster,33a9ccc,tiny,1276,1971,league_roster,Promise,warlock,924,1217,league_roster,I m Going To Be The Best Carry,sven,2068,4210,league_roster,PMA(учусь играть),sand_king,2814,5067,league_roster,SumaoKy-,bristleback,2416,4594,league_roster,:,shadow_demon,1084,2026,league_roster,Sneyking,shadow_shaman,1282,1858,league_roster
19269,DreamLeague Season 28,8694931163,MOUZ,TSpirit,MOUZ,KITR,gyrocopter,2341,3781,league_roster,Satoru,invoker,1614,3412,league_roster,Strach,mars,2635,4073,league_roster,mid two,tusk,917,1354,league_roster,Seleri,warlock,856,1552,fallback_lh5,Therealoneoneeyed,kez,1985,3946,league_roster,#вшарен,viper,1965,2917,fallback_lh5,bruno,abyssal_underlord,2225,4123,league_roster,123,tiny,1096,1766,fallback_lh5,sustain,jakiro,1344,1802,league_roster
19269,DreamLeague Season 28,8694940772,GL,XctN,XctN,fish in the percolator,razor,2327,4168,fallback_lh5,)),puck,2386,4593,league_roster,помойка,centaur,1828,3231,league_roster,happy frogs,dark_willow,1184,1719,league_roster,Speeed,dazzle,1315,1799,league_roster,hs,dragon_knight,2614,4408,fallback_lh5,< blank >,ember_spirit,1765,3431,fallback_lh5,PMA,dawnbreaker,1719,3273,fallback_lh5,mavis,jakiro,741,1171,fallback_lh5,Vigilante,tusk,1167,1560,fallback_lh5
19269,DreamLeague Season 28,8694987925,NAVI,FLCN,FLCN,thoughts are clear,razor,1628,3407,league_roster,ссс,void_spirit,2067,3217,league_roster,UNREAL BOT,shredder,2194,3806,league_roster,33a9ccc,earth_spirit,837,1478,league_roster,Promise,grimstroke,1156,1677,league_roster,I m Going To Be The Best Carry,ursa,2268,3326,league_roster,PMA(учусь играть),dragon_knight,2575,3879,league_roster,u!,mars,2806,5584,league_roster,Cr1t-,ringmaster,1106,1562,league_roster,@|,phoenix,1243,2035,league_roster
19269,DreamLeague Season 28,8695048813,YB,Liquid,Liquid,3,dark_seer,2536,4852,fallback_lh5,哎呀,lina,2782,4736,fallback_lh5,_,leshrac,2435,4167,fallback_lh5,李长歌,earth_spirit,873,1569,fallback_lh5,我要验牌,jakiro,1100,2376,fallback_lh5,yondaime,nevermore,2284,4624,league_roster,,slardar,2037,3526,league_roster,50centaur,abyssal_underlord,2255,3824,league_roster,Boxi,marci,1101,1772,league_roster,@Dw,shadow_demon,938,1259,league_roster
19269,DreamLeague Season 28,8695029034,BetBoom,PV,PV,Naruto~,bristleback,2998,5078,league_roster,wwwwww,void_spirit,2048,3744,league_roster,Badwater,batrider,2015,2787,league_roster,Cuffed,hoodwink,1127,1735,league_roster,0,warlock,947,1395,league_roster,,morphling,2675,5011,league_roster,Master of my fear,razor,2878,4091,league_roster,"Nah, I'd adapt",largo,2113,3742,league_roster,Pele,marci,1007,1715,league_roster,Dukalis,disruptor,1057,1277,league_roster
19269,DreamLeague Season 28,8695096621,OG,TY,OG,sonny hayes,windrunner,2217,3501,league_roster,Rasmus?,storm_spirit,2675,4219,league_roster,mam_bayotay,primal_beast,2190,3965,fallback_lh5,DEKALIBRE,tusk,1078,1610,league_roster,mam_ba,chen,1131,2360,league_roster,Narumi,morphling,2770,4751,league_roster,CHIRA_JUNIOR,razor,2421,3917,league_roster,strafe instructor,kunkka,2108,4031,league_roster,Ss,tiny,1032,1586,league_roster,0!,jakiro,1254,2307,league_roster
19269,DreamLeague Season 28,8695126869,Liquid,YB,Liquid,yondaime,dragon_knight,2559,3835,league_roster,мусор,huskar,1829,3706,league_roster,LE,tidehunter,2860,4741,league_roster,Boxi,spirit_breaker,1412,1966,league_roster,tOfu,shadow_demon,1161,1957,league_roster,哎呀,lina,2677,4931,fallback_lh5,999,morphling,2410,4552,fallback_lh5,3,centaur,2759,4607,fallback_lh5,我要验牌,chen,1411,2771,fallback_lh5,李长歌,rattletrap,1405,2310,fallback_lh5
19269,DreamLeague Season 28,8695145808,PV,BetBoom,PV,destroy,templar_assassin,2564,5189,league_roster,Master of my fear,sniper,2894,5029,league_roster,"Nah, I'd adapt",mars,2299,3892,league_roster,Pele,marci,912,1719,league_roster,Dukalis,jakiro,1334,2235,league_roster,Naruto~,nevermore,2649,4885,league_roster,wwwwww,storm_spirit,1961,3033,league_roster,Badwater,omniknight,2174,3886,league_roster,Cuffed,windrunner,1538,2513,league_roster,sandman,rattletrap,1164,1470,league_roster
19269,DreamLeague Season 28,8695177931,OG,TY,OG,sonny hayes,clinkz,2376,4193,league_roster,Rasmus?,tiny,2110,3589,league_roster,mam_bayotay,centaur,2681,3930,fallback_lh5,DEKALIBRE,jakiro,1184,1708,league_roster,mam_ba,rattletrap,934,1456,league_roster,Narumi,dragon_knight,2542,4672,league_roster,CHIRA_JUNIOR,beastmaster,2616,4213,league_roster,strafe instructor,axe,2302,3537,league_roster,",",shadow_demon,1271,1693,league_roster,Pohn Jork,mirana,1440,2243,league_roster
19269,DreamLeague Season 28,8695219250,XctN,FLCN,FLCN,< blank >,ember_spirit,2238,4181,fallback_lh5,PMA,undying,2476,4321,fallback_lh5,hs,dragon_knight,2262,3617,fallback_lh5,,disruptor,650,1151,fallback_lh5,Vigilante,shadow_demon,1035,1754,fallback_lh5,I m Going To Be The Best Carry,gyrocopter,2148,3835,league_roster,Lj,sand_king,2545,4154,league_roster,SumaoKy-,pangolier,2464,4795,league_roster,Cr1t-,muerta,1572,2228,league_roster,Sneyking,tusk,1099,1609,league_roster
19269,DreamLeague Season 28,8695241710,GL,NAVI,NAVI,fish in the percolator,kez,2048,3690,fallback_lh5,)),viper,2230,4157,league_roster,помойка,slardar,1848,3367,league_roster,happy frogs,shadow_shaman,961,1576,league_roster,Speeed,techies,1264,1643,league_roster,thoughts are clear,windrunner,2700,4355,league_roster,=,puck,2408,3727,league_roster,UNREAL BOT,bristleback,2279,4109,league_roster,33a9ccc,hoodwink,820,1719,league_roster,Promise,jakiro,682,1602,league_roster
19269,DreamLeague Season 28,8695261608,XG,Tundra,Tundra,лP=!,clinkz,2594,4611,league_roster,NothingToSay,primal_beast,1956,3547,league_roster,D,viper,2176,3577,league_roster,其疾如风,rattletrap,1287,1751,league_roster,lavie,jakiro,929,1639,league_roster,fucking ridiculous),beastmaster,2560,3971,league_roster,Lennart Karl,tiny,2583,4528,league_roster,,largo,2500,4009,league_roster,Lyagushka,keeper_of_the_light,1276,2693,league_roster,NongMon,phoenix,808,1253,league_roster
19269,DreamLeague Season 28,8695299239,XctN,FLCN,FLCN,hs,gyrocopter,2708,4461,fallback_lh5,< blank >,kunkka,2497,4040,fallback_lh5,![,largo,1829,3126,fallback_lh5,mavis,jakiro,991,1313,fallback_lh5,P,tusk,1204,1829,fallback_lh5,)#1!,ursa,2895,5007,league_roster,PMA(учусь играть),beastmaster,3197,5922,league_roster,SumaoKy-,mars,1820,3276,league_roster,Cr1t-,shadow_demon,973,1846,league_roster,Sneyking,mirana,1469,2150,league_roster
19269,DreamLeague Season 28,8695317896,GL,NAVI,NAVI,<K,sven,2781,4625,fallback_lh5,@,viper,2611,4423,league_roster,@T,night_stalker,3043,3878,league_roster,"""n",shadow_shaman,1035,1160,league_roster,`C,jakiro,1536,1797,league_roster,8s,troll_warlord,2070,4238,league_roster,ссс,puck,1929,3601,league_roster,{!,largo,2438,4053,league_roster,33a9ccc,rattletrap,1211,1862,league_roster,p`,warlock,1038,2044,league_roster
19269,DreamLeague Season 28,8695336368,XG,Tundra,XG,,clinkz,2909,4586,league_roster,ː,tinker,2444,4402,league_roster,ͭ,mars,2406,4364,league_roster,其疾如风,hoodwink,1340,2000,league_roster,P!,jakiro,1252,1771,league_roster,ߦ,sven,1915,3829,league_roster,Lennart Karl,dragon_knight,2122,3858,league_roster,not human (животное),shredder,2006,4208,league_roster,Lyagushka,keeper_of_the_light,974,1546,league_roster,NongMon,phoenix,1201,1472,league_roster
19269,DreamLeague Season 28,8695867426,BetBoom,TY,BetBoom,i,kez,2454,3673,league_roster,',monkey_king,2913,4078,league_roster,Badwater,largo,2032,3458,league_roster,V,lion,1141,1991,league_roster,Pu,warlock,1075,2180,league_roster,F,clinkz,2696,4686,league_roster,@,void_spirit,2204,3722,league_roster,y,mars,1586,2870,league_roster,",6",shadow_shaman,1066,1915,league_roster,,marci,1055,1799,league_roster
19269,DreamLeague Season 28,8695864051,PV,Liquid,PV,py,nevermore,2615,5515,league_roster,4l,void_spirit,2450,3963,league_roster,,shredder,2029,3268,league_roster,.q,monkey_king,867,1458,league_roster,`,ringmaster,1155,1634,league_roster,k,dragon_knight,2471,4541,league_roster,@,slardar,1669,3495,league_roster,p,largo,2272,3968,league_roster,@^l,marci,863,1192,league_roster,,phoenix,934,1394,league_roster
19269,DreamLeague Season 28,8695879068,Aurora,YB,Aurora,ЋD,windrunner,2829,4157,league_roster,,razor,2325,4570,league_roster,`i,mars,2157,3382,league_roster,,nyx_assassin,1080,1717,league_roster,epileptick1d,phoenix,1221,2069,league_roster,",",kez,2676,4899,fallback_lh5,哎呀,storm_spirit,2446,4313,fallback_lh5,3,batrider,2008,3525,fallback_lh5,我要验牌,warlock,1122,1584,fallback_lh5,X,rattletrap,1243,1819,fallback_lh5
19269,DreamLeague Season 28,8695942998,Aurora,YB,Aurora,,phantom_assassin,2289,4066,league_roster,pN,huskar,2361,3702,league_roster,=,mars,2581,3874,league_roster,@1,hoodwink,1074,1854,league_roster,epileptick1d,warlock,765,1850,league_roster,@B,dragon_knight,2509,4093,fallback_lh5,哎呀,razor,2433,4497,fallback_lh5,3,abyssal_underlord,1850,3395,fallback_lh5,,largo,1350,2075,fallback_lh5,我要验牌,ringmaster,731,1256,fallback_lh5
19269,DreamLeague Season 28,8695931779,TY,BetBoom,BetBoom,`*nT,nevermore,2562,4511,league_roster,3,void_spirit,2147,3909,league_roster,eX,abyssal_underlord,2474,4303,league_roster,',muerta,1106,2046,league_roster,Jxg,rattletrap,1390,2215,league_roster,`$o,windrunner,2345,3763,league_roster,`P΂,ember_spirit,2787,4282,league_roster,R,enigma,2528,4303,league_roster,0g,marci,1130,2173,league_roster,,disruptor,863,1552,league_roster
19269,DreamLeague Season 28,8695945509,OG,paiN,paiN,sonny hayes,morphling,2313,3540,league_roster,Rasmus?,queenofpain,1981,3666,league_roster,g,centaur,1766,3212,fallback_lh5,ˊ,rattletrap,736,1314,league_roster,mam_ba,jakiro,908,1309,league_roster,6,life_stealer,2892,4710,fallback_lh5,Azul,ember_spirit,2805,4567,league_roster,@@,slardar,2578,4239,league_roster,3`,windrunner,1356,2320,league_roster,SavitaR,batrider,1092,1511,league_roster
19269,DreamLeague Season 28,8695931537,PV,Liquid,Liquid,"<""",windrunner,2536,4380,league_roster,"""",slardar,2548,4645,league_roster,,abyssal_underlord,2512,4245,league_roster,,dark_willow,1101,1694,league_roster,Dukalis,undying,946,1454,league_roster,"""",batrider,2348,3821,league_roster,',puck,2535,4364,league_roster,Pΐ,centaur,1506,3563,league_roster,@޾,pudge,834,1299,league_roster,,hoodwink,1117,1765,league_roster
19269,DreamLeague Season 28,8696007524,XctN,XG,XG,hs,kez,2411,3650,fallback_lh5,< blank >,queenofpain,1825,3270,fallback_lh5,,largo,2016,3951,fallback_lh5,Pn,dazzle,1315,2104,fallback_lh5,Vigilante,shadow_shaman,1288,1775,fallback_lh5,`C,luna,2868,4845,league_roster,,void_spirit,1894,3509,league_roster,0),batrider,2170,4493,league_roster,ݜ,ringmaster,1234,2282,league_roster,08,tusk,871,1358,league_roster
19269,DreamLeague Season 28,8696016706,GL,Tundra,Tundra,^h,clinkz,2382,4131,fallback_lh5,)),storm_spirit,2115,4197,league_roster,N,mars,2389,4131,league_roster,p[,jakiro,861,1402,league_roster,o,warlock,1074,1928,league_roster,cщ,kez,2316,3252,league_roster,L*L,beastmaster,2823,4893,league_roster,B,centaur,2347,4275,league_roster,Lyagushka,shadow_demon,758,1677,league_roster,`{,mirana,1657,2432,league_roster
19269,DreamLeague Season 28,8696025726,TSpirit,NAVI,NAVI,}ך,beastmaster,3337,5142,league_roster,SSS,void_spirit,2336,3630,fallback_lh5,0E,mars,2482,3909,league_roster,7,dark_willow,1269,1424,fallback_lh5,p,warlock,970,1195,league_roster,@{,windrunner,2336,4050,league_roster,`Km,queenofpain,2070,3694,league_roster,͟,largo,2051,3952,league_roster,r,rattletrap,1042,1716,league_roster,0iZ,disruptor,567,1156,league_roster
19269,DreamLeague Season 28,8696032319,MOUZ,FLCN,MOUZ,Xu,huskar,2146,3539,league_roster,Satoru,beastmaster,2330,4337,league_roster,0u,bristleback,2004,3591,league_roster,mid two,nyx_assassin,1086,1702,league_roster,Seleri,pugna,1057,1931,fallback_lh5,pװ,sven,2161,4086,league_roster,r,sand_king,3056,4819,league_roster,pJr,razor,2970,4808,league_roster,Eƽ,tusk,1046,2135,league_roster,C>,shadow_shaman,1087,2265,league_roster
19269,DreamLeague Season 28,8696088640,XctN,XG,XG,hs,kez,2339,3411,fallback_lh5,z,kunkka,2295,4564,fallback_lh5,< blank >,ember_spirit,1945,3326,fallback_lh5,p,muerta,1053,1784,fallback_lh5,,skywrath_mage,730,906,fallback_lh5,,windrunner,2068,3827,league_roster,@2,beastmaster,3044,5634,league_roster,¿,slardar,2457,4707,league_roster,D,dark_willow,1565,2195,league_roster,!,phoenix,696,1513,league_roster
19269,DreamLeague Season 28,8696105036,Tundra,GL,Tundra,,gyrocopter,2681,4685,league_roster,Ğ,invoker,2372,3681,league_roster,,doom_bringer,2726,4690,league_roster,Lyagushka,marci,1215,2000,league_roster,,bane,1165,1901,league_roster,,templar_assassin,2615,4682,fallback_lh5,@Y,void_spirit,2233,3737,league_roster,Q,slardar,2083,3675,league_roster,L,shadow_demon,928,1465,league_roster,@,warlock,994,1646,league_roster
19269,DreamLeague Season 28,8696116685,NAVI,TSpirit,TSpirit,g޾,windrunner,2727,4432,league_roster,m,tiny,2191,3823,league_roster,+,primal_beast,2135,3443,league_roster,0Nm,rattletrap,1084,1700,league_roster,7-K,ringmaster,936,1062,league_roster,*,faceless_void,2125,3689,league_roster,SSS,puck,2576,4643,fallback_lh5,ކ,mars,1983,2971,league_roster,,hoodwink,830,1412,fallback_lh5,p$,warlock,1118,1579,league_roster
19269,DreamLeague Season 28,8696122466,MOUZ,FLCN,MOUZ,!,nevermore,2341,3981,league_roster,Satoru,storm_spirit,2157,4015,league_roster,!,mars,2551,4588,league_roster,mid two,treant,1298,1855,league_roster,Seleri,warlock,919,2206,fallback_lh5,PAf,sven,1556,3583,league_roster,df,razor,2790,4341,league_roster,SumaoKy-,abyssal_underlord,2606,4554,league_roster,8.,largo,1115,1560,league_roster,P~2,jakiro,1015,1398,league_roster
19269,DreamLeague Season 28,8696203572,YB,TY,TY,`י,dragon_knight,2977,4668,fallback_lh5,哎呀,leshrac,2566,3596,fallback_lh5,3,razor,2085,3483,fallback_lh5,我要验牌,phoenix,1395,1465,fallback_lh5,o|,rattletrap,875,1373,fallback_lh5,2,nevermore,2784,5124,league_roster,p0,ember_spirit,2456,4424,league_roster,w,centaur,2185,3703,league_roster,r,tiny,968,1970,league_roster,h,warlock,1356,2657,league_roster
19269,DreamLeague Season 28,8696216369,paiN,BetBoom,BetBoom,0C,medusa,2026,3975,fallback_lh5,Azul,viper,2773,5051,league_roster,@@,bristleback,1764,3499,league_roster,-,rattletrap,1196,1637,league_roster,SavitaR,phoenix,812,1370,league_roster,,razor,3196,5510,league_roster,o9,puck,2458,4482,league_roster,vm,legion_commander,2166,3815,league_roster,`e,muerta,1483,2355,league_roster,1,treant,1324,1961,league_roster
19269,DreamLeague Season 28,8696228605,Aurora,Liquid,Aurora,TY,windrunner,2489,3786,league_roster,`i,storm_spirit,3121,4485,league_roster,0I,largo,2811,4422,league_roster,,hoodwink,1377,1564,league_roster,epileptick1d,shadow_demon,1464,1956,league_roster,`y,sven,2119,3594,league_roster,U,void_spirit,2170,3578,league_roster,>,abyssal_underlord,2287,4316,league_roster,Boxi,earth_spirit,1725,1975,league_roster,:},warlock,1117,1736,league_roster
19269,DreamLeague Season 28,8696218051,PV,OG,PV,,gyrocopter,2953,5113,league_roster,T,puck,2614,4067,league_roster,Z,largo,2369,3805,league_roster,O%,wisp,1197,1562,league_roster,PYކ,jakiro,1138,1668,league_roster,sonny hayes,clinkz,2954,4668,league_roster,Rasmus?,void_spirit,1938,3708,league_roster,ʙ,dark_seer,2277,3347,fallback_lh5,e,spirit_breaker,1229,1828,league_roster,mam_ba,batrider,852,1579,league_roster
19269,DreamLeague Season 28,8696286823,TY,YB,YB,Cߙ,kez,2386,3977,league_roster,L,leshrac,2579,3791,league_roster,L,batrider,2031,4107,league_roster,&h,tusk,1028,1646,league_roster,`C,warlock,1486,2389,league_roster,哎呀,queenofpain,2443,4342,fallback_lh5,y,nevermore,2454,4704,fallback_lh5,3,tidehunter,2119,4386,fallback_lh5,我要验牌,phoenix,1256,2008,fallback_lh5,P,spirit_breaker,1322,2295,fallback_lh5
19269,DreamLeague Season 28,8696295052,BetBoom,paiN,BetBoom,',gyrocopter,2012,3527,league_roster,wwwwww,beastmaster,3074,4925,league_roster,\9,kunkka,1969,4278,league_roster,DX5,shadow_demon,1063,2053,league_roster,#ʆ,tusk,1001,1467,league_roster,iPad kid,weaver,2222,3533,fallback_lh5,Azul,tiny,1777,3206,league_roster,@@,abyssal_underlord,2376,4319,league_roster,p9,snapfire,1202,1735,league_roster,SavitaR,jakiro,1220,1848,league_roster
19269,DreamLeague Season 28,8696317708,Aurora,Liquid,Aurora,,windrunner,2694,5118,league_roster,,viper,2562,4318,league_roster,S,brewmaster,2217,3870,league_roster,`,shadow_shaman,1096,1831,league_roster,epileptick1d,warlock,1208,2242,league_roster,P,kez,2820,4810,league_roster,',storm_spirit,1952,3221,league_roster,@d,batrider,1950,3679,league_roster,P~,tusk,1440,2463,league_roster,Ę,mirana,1184,2093,league_roster
19269,DreamLeague Season 28,8696315160,OG,PV,PV,sonny hayes,gyrocopter,2465,4249,league_roster,Rasmus?,beastmaster,2507,4172,league_roster,i,dark_seer,1903,3618,fallback_lh5,a,shadow_demon,1027,1697,league_roster,mam_ba,rattletrap,1008,1724,league_roster,destroy,nevermore,2833,4985,league_roster,`L,slardar,2471,4412,league_roster,`%,mars,2124,3665,league_roster,.,keeper_of_the_light,1308,1953,league_roster,.,jakiro,893,1446,league_roster
19269,DreamLeague Season 28,8696400188,MOUZ,XctN,MOUZ,P֧5,gyrocopter,2052,3913,league_roster,Satoru,puck,2348,4179,league_roster,`~5,mars,2244,3920,league_roster,mid two,tusk,991,1893,league_roster,Seleri,chen,1022,2427,fallback_lh5,PMA,abyssal_underlord,2787,5140,fallback_lh5,< blank >,storm_spirit,2200,3471,fallback_lh5,hs,abaddon,2139,3705,fallback_lh5,,jakiro,859,1540,fallback_lh5,y,hoodwink,1165,1864,fallback_lh5
19269,DreamLeague Season 28,8696399585,GL,FLCN,GL,,viper,2286,4362,fallback_lh5,,puck,1967,4338,league_roster,,enigma,2366,4173,league_roster,0Mm,tusk,1044,1547,league_roster,`2,phoenix,888,1801,league_roster,o,naga_siren,2227,3918,league_roster,GJ,lina,2664,4644,league_roster,/p,kunkka,2111,3158,league_roster,Cr1t-,shadow_demon,1297,2039,league_roster,Fu,mirana,1215,1427,league_roster
19269,DreamLeague Season 28,8696407511,NAVI,XG,NAVI,@;2,windrunner,2157,3965,league_roster,`a9,kez,2278,3875,league_roster,U,abyssal_underlord,2617,4485,league_roster,[,earth_spirit,1038,1644,league_roster,ʐ,warlock,964,1594,league_roster,k,templar_assassin,2657,4952,league_roster,,beastmaster,2839,4671,league_roster,`,brewmaster,2657,3783,league_roster,P,largo,1413,1970,league_roster,,chen,1242,1744,league_roster
19269,DreamLeague Season 28,8696428864,Tundra,TSpirit,Tundra,%,alchemist,2680,4835,league_roster,`h,invoker,2245,3293,league_roster,p,doom_bringer,2575,4032,league_roster,Lyagushka,shadow_shaman,1102,1276,league_roster,,phoenix,937,1638,league_roster,¬,antimage,1915,3413,league_roster,SSS,ember_spirit,2632,4956,fallback_lh5,"S,h",primal_beast,2313,4483,league_roster,p,snapfire,1344,1960,fallback_lh5,pD,ringmaster,1008,1608,league_roster
19269,DreamLeague Season 28,8696466009,XctN,MOUZ,MOUZ,hs,gyrocopter,2764,4220,fallback_lh5,< blank >,void_spirit,2539,3820,fallback_lh5,i2,mars,2563,3876,fallback_lh5,`,spirit_breaker,1255,2158,fallback_lh5,0%,jakiro,926,1334,fallback_lh5,i2,nevermore,2589,5087,league_roster,Satoru,storm_spirit,2702,4207,league_roster,pbi2,slardar,1836,3326,league_roster,mid two,tiny,895,1205,league_roster,Seleri,warlock,956,1944,fallback_lh5
19269,DreamLeague Season 28,8696488308,XG,NAVI,NAVI,<,templar_assassin,2375,4627,league_roster,,queenofpain,2462,4056,league_roster,¿,mars,1963,3376,league_roster,0$,jakiro,1499,1919,league_roster,M,tusk,803,1111,league_roster,ɮ,nevermore,3085,5107,league_roster,,ember_spirit,1764,2622,league_roster,{,abyssal_underlord,2128,3896,league_roster,,earth_spirit,1161,1930,league_roster,@k,disruptor,1091,1825,league_roster
19269,DreamLeague Season 28,8696474752,GL,FLCN,FLCN,,dragon_knight,2587,3967,fallback_lh5,b,invoker,2336,4062,league_roster,p,slardar,2426,3802,league_roster,"""}",shadow_demon,951,969,league_roster,0=!,chen,1235,2070,league_roster,Rf,bristleback,2580,4501,league_roster,f,puck,2782,4431,league_roster,yY,shredder,2105,3719,league_roster,L,hoodwink,680,1587,league_roster,`G,shadow_shaman,990,1628,league_roster
19269,DreamLeague Season 28,8696528491,TSpirit,Tundra,Tundra,,weaver,2288,3961,league_roster,SSS,ember_spirit,2143,3756,fallback_lh5,bruno,razor,2391,4082,league_roster,`M,spirit_breaker,1156,1643,fallback_lh5,@%n,shadow_demon,727,1137,league_roster,@Ū,muerta,2576,3935,league_roster,\a,void_spirit,2331,3927,league_roster,Ū,brewmaster,2144,4088,league_roster,Lyagushka,shadow_shaman,1411,1804,league_roster,,warlock,1635,2698,league_roster
19269,DreamLeague Season 28,8697088694,YB,paiN,YB,02|,phantom_assassin,2778,4252,fallback_lh5,哎呀,razor,2715,4205,fallback_lh5,3,largo,2186,3956,fallback_lh5,p;,muerta,1748,3153,fallback_lh5,我要验牌,jakiro,1385,2143,fallback_lh5,},clinkz,2142,4118,fallback_lh5,Azul,mars,2316,3977,league_roster,@@,slardar,1829,3326,league_roster,O5,tusk,1307,2072,league_roster,SavitaR,windrunner,1495,2261,league_roster
19269,DreamLeague Season 28,8697090294,PV,TY,TY,qn,templar_assassin,2550,4465,league_roster,"""7",void_spirit,2439,3684,league_roster,P#,mars,2200,3508,league_roster,2,phoenix,1227,2077,league_roster,Y,jakiro,827,1244,league_roster,P,nevermore,2715,4970,league_roster,P,storm_spirit,2512,4234,league_roster,9,axe,2429,4313,league_roster,lostreak chicken,hoodwink,1249,2085,league_roster,`S,ogre_magi,1097,1770,league_roster
19269,DreamLeague Season 28,8697096074,OG,Aurora,Aurora,sonny hayes,templar_assassin,2336,4790,league_roster,Rasmus?,slardar,2278,4360,league_roster,xh(,mars,2212,3692,fallback_lh5,,rattletrap,872,1392,league_roster,mam_ba,chen,920,1488,league_roster,yO,windrunner,2590,4293,league_roster,精神~,ember_spirit,2007,3607,league_roster,X,phoenix,3043,4863,league_roster,QDE,nyx_assassin,956,1561,league_roster,epileptick1d,warlock,1180,1778,league_roster
19269,DreamLeague Season 28,8697089342,Liquid,BetBoom,BetBoom,9,dragon_knight,2485,3930,league_roster,y,nevermore,2587,4540,league_roster,cԖ,mars,2260,3991,league_roster,0n,hoodwink,1160,1789,league_roster,tOfu,phoenix,1142,2158,league_roster,,templar_assassin,2594,4455,league_roster,o,puck,2665,4480,league_roster,,dazzle,2757,3866,league_roster,,tiny,1125,1648,league_roster,7,jakiro,1028,1417,league_roster
19269,DreamLeague Season 28,8697154213,TY,PV,PV,\,muerta,2368,3438,league_roster,@1,viper,2550,3803,league_roster,pr,mars,2079,3131,league_roster,p\,phoenix,1390,2430,league_roster,,marci,1236,1879,league_roster,@\,kez,2736,4651,league_roster,ж,beastmaster,2540,4741,league_roster,|,razor,1837,3274,league_roster,pr,monkey_king,1311,2066,league_roster,,ringmaster,1202,1692,league_roster
19269,DreamLeague Season 28,8697171723,Aurora,OG,Aurora,,windrunner,2653,4650,league_roster,u,storm_spirit,2578,4203,league_roster,U,shredder,2162,4190,league_roster,from behind,tiny,1059,1300,league_roster,epileptick1d,phoenix,1530,2530,league_roster,sonny hayes,kez,2784,4738,league_roster,Rasmus?,void_spirit,1847,3308,league_roster,15,mars,2054,2723,fallback_lh5,9,snapfire,914,1282,league_roster,mam_ba,warlock,977,1269,league_roster
19269,DreamLeague Season 28,8697151353,YB,paiN,YB,ƽ,weaver,2759,4465,fallback_lh5,哎呀,queenofpain,2101,3462,fallback_lh5,3,abyssal_underlord,2473,3422,fallback_lh5,0a,tiny,1013,1784,fallback_lh5,我要验牌,jakiro,910,1801,fallback_lh5,@,life_stealer,2371,5058,fallback_lh5,Azul,razor,2120,4148,league_roster,@@,tidehunter,2106,3371,league_roster,`PD,shadow_shaman,1168,2248,league_roster,SavitaR,ringmaster,1621,2254,league_roster
19269,DreamLeague Season 28,8697190420,Liquid,BetBoom,Liquid,#,muerta,3054,4635,league_roster,,razor,2314,5317,league_roster,,centaur,2212,3488,league_roster,ܥ,tusk,1080,1622,league_roster,/,warlock,940,1741,league_roster,,kez,2635,4649,league_roster,&,beastmaster,2240,3782,league_roster,Pǥ,necrolyte,2536,3839,league_roster,@x,marci,1074,1669,league_roster,^,phoenix,1449,1981,league_roster
19269,DreamLeague Season 28,8697256357,Tundra,XctN,Tundra,Ż,gyrocopter,2400,4230,league_roster,g#,beastmaster,2561,5111,league_roster,q,tidehunter,2490,4109,league_roster,Lyagushka,shadow_shaman,1343,2321,league_roster,P1,phoenix,1584,2407,league_roster,hs,windrunner,2291,4184,fallback_lh5,< blank >,storm_spirit,1659,3146,fallback_lh5,>,abyssal_underlord,2051,3087,fallback_lh5,|,dark_willow,952,1339,fallback_lh5,mavis,batrider,1055,1406,fallback_lh5
19269,DreamLeague Season 28,8697249030,TSpirit,FLCN,FLCN,Щ},templar_assassin,1505,2776,league_roster,SSS,slardar,2371,3609,fallback_lh5,Ѐ,mars,2113,3524,league_roster,6,dark_willow,999,1361,fallback_lh5,KEq,phoenix,777,1407,league_roster,6,nevermore,2321,4146,league_roster,,ember_spirit,2743,4657,league_roster,F܍,viper,2390,4927,league_roster,,muerta,712,1684,league_roster,С,rattletrap,712,1178,league_roster
19269,DreamLeague Season 28,8697269393,MOUZ,NAVI,MOUZ,9,razor,2722,4319,league_roster,Satoru,void_spirit,2671,4691,league_roster,,bristleback,2681,4676,league_roster,mid two,tusk,1110,1498,league_roster,Seleri,warlock,930,1690,fallback_lh5,@,gyrocopter,2180,4472,league_roster,dE,puck,2049,3410,league_roster,UNREAL BOT,viper,1941,3009,league_roster,33a9ccc,earth_spirit,1098,1415,league_roster,/d,jakiro,969,1315,league_roster
19269,DreamLeague Season 28,8697255100,XG,GL,GL,0,windrunner,2585,3991,league_roster,0,storm_spirit,2282,4161,league_roster,p,largo,1859,3519,league_roster,Z2,keeper_of_the_light,1176,2081,league_roster,$,phoenix,930,1212,league_roster,pK,beastmaster,2879,4638,fallback_lh5,00,queenofpain,2564,4227,league_roster,@PK,tidehunter,1907,3830,league_roster,,shadow_demon,725,1220,league_roster,>,chen,1544,2392,league_roster
19269,DreamLeague Season 28,8697328519,XctN,Tundra,Tundra,< blank >,kunkka,2588,3730,fallback_lh5,hs,templar_assassin,2647,4733,fallback_lh5,0m,batrider,1637,3105,fallback_lh5,,enchantress,876,1623,fallback_lh5,gm,ringmaster,1228,1927,fallback_lh5,.,gyrocopter,2927,5424,league_roster,%,beastmaster,2371,4207,league_roster,kJ,doom_bringer,2465,4276,league_roster,Lyagushka,shadow_demon,630,1360,league_roster,Y,bane,1229,1668,league_roster
19269,DreamLeague Season 28,8697341660,FLCN,TSpirit,TSpirit,2,nevermore,2590,4387,league_roster,!,ember_spirit,2389,4719,league_roster,Xh5,shredder,2439,4346,league_roster,pcK1,bounty_hunter,1313,2094,league_roster,Sneyking,ringmaster,973,1382,league_roster,`5,clinkz,2662,4346,league_roster,SSS,leshrac,2333,3937,fallback_lh5,o,mars,2035,3601,league_roster,,tusk,1296,2307,fallback_lh5,H,chen,1142,1966,league_roster
19269,DreamLeague Season 28,8697344540,MOUZ,NAVI,MOUZ,P/h,viper,1763,3900,league_roster,Satoru,puck,2847,4086,league_roster,`h,bristleback,2091,3128,league_roster,mid two,tusk,1122,1652,league_roster,Seleri,chen,1258,1778,fallback_lh5,`a,razor,1840,2901,league_roster,ссс,ember_spirit,2411,4125,league_roster,3h,abyssal_underlord,2497,3592,league_roster,p!,hoodwink,1091,1642,league_roster,,ringmaster,1032,2045,league_roster
19269,DreamLeague Season 28,8697361675,GL,XG,XG,X,omniknight,2905,4932,fallback_lh5,pm,razor,2434,4357,league_roster,7,enigma,1834,3123,league_roster,`,rattletrap,977,2503,league_roster,Pp,jakiro,810,1400,league_roster,{r,bristleback,3198,5325,league_roster,br,nevermore,2511,4775,league_roster,:,sand_king,2230,3845,league_roster,В],shadow_shaman,1155,2106,league_roster,t,phoenix,1026,1354,league_roster
19269,DreamLeague Season 28,8697450883,BetBoom,YB,BetBoom,,gyrocopter,2406,3889,league_roster,P,invoker,1722,3738,league_roster,|,batrider,2399,3650,league_roster,y,tiny,1599,2120,league_roster,0,tusk,915,1369,league_roster,999,weaver,2645,3828,fallback_lh5,哎呀,nevermore,2544,4592,fallback_lh5,3,tidehunter,2359,4353,fallback_lh5,d,spirit_breaker,1151,1531,fallback_lh5,我要验牌,disruptor,1072,1595,fallback_lh5
19269,DreamLeague Season 28,8697468814,Liquid,OG,Liquid,Y,monkey_king,2498,3708,league_roster,,razor,2308,3860,league_roster,eh5,batrider,1888,3387,league_roster,S,tiny,1144,1359,league_roster,j,oracle,1123,1898,league_roster,sonny hayes,nevermore,2442,4745,league_roster,Rasmus?,storm_spirit,2172,3868,league_roster,p],abyssal_underlord,1753,2822,fallback_lh5,Pҏ,rattletrap,1238,1757,league_roster,mam_ba,warlock,901,1684,league_roster
19269,DreamLeague Season 28,8697483686,Aurora,PV,Aurora,,medusa,3000,4969,league_roster,b,beastmaster,2236,4430,league_roster,PL,largo,1872,3050,league_roster,,shadow_shaman,1103,1744,league_roster,epileptick1d,phoenix,1176,2027,league_roster,`NÆ,kez,3003,5245,league_roster,pHf,puck,2285,4511,league_roster,`,slardar,1937,3688,league_roster,i,marci,1005,1480,league_roster,,ancient_apparition,1469,2337,league_roster
19269,DreamLeague Season 28,8697485006,paiN,TY,paiN,,dragon_knight,2312,4744,fallback_lh5,Azul,queenofpain,1919,3705,league_roster,@@,enigma,1971,3413,league_roster,`+4,rattletrap,1137,1853,league_roster,< blank >,jakiro,861,1634,league_roster,p,windrunner,2294,4090,league_roster,PT,storm_spirit,2286,3930,league_roster,@,axe,2645,4246,league_roster,Pߙ,batrider,875,1745,league_roster,a,dazzle,1093,1616,league_roster
19269,DreamLeague Season 28,8697542120,YB,BetBoom,BetBoom,哎呀,storm_spirit,2964,4258,fallback_lh5,"@%,h",luna,2302,3813,fallback_lh5,3,batrider,1967,3157,fallback_lh5,p`B_,marci,1037,2095,fallback_lh5,我要验牌,phoenix,999,2168,fallback_lh5,gd,weaver,2118,3809,league_roster,@gd,ember_spirit,2140,4048,league_roster,,axe,2792,4496,league_roster,`=b,hoodwink,964,1972,league_roster,sandman,treant,1425,2077,league_roster
19269,DreamLeague Season 28,8697576851,PV,Aurora,PV,pT,templar_assassin,2836,5230,league_roster,Master of my fear,beastmaster,2357,4217,league_roster,1N,primal_beast,1750,3673,league_roster,Pele,shadow_demon,910,1351,league_roster,Dukalis,ringmaster,919,1527,league_roster,+],phantom_assassin,2820,5080,league_roster,精神~,ember_spirit,1912,4043,league_roster,Shenorita`,largo,2482,4102,league_roster,`N,hoodwink,778,1244,league_roster,epileptick1d,jakiro,1188,2022,league_roster
19269,DreamLeague Season 28,8697564182,OG,Liquid,Liquid,sonny hayes,clinkz,2342,3895,league_roster,Rasmus?,tiny,2175,4501,league_roster,Nikko,abyssal_underlord,2976,4644,fallback_lh5,DEKALIBRE,marci,831,1145,league_roster,mam_ba,mirana,999,1532,league_roster,Tm2,sven,2838,4322,league_roster,Q,puck,2507,4057,league_roster,50centaur,largo,2031,3377,league_roster,][,tusk,1302,1901,league_roster,tOfu,warlock,997,1594,league_roster
19269,DreamLeague Season 28,8697596107,TY,paiN,paiN,l,ursa,2659,4380,league_roster,?],storm_spirit,1693,3070,league_roster,0k,centaur,2160,3540,league_roster,@EX,keeper_of_the_light,1101,1624,league_roster,;w,chen,1595,2339,league_roster,0MNl,templar_assassin,2552,4904,fallback_lh5,Azul,razor,2827,4746,league_roster,@@,abyssal_underlord,2232,4125,league_roster,P?p,tusk,1256,1586,league_roster,< blank >,shadow_demon,840,1206,league_roster
19269,DreamLeague Season 28,8697682487,XctN,TSpirit,TSpirit,< blank >,queenofpain,1744,3270,fallback_lh5,PMA,mars,2066,3522,fallback_lh5,hs,gyrocopter,2207,4119,fallback_lh5,`,earth_spirit,1166,1817,fallback_lh5,Uo,jakiro,937,1682,fallback_lh5,g,sven,2210,3584,league_roster,SSS,void_spirit,2095,3177,fallback_lh5,[,centaur,2710,4457,league_roster,z,shadow_demon,1207,1790,fallback_lh5,PM9,chen,1050,1584,league_roster
19269,DreamLeague Season 28,8697681037,Tundra,NAVI,Tundra,xf,kez,2616,4621,league_roster,@æ,tiny,2777,3652,league_roster,n,doom_bringer,2076,3638,league_roster,Lyagushka,shadow_demon,1038,1410,league_roster,@h5,phoenix,969,1578,league_roster,`S,ursa,3574,5432,league_roster,0؏,void_spirit,2141,4054,league_roster,UNREAL BOT,largo,1981,2730,league_roster,0jY,nyx_assassin,1384,2028,league_roster,Promise,warlock,1355,2484,league_roster
19269,DreamLeague Season 28,8697666126,XG,FLCN,FLCN,念头通达,weaver,2402,4099,league_roster,NothingToSay,ember_spirit,2716,4108,league_roster,Pr϶,mars,2280,3460,league_roster,其疾如风,dark_willow,1565,2024,league_roster,"""϶",jakiro,1329,1512,league_roster,I m Going To Be The Best Carry,kez,2204,3992,league_roster,`,puck,2334,3709,league_roster,SumaoKy-,razor,2390,4240,league_roster,4I,tiny,804,1480,league_roster,Sneyking,warlock,828,1220,league_roster
19269,DreamLeague Season 28,8697698749,GL,MOUZ,MOUZ,Cw,nevermore,2256,4651,fallback_lh5,e(,queenofpain,2448,4131,league_roster,f,largo,3059,4416,league_roster,sC,rattletrap,1012,1352,league_roster,9[m,phoenix,829,1389,league_roster,d,clinkz,2485,4095,league_roster,Satoru,storm_spirit,1998,3721,league_roster,I!,brewmaster,1888,3480,league_roster,mid two,treant,1134,1390,league_roster,Seleri,warlock,631,1023,fallback_lh5
19269,DreamLeague Season 28,8697723954,TSpirit,XctN,TSpirit,PVE-lobby,clinkz,2292,4093,league_roster,SSS,storm_spirit,2184,3862,fallback_lh5,bruno,primal_beast,2282,3946,league_roster,123,largo,1126,1862,fallback_lh5,sustain,chen,1183,1746,league_roster,PYd,razor,2523,4638,fallback_lh5,hs,dragon_knight,2584,4447,fallback_lh5,< blank >,void_spirit,2300,3582,fallback_lh5,z,rattletrap,1588,2297,fallback_lh5,PMYd,warlock,1242,1956,fallback_lh5
19269,DreamLeague Season 28,8697750242,NAVI,Tundra,Tundra,thoughts are clear,ursa,2430,3752,league_roster,@,invoker,2030,3424,league_roster,`t,bristleback,2154,3333,league_roster,33a9ccc,shadow_demon,974,1427,league_roster,Promise,shadow_shaman,1076,1215,league_roster,9,kez,2606,4527,league_roster,F,void_spirit,3049,5099,league_roster,pl},largo,2306,4212,league_roster,Lyagushka,hoodwink,939,1764,league_roster,p},warlock,924,1894,league_roster
19269,DreamLeague Season 28,8697789792,MOUZ,GL,GL,.6,clinkz,2371,4426,league_roster,Satoru,beastmaster,2600,4778,league_roster,Strach,brewmaster,1939,3108,league_roster,mid two,treant,1065,1693,league_roster,Seleri,pugna,451,1373,fallback_lh5,fish in the percolator,nevermore,2669,4936,fallback_lh5,`,tiny,2740,4349,league_roster,~,centaur,2487,4185,league_roster,happy frogs,dark_willow,1108,1463,league_roster,Speeed,warlock,586,973,league_roster
19269,DreamLeague Season 28,8697754563,XG,FLCN,XG,念头通达,nevermore,2609,4529,league_roster,חg,void_spirit,2409,4075,league_roster,e,abyssal_underlord,1932,2880,league_roster,其疾如风,tusk,710,1163,league_roster,lavie,phoenix,915,1828,league_roster,I m Going To Be The Best Carry,omniknight,2660,4490,league_roster,PMA(учусь играть),puck,2186,3928,league_roster,6,razor,1847,2762,league_roster,Cr1t-,marci,1004,1370,league_roster,"@""",ringmaster,813,1242,league_roster
19269,DreamLeague Season 28,8698367627,PV,YB,PV,Y,kez,3055,5237,league_roster,Master of my fear,razor,1879,3626,league_roster,"Nah, I'd adapt",primal_beast,2117,3918,league_roster,Pele,shadow_demon,1113,1884,league_roster,Dukalis,disruptor,1270,1598,league_roster,,phantom_assassin,2705,4612,fallback_lh5,哎呀,viper,2515,4011,fallback_lh5,3,centaur,2017,3620,fallback_lh5,我要验牌,invoker,1208,1995,fallback_lh5,李长歌,alchemist,1526,2557,fallback_lh5
19269,DreamLeague Season 28,8698371604,Aurora,TY,Aurora,A Narrow Escape,life_stealer,2186,3656,league_roster,精神~,sniper,3408,5559,league_roster,Shenorita`,centaur,2323,3856,league_roster,from behind,hoodwink,1163,1938,league_roster,epileptick1d,pugna,770,1816,league_roster,-,kez,2186,4135,league_roster,BS,kunkka,2075,3450,league_roster,strafe instructor,viper,2008,3594,league_roster,lostreak chicken,tiny,1181,1535,league_roster,Pohn Jork,witch_doctor,1103,1795,league_roster
19269,DreamLeague Season 28,8698371110,paiN,Liquid,Liquid,iPad kid,weaver,2893,4799,fallback_lh5,Azul,ember_spirit,2611,4464,league_roster,@@,abyssal_underlord,1543,2672,league_roster,Vigoss,nyx_assassin,1168,2329,league_roster,< blank >,rattletrap,1264,2000,league_roster,yondaime,ursa,2633,4480,league_roster,мусор,storm_spirit,2511,4224,league_roster,50centaur,batrider,1977,3975,league_roster,,tusk,926,1286,league_roster,tOfu,warlock,1555,2188,league_roster
19269,DreamLeague Season 28,8698367105,OG,BetBoom,OG,sonny hayes,gyrocopter,1823,3428,league_roster,Rasmus?,shredder,2524,3990,league_roster,Nikko,largo,2563,4604,fallback_lh5,DEKALIBRE,lion,964,1632,league_roster,mam_ba,mirana,1061,1510,league_roster,Naruto~,kez,2375,4468,league_roster,2n,tiny,2073,3911,league_roster,˒,bristleback,2601,4908,league_roster,ກ,hoodwink,1013,1812,league_roster,sandman,jakiro,1081,1416,league_roster
19269,DreamLeague Season 28,8698428156,YB,PV,PV,l,clinkz,2687,3934,fallback_lh5,哎呀,storm_spirit,2021,3315,fallback_lh5,3,shredder,1751,2596,fallback_lh5,李长歌,windrunner,1161,1851,fallback_lh5,我要验牌,rattletrap,797,1294,fallback_lh5,destroy,gyrocopter,3788,6239,league_roster,Master of my fear,beastmaster,3466,5199,league_roster,,primal_beast,2763,3865,league_roster,Pele,ringmaster,1424,1937,league_roster,Dukalis,disruptor,1158,1695,league_roster
19269,DreamLeague Season 28,8698437169,TY,Aurora,TY,-,beastmaster,3160,5503,league_roster,CHIRA_JUNIOR,puck,2878,4409,league_roster,strafe instructor,viper,1910,3179,league_roster,i,tusk,1554,2583,league_roster,x,ancient_apparition,1675,2267,league_roster,լ,razor,2596,4120,league_roster,精神~,ember_spirit,2269,4262,league_roster,"""",mars,1765,2706,league_roster,from behind,tiny,1101,1682,league_roster,epileptick1d,shadow_demon,1362,2163,league_roster
19269,DreamLeague Season 28,8698438568,paiN,Liquid,Liquid,iPad kid,abaddon,2700,4702,fallback_lh5,Azul,razor,1901,3516,league_roster,@@,beastmaster,2602,4676,league_roster,Vigoss,shadow_shaman,1606,2151,league_roster,< blank >,jakiro,1297,2030,league_roster,yondaime,tiny,2312,3824,league_roster,мусор,nevermore,2691,4328,league_roster,@,batrider,2115,3741,league_roster,K,hoodwink,1105,1780,league_roster,tOfu,largo,1244,1714,league_roster
19269,DreamLeague Season 28,8698436662,BetBoom,OG,OG,Naruto~,windrunner,2310,3390,league_roster,wwwwww,beastmaster,2780,4508,league_roster,Badwater,abyssal_underlord,2439,4481,league_roster,Cuffed,phoenix,1217,1743,league_roster,sandman,disruptor,897,1136,league_roster,sonny hayes,weaver,2298,3869,league_roster,Rasmus?,puck,2416,4454,league_roster,Nikko,bristleback,2689,4216,fallback_lh5,DEKALIBRE,lion,1396,2044,league_roster,mam_ba,treant,1516,2086,league_roster
19269,DreamLeague Season 28,8698542436,GL,TSpirit,GL,fish in the percolator,weaver,2801,4811,fallback_lh5,)),storm_spirit,2406,4240,league_roster,помойка,centaur,2830,4937,league_roster,happy frogs,shadow_demon,1057,1595,league_roster,o,warlock,1208,1887,league_roster,PVE-lobby,nevermore,2144,3718,league_roster,SSS,queenofpain,2485,4162,fallback_lh5,bruno,tidehunter,2340,4329,league_roster,123,largo,898,1248,fallback_lh5,sustain,phoenix,912,1217,league_roster
19269,DreamLeague Season 28,8698519769,XctN,NAVI,NAVI,hs,luna,2750,4089,fallback_lh5,< blank >,kunkka,2588,4391,fallback_lh5,PMA,razor,2220,3717,fallback_lh5,e,witch_doctor,944,1703,fallback_lh5,Vigilante,tiny,1469,1924,fallback_lh5,thoughts are clear,muerta,2610,3702,league_roster,ссс,queenofpain,2104,4253,league_roster,UNREAL BOT,largo,2151,3119,league_roster,R,rattletrap,972,1372,league_roster,Promise,disruptor,1092,1258,league_roster
19269,DreamLeague Season 28,8698568968,MOUZ,XG,XG,KITR,gyrocopter,2329,4089,league_roster,Satoru,invoker,2216,4148,league_roster,Strach,mars,2330,3930,league_roster,mid two,tusk,823,1275,league_roster,Seleri,snapfire,994,1374,fallback_lh5,念头通达,kez,2938,4527,league_roster,,storm_spirit,1894,3744,league_roster,¿,centaur,2427,4109,league_roster,其疾如风,shadow_demon,706,1344,league_roster,%$>,phoenix,769,1318,league_roster
19269,DreamLeague Season 28,8698519674,Tundra,FLCN,FLCN,fucking ridiculous),void_spirit,2213,4222,league_roster,Lennart Karl,queenofpain,2585,4389,league_roster,not human (животное),largo,1979,3471,league_roster,Lyagushka,marci,926,1660,league_roster,NongMon,jakiro,1082,2033,league_roster,I m Going To Be The Best Carry,nevermore,2765,4475,league_roster,PMA(учусь играть),earthshaker,1520,3052,league_roster,SumaoKy-,shredder,2250,4222,league_roster,Cr1t-,ringmaster,895,1418,league_roster,Sneyking,rattletrap,771,1220,league_roster
19269,DreamLeague Season 28,8698613744,GL,TSpirit,TSpirit,fish in the percolator,viper,2758,4391,fallback_lh5,POD,void_spirit,2510,4112,league_roster,помойка,largo,2235,4079,league_roster,p:,tusk,757,1012,league_roster,Speeed,batrider,995,1394,league_roster,PVE-lobby,abaddon,2380,3512,league_roster,SSS,puck,2394,4132,fallback_lh5,bruno,dark_seer,1930,3641,league_roster,123,tiny,1519,2407,fallback_lh5,sustain,disruptor,1061,1538,league_roster
19269,DreamLeague Season 28,8698630441,XctN,NAVI,NAVI,hs,luna,2561,4173,fallback_lh5,PMA,centaur,2447,4204,fallback_lh5,< blank >,void_spirit,2190,3551,fallback_lh5,Un,shadow_demon,1121,1980,fallback_lh5,mavis,phoenix,845,1527,fallback_lh5,thoughts are clear,templar_assassin,2705,5092,league_roster,ссс,queenofpain,2460,3819,league_roster,UNREAL BOT,largo,2693,4356,league_roster,33a9ccc,earth_spirit,1062,1613,league_roster,Promise,jakiro,1226,1602,league_roster
19269,DreamLeague Season 28,8698660679,XG,MOUZ,MOUZ,念头通达,windrunner,2644,4792,league_roster,NothingToSay,beastmaster,2951,4977,league_roster,¿,mars,2224,4013,league_roster,其疾如风,tusk,1648,2538,league_roster,lavie,jakiro,1221,2370,league_roster,-,dragon_knight,2819,4100,league_roster,Satoru,storm_spirit,1838,3075,league_roster,Strach,batrider,1874,3484,league_roster,mid two,nyx_assassin,1212,1787,league_roster,Seleri,pugna,1003,1541,fallback_lh5
19269,DreamLeague Season 28,8698668899,FLCN,Tundra,FLCN,@1m,dragon_knight,2386,3670,league_roster,PMA(учусь играть),primal_beast,1599,2925,league_roster,SumaoKy-,viper,2809,4426,league_roster,,tusk,1298,2026,league_roster,Sneyking,phoenix,906,1726,league_roster,fucking ridiculous),puck,2794,4946,league_roster,ഌ,nevermore,1491,3197,league_roster,p^,largo,2051,3444,league_roster,Lyagushka,shadow_shaman,941,1442,league_roster,^,jakiro,1210,1281,league_roster
19269,DreamLeague Season 28,8698782516,BetBoom,OG,BetBoom,Naruto~,muerta,2551,4998,league_roster,wwwwww,beastmaster,2165,4228,league_roster,Badwater,abyssal_underlord,2292,3359,league_roster,E,lion,1402,2211,league_roster,sandman,tusk,896,1595,league_roster,sonny hayes,windrunner,2383,3783,league_roster,Rasmus?,ember_spirit,2468,3963,league_roster,Nikko,largo,2381,3256,fallback_lh5,DEKALIBRE,phoenix,884,1877,league_roster,mam_ba,alchemist,1069,1336,league_roster
19269,DreamLeague Season 28,8698904895,OG,BetBoom,OG,sonny hayes,abaddon,3049,5164,league_roster,Rasmus?,tiny,2188,3756,league_roster,Nikko,abyssal_underlord,2341,3993,fallback_lh5,DEKALIBRE,windrunner,1149,1709,league_roster,mam_ba,disruptor,923,1473,league_roster,Naruto~,ursa,1938,4258,league_roster,wwwwww,puck,2620,4406,league_roster,Badwater,axe,1728,3070,league_roster,Cuffed,lion,1001,1706,league_roster,,jakiro,1312,1905,league_roster
19269,DreamLeague Season 28,8698996024,OG,BetBoom,BetBoom,sonny hayes,gyrocopter,2485,4124,league_roster,Rasmus?,earthshaker,1976,3771,league_roster,7/,primal_beast,2220,3639,fallback_lh5,DEKALIBRE,lion,745,1231,league_roster,mam_ba,ancient_apparition,862,1254,league_roster,Naruto~,kez,2579,4637,league_roster,.,ember_spirit,1951,3941,league_roster,Badwater,largo,1940,3615,league_roster,=E,windrunner,1380,2463,league_roster,sandman,jakiro,864,1955,league_roster
19269,DreamLeague Season 28,8699819713,XG,Liquid,Liquid,)V,faceless_void,2856,4492,league_roster,NothingToSay,puck,2305,3800,league_roster,)V,primal_beast,2117,2936,league_roster,5)V,tusk,1130,1635,league_roster,`)V,warlock,1075,1661,league_roster,yondaime,razor,2668,4967,league_roster,мусор,void_spirit,2416,3785,league_roster,pxf,mars,2401,4074,league_roster,P,rattletrap,927,1632,league_roster,`(),shadow_demon,1208,1418,league_roster
19269,DreamLeague Season 28,8699897894,XG,Liquid,Liquid,念头通达,kez,2836,4600,league_roster,NothingToSay,void_spirit,2429,3314,league_roster,¿,tidehunter,1965,3628,league_roster,в_,windrunner,1298,1933,league_roster,`?,chen,1422,1806,league_roster,yondaime,bristleback,3216,5073,league_roster,мусор,puck,2455,3826,league_roster,50centaur,centaur,2171,3826,league_roster,Boxi,spirit_breaker,1347,1978,league_roster,tOfu,jakiro,1115,1846,league_roster
19269,DreamLeague Season 28,8700062110,MOUZ,Tundra,Tundra,F,kez,2747,3870,league_roster,Satoru,storm_spirit,2504,4414,league_roster,Strach,centaur,2107,3899,league_roster,mid two,shadow_demon,979,1718,league_roster,Seleri,warlock,1143,1433,fallback_lh5,fucking ridiculous),beastmaster,2537,4271,league_roster,123,ember_spirit,1750,3326,league_roster,not human (животное),tidehunter,2031,3968,league_roster,Lyagushka,keeper_of_the_light,911,1358,league_roster,`(,phoenix,1261,1858,league_roster
19269,DreamLeague Season 28,8700166436,Tundra,MOUZ,MOUZ,fucking ridiculous),abaddon,2687,4029,league_roster,123,puck,2554,4687,league_roster,not human (животное),brewmaster,2512,4587,league_roster,Lyagushka,shadow_shaman,882,1553,league_roster,Z,phoenix,992,1885,league_roster,KITR,dragon_knight,2586,4408,league_roster,Satoru,beastmaster,2795,4545,league_roster,Pd,bristleback,1969,3512,league_roster,mid two,nyx_assassin,1147,1700,league_roster,Seleri,pugna,1258,1824,fallback_lh5
19269,DreamLeague Season 28,8700287136,MOUZ,Tundra,Tundra,Nr,gyrocopter,2105,3545,league_roster,Satoru,storm_spirit,2177,3620,league_roster,Strach,bristleback,2191,3602,league_roster,mid two,tusk,1093,1617,league_roster,Seleri,warlock,1095,1925,fallback_lh5,Fn,muerta,2312,3582,league_roster,123,tiny,2769,4609,league_roster,,largo,2621,4365,league_roster,Lyagushka,keeper_of_the_light,1542,2002,league_roster,NongMon,phoenix,1046,1669,league_roster
19269,DreamLeague Season 28,8700405044,Aurora,PV,Aurora,A Narrow Escape,ursa,2757,4642,league_roster,精神~,razor,2495,4090,league_roster,pD,largo,1971,3745,league_roster,from behind,shadow_shaman,840,1342,league_roster,epileptick1d,jakiro,962,1720,league_roster,,kez,2716,4113,league_roster,Master of my fear,invoker,2171,3560,league_roster,PV7.,primal_beast,1512,2719,league_roster,Pele,monkey_king,1352,2128,league_roster,Dukalis,ringmaster,1128,1511,league_roster
19269,DreamLeague Season 28,8700519354,PV,Aurora,Aurora,destroy,clinkz,3060,5087,league_roster,`,puck,2484,4057,league_roster,"Nah, I'd adapt",mars,2161,3955,league_roster,Pele,marci,982,1523,league_roster,Dukalis,chen,1362,2331,league_roster,A Narrow Escape,sven,2557,4662,league_roster,精神~,void_spirit,2082,3948,league_roster,Shenorita`,shredder,1659,3280,league_roster,geekin',shadow_demon,954,1554,league_roster,epileptick1d,warlock,953,1458,league_roster
19269,DreamLeague Season 28,8700643559,BetBoom,FLCN,FLCN,?,gyrocopter,2039,3937,league_roster,wwwwww,slardar,2406,4027,league_roster,Badwater,mars,2510,3662,league_roster,Cuffed,shadow_demon,978,1944,league_roster,sandman,jakiro,937,1372,league_roster,I m Going To Be The Best Carry,troll_warlord,2212,3285,league_roster,PMA(учусь играть),sand_king,2387,4458,league_roster,SumaoKy-,bristleback,2571,4385,league_roster,Cr1t-,hoodwink,1167,1970,league_roster,N,tusk,1048,1555,league_roster
19269,DreamLeague Season 28,8700717009,BetBoom,FLCN,FLCN,Naruto~,abaddon,1520,2369,league_roster,P,invoker,2508,4628,league_roster,Badwater,void_spirit,2313,3852,league_roster,Cuffed,shadow_demon,925,2078,league_roster,U,jakiro,1240,2086,league_roster,I m Going To Be The Best Carry,life_stealer,2492,4477,league_roster,PMA(учусь играть),sand_king,3110,4989,league_roster,SumaoKy-,viper,2405,4347,league_roster,Cr1t-,muerta,889,2004,league_roster,Sneyking,phoenix,991,1974,league_roster
19269,DreamLeague Season 28,8701415358,XG,MOUZ,XG,念头通达,ursa,2854,5006,league_roster,NothingToSay,tiny,2362,4052,league_roster,¿,brewmaster,2017,3451,league_roster,^P,spirit_breaker,1107,1669,league_roster,@[,warlock,1240,2111,league_roster,KITR,nevermore,2611,3737,league_roster,Satoru,viper,2168,3398,league_roster,`,tidehunter,2261,3410,league_roster,mid two,nyx_assassin,1235,1238,league_roster,Seleri,chen,1155,2043,fallback_lh5
19269,DreamLeague Season 28,8701495156,MOUZ,XG,XG,KITR,dragon_knight,2509,3729,league_roster,Satoru,puck,2049,3697,league_roster,Strach,bristleback,2504,4437,league_roster,mid two,nyx_assassin,1100,1298,league_roster,Seleri,enchantress,986,1928,fallback_lh5,念头通达,kez,2438,4529,league_roster,NothingToSay,viper,2207,3335,league_roster,¿,primal_beast,2540,4195,league_roster,其疾如风,shadow_demon,1084,1609,league_roster,lavie,phoenix,1025,1816,league_roster
19269,DreamLeague Season 28,8701666212,PV,Tundra,Tundra,destroy,windrunner,2513,5218,league_roster,Master of my fear,queenofpain,2372,4456,league_roster,"Nah, I'd adapt",primal_beast,2340,4131,league_roster,Pele,ringmaster,1223,2091,league_roster,Dukalis,shadow_demon,1132,1342,league_roster,,kez,2469,3367,league_roster,123,tiny,2343,3271,league_roster,not human (животное),batrider,2032,3623,league_roster,Lyagushka,keeper_of_the_light,971,1506,league_roster,,phoenix,468,1059,league_roster
19269,DreamLeague Season 28,8701817219,Tundra,PV,Tundra,fucking ridiculous),faceless_void,2819,4475,league_roster,123,ember_spirit,2146,3783,league_roster,not human (животное),batrider,2487,4270,league_roster,Lyagushka,tiny,1181,2109,league_roster,NongMon,phoenix,742,1961,league_roster,destroy,windrunner,2683,4414,league_roster,Master of my fear,huskar,2857,4509,league_roster,"Nah, I'd adapt",primal_beast,2143,3444,league_roster,Pi,keeper_of_the_light,1453,1963,league_roster,\U,shadow_demon,1394,1880,league_roster
19269,DreamLeague Season 28,8701978003,BetBoom,Liquid,Liquid,Naruto~,abaddon,2548,4546,league_roster,wwwwww,huskar,2711,4448,league_roster,Badwater,slardar,2342,3596,league_roster,Cuffed,lion,1074,1845,league_roster,sandman,warlock,1050,1663,league_roster,yondaime,nevermore,2795,5206,league_roster,мусор,storm_spirit,1976,3896,league_roster,50centaur,batrider,2124,4330,league_roster,Boxi,tiny,1384,1734,league_roster,tOfu,chen,1459,2342,league_roster
19269,DreamLeague Season 28,8702081221,Liquid,BetBoom,Liquid,yondaime,windrunner,2302,4571,league_roster,мусор,sniper,3143,5339,league_roster,50centaur,mars,2102,3903,league_roster,Boxi,hoodwink,1305,2283,league_roster,tOfu,largo,1821,2779,league_roster,Naruto~,templar_assassin,2587,4186,league_roster,wwwwww,nevermore,2111,2657,league_roster,Badwater,enigma,2216,3786,league_roster,Cuffed,muerta,1266,2095,league_roster,sandman,phoenix,1165,1799,league_roster
19269,DreamLeague Season 28,8702232936,Aurora,FLCN,Aurora,@,ursa,2580,4356,league_roster,精神~,viper,2760,4138,league_roster,Shenorita`,centaur,2554,4271,league_roster,geekin',lion,1054,2153,league_roster,epileptick1d,jakiro,1446,2633,league_roster,x,windrunner,2446,4262,league_roster,Ҫ,lina,1827,3097,league_roster,SumaoKy-,mars,2578,3652,league_roster,Cr1t-,shadow_demon,869,1683,league_roster,Sneyking,rattletrap,786,1421,league_roster
19269,DreamLeague Season 28,8702331491,Aurora,FLCN,Aurora,A Narrow Escape,ursa,2634,4698,league_roster,,razor,2532,4149,league_roster,Shenorita`,mars,1891,2924,league_roster,geekin',lion,622,891,league_roster,epileptick1d,jakiro,837,1392,league_roster,I m Going To Be The Best Carry,kez,2509,4082,league_roster,PMA(учусь играть),primal_beast,2219,3482,league_roster,SumaoKy-,bristleback,2054,3816,league_roster,Cr1t-,ringmaster,1242,1827,league_roster,Sneyking,pugna,735,1949,league_roster
19269,DreamLeague Season 28,8702997623,BetBoom,MOUZ,BetBoom,Naruto~,gyrocopter,2366,4131,league_roster,wwwwww,storm_spirit,2498,3957,league_roster,Badwater,largo,2249,3493,league_roster,Cuffed,dark_willow,1008,1523,league_roster,sandman,tusk,915,1761,league_roster,Ϸ,dragon_knight,2421,4828,league_roster,Satoru,leshrac,2489,4567,league_roster,Ϸ,mars,2242,4208,league_roster,mid two,phoenix,1209,2158,league_roster,Seleri,enchantress,1098,1808,fallback_lh5
19269,DreamLeague Season 28,8703101544,MOUZ,BetBoom,BetBoom,,nevermore,2295,4375,league_roster,Satoru,beastmaster,2445,4899,league_roster,Strach,slardar,2474,3720,league_roster,mid two,marci,996,1993,league_roster,Seleri,warlock,1529,2531,fallback_lh5,Naruto~,windrunner,2496,4285,league_roster,,storm_spirit,1775,2879,league_roster,Badwater,largo,2499,3695,league_roster,,hoodwink,1253,1591,league_roster,sandman,tusk,804,1129,league_roster
19269,DreamLeague Season 28,8703243107,PV,XG,XG,?,phantom_assassin,2751,3840,league_roster,Master of my fear,dragon_knight,3048,4826,league_roster,"Nah, I'd adapt",phoenix,2787,4411,league_roster,Pele,tiny,1646,1950,league_roster,Dukalis,jakiro,899,1251,league_roster,念头通达,ursa,2707,4295,league_roster,NothingToSay,sand_king,2690,5090,league_roster,¿,mars,2285,4228,league_roster,其疾如风,ringmaster,992,2181,league_roster,lavie,warlock,1035,1854,league_roster
19269,DreamLeague Season 28,8703354577,XG,PV,XG,念头通达,beastmaster,2319,4630,league_roster,NothingToSay,primal_beast,2792,4922,league_roster,ǋ,mars,2877,4974,league_roster,其疾如风,shadow_shaman,1365,2330,league_roster,lavie,phoenix,698,1345,league_roster,destroy,templar_assassin,2386,4469,league_roster,Master of my fear,sand_king,3053,4681,league_roster,"Nah, I'd adapt",pangolier,2327,3796,league_roster,D,nyx_assassin,1057,1623,league_roster,Dukalis,ringmaster,933,1351,league_roster
19269,DreamLeague Season 28,8703518862,Aurora,Tundra,Tundra,A Narrow Escape,abaddon,2614,4490,league_roster,pG=,huskar,2896,4626,league_roster,Shenorita`,centaur,1728,3021,league_roster,geekin',nyx_assassin,1315,1721,league_roster,epileptick1d,phoenix,1315,2318,league_roster,fucking ridiculous),kez,2620,4947,league_roster,шапира-,tiny,1990,4041,league_roster,not human (животное),batrider,2087,3455,league_roster,Lyagushka,keeper_of_the_light,1417,2467,league_roster,NongMon,warlock,1249,2167,league_roster
19269,DreamLeague Season 28,8703596234,Aurora,Tundra,Aurora,A Narrow Escape,medusa,2399,4018,league_roster,D,storm_spirit,2301,3921,league_roster,Shenorita`,mars,2171,3364,league_roster,geekin',shadow_demon,1092,1409,league_roster,epileptick1d,jakiro,820,1230,league_roster,fucking ridiculous),kez,2320,4120,league_roster,шапира-,tiny,2391,3678,league_roster,`#,doom_bringer,2828,4844,league_roster,Lyagushka,dark_willow,925,1655,league_roster,NongMon,warlock,889,1543,league_roster
19269,DreamLeague Season 28,8703682176,Tundra,Aurora,Aurora,`_K,dragon_knight,2246,3873,league_roster,шапира-,void_spirit,2141,3924,league_roster,not human (животное),doom_bringer,1950,4018,league_roster,Lyagushka,keeper_of_the_light,1187,2123,league_roster,NongMon,phoenix,929,1489,league_roster,p*S_,abaddon,3000,4683,league_roster,D,storm_spirit,2461,3338,league_roster,Shenorita`,largo,1837,3028,league_roster,geekin',hoodwink,797,1190,league_roster,epileptick1d,jakiro,1529,2048,league_roster
19269,DreamLeague Season 28,8703811606,FLCN,Liquid,Liquid,I m Going To Be The Best Carry,nevermore,1871,3107,league_roster,AMMAR_THE_FUCKER,bristleback,2729,4609,league_roster,saberlight,tidehunter,2118,4234,league_roster,Cr1t-,ringmaster,916,1518,league_roster,Sneyking,rattletrap,1090,1540,league_roster,yondaime,kez,3138,5344,league_roster,мусор,storm_spirit,2409,4064,league_roster,50centaur,mars,2212,3740,league_roster,*/,shadow_demon,928,1804,league_roster,tOfu,warlock,1206,2322,league_roster
19269,DreamLeague Season 28,8703862527,Liquid,FLCN,Liquid,yondaime,dragon_knight,2628,4242,league_roster,мусор,ember_spirit,2766,4741,league_roster,PW,centaur,1879,3775,league_roster,Ж,tusk,811,1549,league_roster,tOfu,jakiro,953,1642,league_roster,I m Going To Be The Best Carry,kez,2407,3524,league_roster,`Q,shredder,2414,4104,league_roster,,mars,1636,2448,league_roster,p,windrunner,1186,1754,league_roster,i,warlock,1043,1445,league_roster
19269,DreamLeague Season 28,8704372110,XG,Tundra,Tundra,念头通达,razor,2775,4589,league_roster,NothingToSay,tiny,2670,4542,league_roster,¿,abyssal_underlord,2281,3791,league_roster,`2,ringmaster,986,1208,league_roster,lavie,phoenix,812,1528,league_roster,fucking ridiculous),faceless_void,2426,4339,league_roster,0,ember_spirit,2218,3698,league_roster,not human (животное),largo,2344,4168,league_roster,Lyagushka,shadow_shaman,1236,1733,league_roster,NongMon,jakiro,604,846,league_roster
19269,DreamLeague Season 28,8704436647,XG,Tundra,Tundra,念头通达,razor,2509,3977,league_roster,NothingToSay,primal_beast,2078,3509,league_roster,`i,batrider,1956,3630,league_roster,其疾如风,nyx_assassin,951,1483,league_roster,lavie,phoenix,1117,1700,league_roster,`X,muerta,2736,4275,league_roster,`X,earthshaker,2614,4993,league_roster,@$,doom_bringer,2308,3964,league_roster,Lyagushka,hoodwink,1002,1569,league_roster,NongMon,disruptor,884,1390,league_roster
19269,DreamLeague Season 28,8704584247,PV,BetBoom,PV,ua,beastmaster,2944,5320,league_roster,Master of my fear,tinker,2242,4651,league_roster,Ę^,shredder,2418,4209,league_roster,Pele,spirit_breaker,1191,1919,league_roster,4,jakiro,1202,1781,league_roster,34l,abaddon,2580,4531,league_roster,wwwwww,viper,2380,4327,league_roster,Badwater,abyssal_underlord,2437,3732,league_roster,n,windrunner,1277,1724,league_roster,smoke,warlock,1033,1565,league_roster
19269,DreamLeague Season 28,8704672982,BetBoom,PV,BetBoom,\,ursa,2696,4138,league_roster,PEє,razor,2504,4277,league_roster,Badwater,mars,2220,3854,league_roster,Cuffed,ringmaster,1308,2199,league_roster,smoke,jakiro,775,1244,league_roster,ë,kez,2542,3622,league_roster,Master of my fear,beastmaster,2882,4544,league_roster,"Nah, I'd adapt",primal_beast,2108,3970,league_roster,Pele,techies,1228,1919,league_roster,0,phoenix,1083,1631,league_roster
19269,DreamLeague Season 28,8704809958,BetBoom,PV,BetBoom,Naruto~,clinkz,2997,5649,league_roster,wwwwww,viper,2649,4258,league_roster,Badwater,mars,2527,4381,league_roster,@Y䳆,jakiro,1196,2271,league_roster,smoke,tusk,936,1564,league_roster,Fw,dragon_knight,2395,3892,league_roster,,void_spirit,1848,2951,league_roster,"Nah, I'd adapt",largo,2203,3471,league_roster,Pele,techies,916,1423,league_roster,ОI׉,ringmaster,844,1653,league_roster
19269,DreamLeague Season 28,8704911047,MOUZ,FLCN,FLCN,@ډ,dragon_knight,2580,3941,league_roster,Satoru,beastmaster,2937,4768,league_roster,ډ,mars,2005,3099,league_roster,mid two,phoenix,1006,1184,league_roster,Seleri,warlock,853,2102,fallback_lh5,I m Going To Be The Best Carry,kez,2658,4746,league_roster,?:,primal_beast,1949,3331,league_roster,kUBAJIDA,centaur,2228,3978,league_roster,ډ,shadow_demon,907,1362,league_roster,,jakiro,1415,2070,league_roster
19269,DreamLeague Season 28,8704994010,MOUZ,FLCN,FLCN,KITR,razor,2124,3609,league_roster,Satoru,storm_spirit,2596,3824,league_roster,Strach,tidehunter,1562,3142,league_roster,mid two,tiny,1059,1274,league_roster,Seleri,warlock,962,1731,fallback_lh5,I m Going To Be The Best Carry,bristleback,2418,5059,league_roster,AMMAR_THE_FUCKER,ember_spirit,2190,3571,league_roster,kUBAJIDA,centaur,1949,3561,league_roster,Cr1t-,shadow_demon,1229,2020,league_roster,Sneyking,jakiro,1653,2178,league_roster
19269,DreamLeague Season 28,8705093983,Aurora,Liquid,Liquid,Passing Each Other,dragon_knight,2523,4343,league_roster,精神~,storm_spirit,2637,4302,league_roster,`$,shredder,2148,3763,league_roster,geekin',shadow_demon,1185,1906,league_roster,epileptick1d,warlock,841,1305,league_roster,yondaime,nevermore,2929,5038,league_roster,мусор,ember_spirit,2783,4835,league_roster,50centaur,mars,2063,3881,league_roster,Boxi,tusk,731,960,league_roster,tOfu,phoenix,1131,1972,league_roster
19269,DreamLeague Season 28,8705170081,Aurora,Liquid,Aurora,Passing Each Other,faceless_void,2729,4481,league_roster,精神~,queenofpain,2518,3795,league_roster,Shenorita`,mars,2162,3891,league_roster,geekin',shadow_demon,1442,2154,league_roster,epileptick1d,jakiro,1234,1619,league_roster,yondaime,razor,3159,5230,league_roster,мусор,storm_spirit,1967,3458,league_roster,50centaur,tidehunter,2278,4055,league_roster,Boxi,tusk,1462,2052,league_roster,tOfu,chen,1085,1954,league_roster
19269,DreamLeague Season 28,8705234350,Aurora,Liquid,Liquid,Passing Each Other,ursa,2862,4748,league_roster,pr,nevermore,2180,4406,league_roster,Shenorita`,primal_beast,1938,3447,league_roster,geekin',tiny,1268,1791,league_roster,epileptick1d,pugna,1287,2208,league_roster,yondaime,kez,2829,4945,league_roster,мусор,invoker,2284,4175,league_roster,50centaur,mars,1664,2730,league_roster,Boxi,earth_spirit,667,1295,league_roster,tOfu,warlock,1241,2444,league_roster
19269,DreamLeague Season 28,8705689500,BetBoom,XG,XG,"݉""",abaddon,1955,3626,league_roster,',razor,2343,4390,league_roster,Badwater,necrolyte,2367,4348,league_roster,Cuffed,tiny,1677,2360,league_roster,smoke,disruptor,686,1147,league_roster,"@{:""",clinkz,2573,4243,league_roster,NothingToSay,queenofpain,2501,4216,league_roster,";:""",slardar,2295,3351,league_roster,其疾如风,hoodwink,1121,1932,league_roster,lavie,warlock,1098,1860,league_roster
19269,DreamLeague Season 28,8705770056,XG,BetBoom,BetBoom,!,sven,2214,3849,league_roster,NothingToSay,viper,2245,4299,league_roster,"Ѝs""",centaur,2396,3978,league_roster,"օ$""",shadow_shaman,1004,1447,league_roster,lavie,warlock,1030,1747,league_roster,Naruto~,kez,2574,4289,league_roster,wwwwww,puck,2319,4088,league_roster,Badwater,razor,2176,3655,league_roster,Cuffed,bounty_hunter,1061,1818,league_roster,smoke,jakiro,1013,1419,league_roster
19269,DreamLeague Season 28,8705868819,BetBoom,XG,XG,"Б """,abaddon,2516,4736,league_roster,wwwwww,queenofpain,2041,3901,league_roster,Badwater,abyssal_underlord,2183,3723,league_roster,Cuffed,jakiro,1049,1427,league_roster,"0""",disruptor,969,1406,league_roster,念头通达,kez,3029,4705,league_roster,NothingToSay,tinker,2259,4021,league_roster,\O#,batrider,2234,3590,league_roster,其疾如风,tusk,1113,1948,league_roster,lavie,ringmaster,1091,1743,league_roster
19269,DreamLeague Season 28,8705985032,PV,Liquid,PV,destroy,weaver,2499,4032,league_roster,Master of my fear,ember_spirit,2609,3913,league_roster,"Nah, I'd adapt",largo,2407,4000,league_roster,Pele,shadow_shaman,1140,1427,league_roster,Dukalis,disruptor,1006,1498,league_roster,yondaime,furion,2147,4156,league_roster,мусор,puck,2341,4161,league_roster,50centaur,batrider,2296,4039,league_roster,"r""",tiny,861,1534,league_roster,tOfu,treant,1239,1710,league_roster
19269,DreamLeague Season 28,8706108597,PV,Liquid,Liquid,....,windrunner,2421,4181,league_roster,g'#,storm_spirit,2550,4710,league_roster,@S=#,mars,2048,3868,league_roster,Pele,shadow_demon,1091,1804,league_roster,Dukalis,disruptor,1082,1583,league_roster,yondaime,razor,2567,4473,league_roster,мусор,ember_spirit,2992,4982,league_roster,"@]{""",centaur,1832,2993,league_roster,Boxi,batrider,1196,2239,league_roster,tOfu,warlock,1219,1809,league_roster
19269,DreamLeague Season 28,8706217180,PV,Liquid,Liquid,....,kez,2845,4866,league_roster,"pߧ""",sniper,2356,3559,league_roster,")ߧ""",batrider,2209,3518,league_roster,"ߧ""",slark,1312,1626,league_roster,"`w""",jakiro,1253,1420,league_roster,yondaime,monkey_king,2858,5214,league_roster,"01$""",nevermore,2000,4019,league_roster,"z""",tidehunter,1977,3979,league_roster,Boxi,earth_spirit,1064,1589,league_roster,tOfu,oracle,1135,1878,league_roster
19269,DreamLeague Season 28,8706315543,FLCN,Tundra,Tundra,"""",dragon_knight,2550,4580,league_roster,AMMAR_THE_FUCKER,puck,2496,3663,league_roster,kUBAJIDA,slardar,2010,2957,league_roster,ҔD#,shadow_demon,1127,1962,league_roster,Sneyking,jakiro,1066,1517,league_roster,fucking ridiculous),nevermore,2563,4300,league_roster,шапира-,tiny,2326,4545,league_roster,not human (животное),centaur,2141,4355,league_roster,Lyagushka,shadow_shaman,910,1439,league_roster,`9,phoenix,776,1456,league_roster
19269,DreamLeague Season 28,8706393740,Tundra,FLCN,Tundra,fucking ridiculous),muerta,2623,4380,league_roster,шапира-,ember_spirit,2497,3915,league_roster,not human (животное),largo,2185,3790,league_roster,Lyagushka,keeper_of_the_light,1393,1774,league_roster,NongMon,bane,697,1300,league_roster,I m Going To Be The Best Carry,razor,2234,3809,league_roster,AMMAR_THE_FUCKER,leshrac,2588,4391,league_roster,kUBAJIDA,tidehunter,1823,3205,league_roster,Cr1t-,hoodwink,820,1775,league_roster,Sneyking,treant,1211,1755,league_roster
19269,DreamLeague Season 28,8706467498,Aurora,MOUZ,Aurora,Passing Each Other,nevermore,2926,5040,league_roster,精神~,storm_spirit,2424,4187,league_roster,"""",brewmaster,2474,3717,league_roster,geekin',lion,1013,1680,league_roster,epileptick1d,warlock,1016,1455,league_roster,KITR,dragon_knight,2171,3446,league_roster,Satoru,razor,3043,4775,league_roster,Strach,centaur,1613,3231,league_roster,mid two,nyx_assassin,1062,1815,league_roster,Seleri,phoenix,1010,1519,fallback_lh5
19269,DreamLeague Season 28,8706520721,MOUZ,Aurora,MOUZ,4!,beastmaster,2556,4261,league_roster,Satoru,invoker,2065,3719,league_roster,"`!r*""",dark_seer,2559,4153,league_roster,mid two,nyx_assassin,1511,1889,league_roster,Seleri,pugna,941,1338,fallback_lh5,Passing Each Other,ursa,2565,4979,league_roster,精神~,viper,2146,3654,league_roster,Shenorita`,mars,2356,4004,league_roster,geekin',dark_willow,1289,1886,league_roster,epileptick1d,jakiro,1490,2402,league_roster
19269,DreamLeague Season 28,8706561733,MOUZ,Aurora,MOUZ,KITR,nevermore,2054,3545,league_roster,Satoru,sand_king,2663,4332,league_roster,"`/""",bristleback,1965,3666,league_roster,mid two,marci,879,1392,league_roster,Seleri,warlock,1118,1689,fallback_lh5,Passing Each Other,windrunner,2385,3893,league_roster,精神~,storm_spirit,2769,3872,league_roster,Shenorita`,mars,2325,4015,league_roster,geekin',dark_willow,822,1190,league_roster,epileptick1d,jakiro,906,1474,league_roster
19269,DreamLeague Season 28,8706982309,BetBoom,Tundra,Tundra,pD[$,ursa,2763,4501,league_roster,`a$,puck,2647,3980,league_roster,Badwater,centaur,2202,3317,league_roster,0ja$,bounty_hunter,1427,1823,league_roster,P,warlock,1200,1902,league_roster,fucking ridiculous),muerta,2118,4495,league_roster,"%""",tiny,2310,3668,league_roster,not human (животное),beastmaster,2694,5108,league_roster,Lyagushka,keeper_of_the_light,1461,2308,league_roster,NongMon,chen,1241,2594,league_roster
19269,DreamLeague Season 28,8707039268,BetBoom,Tundra,BetBoom,Naruto~,sven,3076,5225,league_roster,wwwwww,ember_spirit,2370,4354,league_roster,Badwater,mars,1727,3352,league_roster,Cuffed,shadow_demon,1473,2091,league_roster,smoke,jakiro,1291,1849,league_roster,fucking ridiculous),kez,2903,4456,league_roster,шапира-,storm_spirit,2017,3431,league_roster,not human (животное),doom_bringer,2463,4439,league_roster,Lyagushka,keeper_of_the_light,973,1565,league_roster,NongMon,warlock,773,1792,league_roster
19269,DreamLeague Season 28,8707134142,Tundra,BetBoom,Tundra,fucking ridiculous),muerta,2629,4570,league_roster,P?!,void_spirit,2260,3479,league_roster,not human (животное),centaur,2350,3447,league_roster,Lyagushka,shadow_shaman,787,1845,league_roster,NongMon,jakiro,1103,1834,league_roster,Naruto~,kez,2309,3430,league_roster,wwwwww,razor,2479,4072,league_roster,Badwater,axe,1616,3334,league_roster,"`}""",hoodwink,831,1377,league_roster,smoke,dazzle,1511,2056,league_roster
19269,DreamLeague Season 28,8707250597,Liquid,MOUZ,MOUZ,yondaime,kez,2993,5048,league_roster,"""#",queenofpain,2917,4246,league_roster,50centaur,largo,2298,3757,league_roster,Boxi,spirit_breaker,1074,1302,league_roster,tOfu,warlock,942,2001,league_roster,l$,nevermore,2642,4688,league_roster,Satoru,primal_beast,1730,2852,league_roster,l$,tidehunter,2174,3518,league_roster,mid two,marci,1261,1986,league_roster,Seleri,enchantress,908,1963,fallback_lh5
19269,DreamLeague Season 28,8707360093,MOUZ,Liquid,Liquid,KITR,razor,2229,4134,league_roster,Satoru,queenofpain,2235,3654,league_roster,Strach,bristleback,2250,3729,league_roster,mid two,treant,952,1456,league_roster,Seleri,pugna,1079,1909,fallback_lh5,yondaime,nevermore,2757,5023,league_roster,"Rs""",void_spirit,2417,4165,league_roster,50centaur,centaur,1864,3064,league_roster,0~$,rattletrap,779,1499,league_roster,tOfu,hoodwink,1072,1814,league_roster
19269,DreamLeague Season 28,8707467954,Liquid,MOUZ,Liquid,yondaime,dragon_knight,2773,5259,league_roster,"""",slardar,2267,3945,league_roster,A#,razor,1814,2735,league_roster,Boxi,earth_spirit,628,1118,league_roster,tOfu,hoodwink,1460,2032,league_roster,`ֹ%,kez,2514,4942,league_roster,Satoru,storm_spirit,2554,4355,league_roster,Strach,bristleback,1875,3439,league_roster,mid two,nyx_assassin,929,1687,league_roster,Seleri,jakiro,1052,1673,fallback_lh5
19269,DreamLeague Season 28,8707575685,XG,Aurora,Aurora,念头通达,kez,2384,4398,league_roster,NothingToSay,queenofpain,1875,3640,league_roster,"]""",slardar,2627,3507,league_roster,其疾如风,shadow_shaman,796,1331,league_roster,"]""",warlock,1024,1192,league_roster,Passing Each Other,abaddon,2707,4451,league_roster,精神~,viper,2476,4158,league_roster,Shenorita`,tidehunter,2521,4677,league_roster,geekin',tiny,1224,1817,league_roster,tak pohuy,jakiro,1054,1941,league_roster
19269,DreamLeague Season 28,8707662784,Aurora,XG,XG,Passing Each Other,ursa,2587,4753,league_roster,精神~,queenofpain,2422,4195,league_roster,Shenorita`,brewmaster,2062,3473,league_roster,RS#,tiny,1103,1584,league_roster,tak pohuy,phoenix,793,1485,league_roster,"pl""",weaver,2713,4497,league_roster,NothingToSay,storm_spirit,2301,4467,league_roster,¿,largo,2605,4089,league_roster,其疾如风,shadow_shaman,1029,1512,league_roster,"pl""",warlock,930,1186,league_roster
19269,DreamLeague Season 28,8707774059,XG,Aurora,XG,?),beastmaster,2561,4221,league_roster,NothingToSay,tinker,2296,4497,league_roster,¿,visage,2307,3983,league_roster,其疾如风,tiny,1020,1857,league_roster,P)?),ringmaster,1004,1585,league_roster,Passing Each Other,ursa,2526,3777,league_roster,精神~,razor,2429,4518,league_roster,Shenorita`,shredder,2069,3770,league_roster,geekin',tusk,1090,1658,league_roster,tak pohuy,jakiro,656,1486,league_roster
19269,DreamLeague Season 28,8707822522,PV,FLCN,PV,....,nevermore,2849,5234,league_roster,Master of my fear,storm_spirit,2045,3720,league_roster,"v`""",bristleback,2082,4048,league_roster,Pele,shadow_shaman,959,1958,league_roster,Dukalis,chen,1268,1778,league_roster,$,clinkz,2687,4820,league_roster,AMMAR_THE_FUCKER,beastmaster,2599,4624,league_roster,kUBAJIDA,axe,2328,4151,league_roster,Cr1t-,shadow_demon,1159,1554,league_roster,M#,treant,1099,1643,league_roster
19269,DreamLeague Season 28,8707867898,PV,FLCN,FLCN,"r""",sven,3072,5249,league_roster,'$,beastmaster,2394,4584,league_roster,0#,shredder,1887,3242,league_roster,(,tusk,1175,2037,league_roster,"P?j""",jakiro,765,1269,league_roster,%,dragon_knight,2463,4489,league_roster,"0($""",bristleback,2790,4735,league_roster,kUBAJIDA,necrolyte,2259,4250,league_roster,Cr1t-,earth_spirit,1041,1601,league_roster,W$#,warlock,980,1515,league_roster
19269,DreamLeague Season 28,8707906607,PV,FLCN,PV,....,beastmaster,2600,4430,league_roster,P%,storm_spirit,2309,3725,league_roster,`֕q,tidehunter,2245,3580,league_roster,h#,shadow_demon,1067,1841,league_roster,"""",witch_doctor,1016,1577,league_roster,2$,gyrocopter,2571,4689,league_roster,"P""",razor,2806,4227,league_roster,kUBAJIDA,abyssal_underlord,2558,4191,league_roster,"""",jakiro,1261,1852,league_roster,`֕q,tusk,1140,2281,league_roster
19269,DreamLeague Season 28,8708294079,Aurora,BetBoom,BetBoom,Passing Each Other,windrunner,2368,3930,league_roster,精神~,puck,2679,4486,league_roster,Shenorita`,centaur,2229,4044,league_roster,,hoodwink,895,1332,league_roster,tak pohuy,pugna,853,1459,league_roster,Naruto~,templar_assassin,2577,4903,league_roster,wwwwww,ember_spirit,2386,4305,league_roster,Badwater,bristleback,2262,3881,league_roster,Cuffed,muerta,1112,1220,league_roster,smoke,jakiro,1074,1465,league_roster
19269,DreamLeague Season 28,8708293887,Tundra,Liquid,Tundra,fucking ridiculous),clinkz,2385,4394,league_roster,шапира-,invoker,2459,3672,league_roster,$,brewmaster,1902,3038,league_roster,Lyagushka,shadow_shaman,909,1294,league_roster,NongMon,treant,971,1476,league_roster,yondaime,monkey_king,2654,4157,league_roster,мусор,void_spirit,2293,4073,league_roster,T%,phoenix,2395,4023,league_roster,Boxi,rattletrap,1162,1874,league_roster,tOfu,jakiro,1004,1803,league_roster
19269,DreamLeague Season 28,8708368779,Liquid,Tundra,Liquid,yondaime,bristleback,2616,4904,league_roster,"v""",puck,2764,4784,league_roster,"j&""",tidehunter,2061,3309,league_roster,PW%,lion,1189,2056,league_roster,tOfu,shadow_demon,1299,2631,league_roster,fucking ridiculous),kez,2807,4493,league_roster,шапира-,invoker,1834,3236,league_roster,not human (животное),brewmaster,1536,2878,league_roster,Lyagushka,nyx_assassin,1368,1711,league_roster,NongMon,phoenix,832,1448,league_roster
19269,DreamLeague Season 28,8708347585,BetBoom,Aurora,Aurora,Naruto~,templar_assassin,2448,4440,league_roster,wwwwww,razor,2778,4845,league_roster,Rr%,bristleback,2872,4928,league_roster,%$,muerta,1243,1667,league_roster,Rr%,ogre_magi,784,1336,league_roster,0'R%,windrunner,2422,3978,league_roster,精神~,storm_spirit,1902,3909,league_roster,"PNĭ""",primal_beast,2490,4103,league_roster,geekin',tusk,1461,1552,league_roster,tak pohuy,warlock,1474,1895,league_roster
19269,DreamLeague Season 28,8708445472,BetBoom,Aurora,Aurora,Naruto~,muerta,2205,3258,league_roster,wwwwww,void_spirit,2840,4616,league_roster,Badwater,razor,2344,3753,league_roster,Cuffed,windrunner,897,1358,league_roster,smoke,disruptor,844,1407,league_roster,Passing Each Other,faceless_void,2732,4031,league_roster,精神~,puck,2220,4027,league_roster,Shenorita`,bristleback,2817,4561,league_roster,»0$,hoodwink,822,1615,league_roster,tak pohuy,warlock,1013,1758,league_roster
19269,DreamLeague Season 28,8708443393,Tundra,Liquid,Liquid,-W%,muerta,2802,4687,league_roster,шапира-,dragon_knight,2638,3856,league_roster,not human (животное),doom_bringer,2236,3711,league_roster,Lyagushka,keeper_of_the_light,1605,1941,league_roster,NongMon,bane,648,1044,league_roster,yondaime,windrunner,2053,3761,league_roster,мусор,ember_spirit,1942,3334,league_roster,50centaur,abyssal_underlord,2362,3616,league_roster,0B$,hoodwink,1337,2080,league_roster,tOfu,treant,1458,1979,league_roster
19269,DreamLeague Season 28,8708568399,XG,FLCN,FLCN,念头通达,nevermore,2308,3956,league_roster,NothingToSay,earthshaker,1264,2319,league_roster,¿,shredder,2241,3638,league_roster,其疾如风,tusk,1127,1798,league_roster,lavie,ringmaster,1037,1964,league_roster,I m Going To Be The Best Carry,dragon_knight,2966,5033,league_roster,AMMAR_THE_FUCKER,viper,2890,4894,league_roster,kUBAJIDA,sand_king,1777,3328,league_roster,.S%,largo,1008,2028,league_roster,Sneyking,jakiro,996,1869,league_roster
19269,DreamLeague Season 28,8708565430,PV,MOUZ,PV,....,furion,2812,5196,league_roster,Master of my fear,void_spirit,2277,4073,league_roster,"Nah, I'd adapt",largo,2432,4182,league_roster,PY,dark_willow,1065,1968,league_roster,Dukalis,warlock,1003,1806,league_roster,KITR,bristleback,2591,4424,league_roster,Satoru,primal_beast,2472,3895,league_roster,D1,shredder,2263,4369,league_roster,mid two,lion,943,1495,league_roster,Seleri,chen,1276,2273,fallback_lh5
19269,DreamLeague Season 28,8708690141,MOUZ,PV,PV,PV>[%,huskar,2583,4324,league_roster,Satoru,earthshaker,2265,4145,league_roster,v>[%,mars,2428,3841,league_roster,mid two,tusk,1597,2489,league_roster,Seleri,chen,1354,2155,fallback_lh5,....,broodmother,2172,4276,league_roster,Pz%,razor,2206,3490,league_roster,IB$,largo,1980,3331,league_roster,B$,dark_willow,1070,2201,league_roster,Dukalis,warlock,1217,2229,league_roster
19269,DreamLeague Season 28,8708689404,XG,FLCN,XG,p%,kez,2190,3848,league_roster,%,storm_spirit,2427,4316,league_roster,%,largo,1957,3160,league_roster,%,hoodwink,837,1637,league_roster,@%,phoenix,790,1475,league_roster,I m Going To Be The Best Carry,nevermore,2788,5276,league_roster,0%,tiny,2405,3698,league_roster,kUBAJIDA,death_prophet,1884,3413,league_roster,P%,shadow_shaman,1247,1886,league_roster,%,chen,800,1762,league_roster
19269,DreamLeague Season 28,8708807338,XG,FLCN,FLCN,U%,beastmaster,2478,4160,league_roster,NothingToSay,queenofpain,2377,4568,league_roster,¿,shredder,1930,3073,league_roster,其疾如风,tiny,1151,1466,league_roster,lavie,phoenix,874,1465,league_roster,I m Going To Be The Best Carry,kez,2320,3828,league_roster,AMMAR_THE_FUCKER,sand_king,2322,3846,league_roster,kUBAJIDA,primal_beast,2097,3387,league_roster,Cr1t-,largo,941,1482,league_roster,Sneyking,warlock,1470,1909,league_roster
19269,DreamLeague Season 28,8710019404,Aurora,XG,XG,0Vx%,life_stealer,2822,5013,league_roster,Pա&,puck,2191,3584,league_roster,Shenorita`,mars,2908,4825,league_roster,geekin',hoodwink,1259,2130,league_roster,tak pohuy,jakiro,1035,1599,league_roster,念头通达,kez,2753,4261,league_roster,NothingToSay,tiny,2636,3953,league_roster,¿,centaur,2385,3457,league_roster,其疾如风,shadow_demon,1430,1986,league_roster,lavie,ringmaster,1041,1378,league_roster
19269,DreamLeague Season 28,8710135523,XG,Aurora,Aurora,念头通达,weaver,2286,4325,league_roster,NothingToSay,ember_spirit,1748,3158,league_roster,¿,mars,2041,2743,league_roster,其疾如风,muerta,1309,1851,league_roster,lavie,disruptor,726,1288,league_roster,Passing Each Other,windrunner,2747,4865,league_roster,精神~,viper,2078,3813,league_roster,Shenorita`,abyssal_underlord,2513,4051,league_roster,geekin',shadow_shaman,771,1241,league_roster,tak pohuy,phoenix,1216,1871,league_roster
19269,DreamLeague Season 28,8710260672,XG,Aurora,Aurora,念头通达,kez,2864,4445,league_roster,NothingToSay,puck,2416,3656,league_roster,¿,slardar,2371,3643,league_roster,@F&,shadow_shaman,1068,1520,league_roster,lavie,phoenix,883,1340,league_roster,Passing Each Other,ursa,2841,4764,league_roster,精神~,viper,2364,4138,league_roster,Shenorita`,shredder,2752,4666,league_roster,geekin',lion,1047,1398,league_roster,tak pohuy,warlock,1044,1575,league_roster
19269,DreamLeague Season 28,8710371476,Liquid,Tundra,Tundra,yondaime,weaver,2728,4537,league_roster,pg#,storm_spirit,2489,4227,league_roster,50centaur,batrider,1660,3117,league_roster,Boxi,tusk,1221,1682,league_roster,|5&,jakiro,1405,2071,league_roster,]$,nevermore,2854,5004,league_roster,шапира-,tiny,2262,3832,league_roster,not human (животное),brewmaster,2300,4310,league_roster,Lyagushka,shadow_demon,905,1489,league_roster,NongMon,bane,1018,1578,league_roster
19269,DreamLeague Season 28,8710481024,Tundra,Liquid,Tundra,fucking ridiculous),muerta,2627,4471,league_roster,шапира-,void_spirit,2138,3190,league_roster,not human (животное),shredder,2113,3419,league_roster,Lyagushka,shadow_shaman,1034,2111,league_roster,NongMon,treant,1153,1719,league_roster,yondaime,windrunner,2637,4879,league_roster,мусор,leshrac,2271,4223,league_roster,50centaur,centaur,1956,3031,league_roster,Boxi,rattletrap,992,1281,league_roster,S%,phoenix,1250,1692,league_roster
19269,DreamLeague Season 28,8711465051,Aurora,Liquid,Aurora,Passing Each Other,nevermore,3293,5900,league_roster,精神~,storm_spirit,1818,3376,league_roster,Shenorita`,tidehunter,2393,4597,league_roster,geekin',lion,1175,1855,league_roster,tak pohuy,warlock,985,1703,league_roster,yondaime,dragon_knight,2407,4471,league_roster,мусор,queenofpain,2676,4448,league_roster,50centaur,abyssal_underlord,2196,4104,league_roster,Boxi,earth_spirit,1045,1467,league_roster,tOfu,shadow_demon,1133,2156,league_roster
19269,DreamLeague Season 28,8711578057,Aurora,Liquid,Aurora,@9!,abaddon,2700,3874,league_roster,精神~,beastmaster,3088,4482,league_roster,Shenorita`,centaur,2269,3920,league_roster,geekin',lion,1144,1816,league_roster,tak pohuy,warlock,1239,1768,league_roster,yondaime,monkey_king,2783,4285,league_roster,мусор,void_spirit,1968,3363,league_roster,50centaur,batrider,2175,3820,league_roster,Boxi,rattletrap,861,1185,league_roster,tOfu,dazzle,1105,1616,league_roster
19269,DreamLeague Season 28,8711768658,Aurora,Tundra,Tundra,Passing Each Other,ursa,1712,3157,league_roster,精神~,sniper,2722,4663,league_roster,Shenorita`,bristleback,1845,3424,league_roster,geekin',hoodwink,804,1617,league_roster,tak pohuy,jakiro,741,1596,league_roster,fucking ridiculous),muerta,2868,4972,league_roster,p6Y!,beastmaster,2298,4425,league_roster,o6Y!,viper,2245,3181,league_roster,Lyagushka,shadow_shaman,836,1909,league_roster,NongMon,chen,1068,1989,league_roster
19269,DreamLeague Season 28,8711885801,Aurora,Tundra,Tundra,Passing Each Other,nevermore,2536,4470,league_roster,精神~,storm_spirit,2098,3737,league_roster,Shenorita`,doom_bringer,2443,4145,league_roster,"Hb""",shadow_shaman,1060,1228,league_roster,tak pohuy,warlock,642,1160,league_roster,fucking ridiculous),templar_assassin,2775,5114,league_roster,жb,tiny,2400,4456,league_roster,жb,largo,1969,3671,league_roster,Lyagushka,keeper_of_the_light,1373,2224,league_roster,NongMon,jakiro,991,1811,league_roster
19269,DreamLeague Season 28,8711970053,Aurora,Tundra,Aurora,Passing Each Other,faceless_void,2923,4770,league_roster,精神~,storm_spirit,2483,4085,league_roster,8-%,mars,2283,3767,league_roster,geekin',tiny,1455,1930,league_roster,tak pohuy,phoenix,1092,1764,league_roster,fucking ridiculous),ursa,2428,4187,league_roster,",l",void_spirit,2477,4196,league_roster,not human (животное),batrider,1911,3253,league_roster,Lyagushka,shadow_shaman,965,1277,league_roster,NongMon,warlock,939,1502,league_roster
19269,DreamLeague Season 28,8712056091,Tundra,Aurora,Tundra,fucking ridiculous),muerta,1790,3126,league_roster,g>l$,tinker,1626,3447,league_roster,not human (животное),brewmaster,2431,3666,league_roster,Lyagushka,hoodwink,1099,1709,league_roster,NongMon,jakiro,1145,2112,league_roster,Passing Each Other,abaddon,2492,4344,league_roster,精神~,viper,2228,3891,league_roster,p,centaur,1851,2624,league_roster,geekin',shadow_shaman,1638,2137,league_roster,tak pohuy,phoenix,1183,2026,league_roster
19696,DreamLeague Season 29,8809159511,VG,TSpirit,TSpirit,pUx,kez,2165,4149,league_roster,|;,beastmaster,2885,4370,league_roster,`#t.,bristleback,2646,4642,league_roster,`,hoodwink,1653,2676,league_roster,宇宙にきらめく エメラルド,shadow_demon,837,1172,league_roster,兜圈。,alchemist,2680,4475,league_roster,London+G,queenofpain,2309,3765,league_roster,pos3jungler,primal_beast,2510,4020,league_roster,DOOMMAR,rattletrap,1102,1569,league_roster,123,grimstroke,1187,2407,league_roster
19696,DreamLeague Season 29,8809166456,Aurora,Liquid,Aurora,`!,tiny,2637,4594,league_roster,,puck,2159,3754,league_roster,Щa,magnataur,2113,3624,league_roster,B,lion,1094,1703,league_roster,pLB,phoenix,1176,1723,league_roster,uǍ,nevermore,2717,5127,league_roster,"p""",void_spirit,2714,4296,league_roster,50centaur,pangolier,2466,3394,league_roster,,wisp,939,1854,league_roster,,rattletrap,963,1421,league_roster
19696,DreamLeague Season 29,8809158835,VP,FLCN,VP,nokia,lone_druid,2357,4438,league_roster,hamilton,storm_spirit,2357,4673,league_roster,saberlight,axe,2529,4026,league_roster,Hellscream,hoodwink,1101,1452,league_roster,T2,venomancer,695,1481,league_roster,,alchemist,2612,4946,league_roster,,pangolier,2692,4439,league_roster,,dawnbreaker,2219,3492,league_roster,,rattletrap,1531,2013,league_roster,/,lich,963,1992,league_roster
19696,DreamLeague Season 29,8809158915,GL,EX-ROIC,EX-ROIC,鬼,tiny,2149,3894,league_roster,)),queenofpain,2079,3662,league_roster,помойка,slardar,1976,3373,league_roster,yo,rubick,1002,1664,league_roster,Speeed,furion,1174,1685,league_roster,.tv/yumadota2,kez,2645,4472,league_roster,a,storm_spirit,1810,3098,league_roster,GAMBOT-PARIS,shredder,2164,3807,league_roster,Rita,rattletrap,1614,1847,league_roster,марсианин,winter_wyvern,744,1484,league_roster
19696,DreamLeague Season 29,8809227928,Liquid,Aurora,Liquid,`,luna,2273,4778,league_roster,=,pangolier,2650,5003,league_roster,`^8,slardar,2342,4200,league_roster,p6,techies,1144,2048,league_roster,tOfu,rattletrap,1271,1936,league_roster,зݵ,windrunner,2538,4549,league_roster,0<!,storm_spirit,2620,4009,league_roster,Ǎ,largo,2488,3908,league_roster,Ω,hoodwink,1065,1694,league_roster,save丶,oracle,885,1368,league_roster
19696,DreamLeague Season 29,8809246462,EX-HERO,GL,EX-HERO,.tv/yumadota2,alchemist,3354,5633,league_roster,a,huskar,2949,4379,league_roster,GAMBOT-PARIS,tidehunter,2144,4053,league_roster,Rita,rubick,1084,2056,league_roster,марсианин,crystal_maiden,922,1425,league_roster,鬼,chaos_knight,2356,4134,league_roster,)),sniper,1738,3514,league_roster,помойка,lycan,2431,4379,league_roster,yo,spirit_breaker,843,1471,league_roster,Speeed,venomancer,1445,2612,league_roster
19696,DreamLeague Season 29,8809244962,TSpirit,VG,TSpirit,兜圈。,alchemist,2621,5112,league_roster,London+G,queenofpain,2620,3925,league_roster,pos3jungler,legion_commander,2204,3819,league_roster,DOOMMAR,hoodwink,648,1256,league_roster,123,enchantress,1089,1588,league_roster,D9,windrunner,2422,4182,league_roster,p8,ember_spirit,2557,4004,league_roster,,shredder,2474,4228,league_roster,,rubick,1269,1920,league_roster,宇宙にきらめく エメラルド,silencer,979,1664,league_roster
19696,DreamLeague Season 29,8809303579,Aurora,Liquid,Liquid,0̯H,windrunner,3414,5499,league_roster,H,storm_spirit,2484,4294,league_roster,ڳH,abyssal_underlord,2523,4528,league_roster,tweekin',rubick,1269,1924,league_roster,H,oracle,1125,1850,league_roster,@,luna,2300,4363,league_roster,y,pangolier,2646,4256,league_roster,s͠,slardar,2089,3557,league_roster,`,hoodwink,1217,1450,league_roster,p^6,rattletrap,945,1136,league_roster
19696,DreamLeague Season 29,8809242493,FLCN,VP,FLCN,v:,life_stealer,2433,4512,league_roster,<,pangolier,2413,3837,league_roster,,tidehunter,2565,4163,league_roster,a,shadow_demon,972,1619,league_roster,P,silencer,990,1298,league_roster,nokia,windrunner,2594,4708,league_roster,hamilton,void_spirit,2299,4088,league_roster,saberlight,abyssal_underlord,2222,4245,league_roster,Hellscream,rubick,1376,2169,league_roster,T2,treant,1098,1739,league_roster
19696,DreamLeague Season 29,8809373469,RKX,BetBoom,BetBoom,`ND,kez,2495,4781,league_roster,eco fragger,primal_beast,1729,3008,league_roster,underrated,shredder,2287,3840,league_roster,pos4killstealer,nyx_assassin,1244,1985,league_roster,Joana,warlock,1401,1970,league_roster,P.,tiny,2553,4867,league_roster,%,storm_spirit,2735,4628,league_roster,Р!R,tidehunter,2036,3914,league_roster,,rubick,1110,1845,league_roster,0,winter_wyvern,1139,1862,league_roster
19696,DreamLeague Season 29,8809385333,NGX,NAVI,NAVI,jL,kez,2258,3798,league_roster,0,puck,2606,3981,league_roster,Ͼ,viper,2460,4565,league_roster,&,rubick,1693,2565,league_roster,*h<,wisp,924,1902,league_roster,winter,ursa,1923,3407,league_roster,vv,night_stalker,2560,3744,league_roster,ƬψƬ ☢ Sιrιus-妥,axe,2319,4896,league_roster,stud,rattletrap,917,1682,league_roster,Ronaldo,silencer,701,1239,league_roster
19696,DreamLeague Season 29,8809412954,PV,Tundra,PV,destroy,tiny,2201,3993,league_roster,Have fun,storm_spirit,2516,4452,league_roster,strafe instructor,abyssal_underlord,1807,3098,league_roster,Pele,keeper_of_the_light,1198,1895,league_roster,Dukalis,snapfire,1052,1811,league_roster,Preacher Man,lone_druid,2834,4727,league_roster,карамел,void_spirit,2161,3646,league_roster,not human (животное),batrider,2653,3727,league_roster,Chestnut,rattletrap,1065,1405,league_roster,NongMon,lich,670,1301,league_roster
19696,DreamLeague Season 29,8809425113,FLCN,VP,FLCN,pT,alchemist,2291,4760,league_roster,P,queenofpain,2599,4309,league_roster,fG>,shredder,2821,5889,league_roster,`,rattletrap,998,1943,league_roster,P^,lich,893,1581,league_roster,nokia,furion,2599,4030,league_roster,hamilton,pangolier,2423,4231,league_roster,saberlight,tidehunter,2402,4482,league_roster,Hellscream,hoodwink,1119,1628,league_roster,T2,venomancer,1078,1633,league_roster
19696,DreamLeague Season 29,8809470214,RKX,BetBoom,BetBoom,yR,terrorblade,2519,4301,league_roster,eco fragger,ember_spirit,2543,3885,league_roster,underrated,largo,2311,3676,league_roster,pos4killstealer,hoodwink,1245,1566,league_roster,Joana,silencer,697,761,league_roster,07,life_stealer,2379,4407,league_roster,@L&,monkey_king,2255,3955,league_roster,W,lycan,2256,3814,league_roster,P,rubick,1162,1764,league_roster,4X4,lich,1204,1339,league_roster
19696,DreamLeague Season 29,8809490207,NGX,NAVI,NAVI,rin,tiny,2509,4179,league_roster,,viper,2463,3873,league_roster,malrincyq,bristleback,2914,4349,league_roster,֌6,hoodwink,1175,1576,league_roster,XO,winter_wyvern,883,1857,league_roster,winter,necrolyte,2490,4955,league_roster,vv,kez,1728,3025,league_roster,ƬψƬ ☢ Sιrιus-妥,axe,2540,4648,league_roster,stud,lion,1066,1393,league_roster,Ronaldo,phoenix,983,1384,league_roster
19696,DreamLeague Season 29,8809504168,PV,Tundra,Tundra,destroy,tiny,2446,3883,league_roster,Have fun,storm_spirit,2499,3442,league_roster,strafe instructor,largo,1835,2828,league_roster,Pele,rubick,818,1240,league_roster,Dukalis,snapfire,896,1444,league_roster,Preacher Man,doom_bringer,2559,5012,league_roster,карамел,invoker,2495,4902,league_roster,not human (животное),tidehunter,2290,4439,league_roster,Chestnut,rattletrap,862,1550,league_roster,NongMon,phoenix,1037,1905,league_roster
19696,DreamLeague Season 29,8809536007,PlayTime,XG,XG,{C,nevermore,2760,5280,league_roster,Azul,viper,2525,4164,league_roster,^,primal_beast,1779,3416,league_roster,Mode Philippines,rubick,1427,1969,league_roster,`W,treant,1410,1955,league_roster,P,drow_ranger,2561,4575,league_roster,pk&,pangolier,2118,3914,league_roster,0A,axe,2010,3104,league_roster,6MC,techies,1291,1847,league_roster,,phoenix,1014,1491,league_roster
19696,DreamLeague Season 29,8809600367,PV,Tundra,PV,destroy,phantom_lancer,2713,5315,league_roster,Have fun,pangolier,2212,3795,league_roster,strafe instructor,dawnbreaker,1689,3079,league_roster,Pele,rubick,1273,2010,league_roster,Dukalis,enchantress,1122,2123,league_roster,Preacher Man,doom_bringer,2323,3479,league_roster,карамел,invoker,2560,4382,league_roster,not human (животное),tidehunter,1762,3065,league_roster,Chestnut,shadow_shaman,848,1257,league_roster,NongMon,techies,902,1829,league_roster
19696,DreamLeague Season 29,8809634682,XG,PlayTime,XG,@+,drow_ranger,2948,5309,league_roster,P,storm_spirit,2764,5270,league_roster,,abyssal_underlord,2952,4848,league_roster,其疾如风,hoodwink,1316,2424,league_roster,P?,rattletrap,1243,1852,league_roster,Y>,monkey_king,2190,3478,league_roster,Azul,ember_spirit,2227,4251,league_roster,P#,slardar,1630,3048,league_roster,,dark_willow,973,1458,league_roster,0QU(,techies,943,1578,league_roster
19696,DreamLeague Season 29,8809655926,VG,GL,VG,I,ursa,2798,4752,league_roster,I,death_prophet,3379,5478,league_roster,|I,beastmaster,2564,4058,league_roster,I,rattletrap,1157,1985,league_roster,I,winter_wyvern,1178,1947,league_roster,鬼,drow_ranger,2551,4014,league_roster,)),storm_spirit,1894,3320,league_roster,помойка,slardar,2101,2883,league_roster,yo,shadow_demon,883,1501,league_roster,Speeed,phoenix,1009,1201,league_roster
19696,DreamLeague Season 29,8809656567,Aurora,FLCN,FLCN,tragic,ursa,2277,3416,league_roster,@XA,pangolier,2170,3879,league_roster,gD,dawnbreaker,2686,4767,league_roster,`|,rubick,886,1491,league_roster,save丶,phoenix,999,1545,league_roster,,alchemist,2269,4672,league_roster,zN,primal_beast,3024,4867,league_roster,0Є,razor,2455,4230,league_roster,К,rattletrap,992,1424,league_roster,`W,lich,874,1464,league_roster
19696,DreamLeague Season 29,8809696561,Liquid,TSpirit,TSpirit,0&,kez,2594,4685,league_roster,PJ,ember_spirit,2731,4812,league_roster,,tidehunter,2148,3830,league_roster,O@,techies,1361,2095,league_roster,=,winter_wyvern,1047,1657,league_roster,兜圈。,terrorblade,2511,4343,league_roster,London+G,storm_spirit,2401,3861,league_roster,pos3jungler,axe,2375,4144,league_roster,DOOMMAR,rubick,1095,1794,league_roster,123,furion,1483,1880,league_roster
19696,DreamLeague Season 29,8809710774,VP,EX-HERO,VP,nokia,terrorblade,2682,4355,league_roster,hamilton,puck,2565,3407,league_roster,saberlight,tidehunter,1961,3691,league_roster,Hellscream,rattletrap,1163,1591,league_roster,T2,techies,943,1347,league_roster,.tv/yumadota2,tiny,2238,4354,league_roster,a,void_spirit,2957,4443,league_roster,GAMBOT-PARIS,lycan,2479,3949,league_roster,Rita,hoodwink,1486,2417,league_roster,марсианин,silencer,1220,1583,league_roster
19696,DreamLeague Season 29,8809726019,GL,VG,VG,鬼,faceless_void,2519,4423,league_roster,)),nevermore,3091,5063,league_roster,помойка,axe,2489,4236,league_roster,yo,hoodwink,1056,1884,league_roster,Speeed,winter_wyvern,1038,1728,league_roster,`,muerta,2390,4716,league_roster,,storm_spirit,2376,3829,league_roster,@v,batrider,1626,3353,league_roster,Pm,earthshaker,1594,2630,league_roster,a,treant,1104,2160,league_roster
19696,DreamLeague Season 29,8809747666,FLCN,Aurora,FLCN,ֺS,luna,2422,4170,league_roster,кS,monkey_king,2316,4019,league_roster,pS,doom_bringer,2909,5789,league_roster,`QS,rattletrap,1127,1855,league_roster,S,lich,941,1510,league_roster,@S,furion,2556,4052,league_roster,S,queenofpain,2065,3925,league_roster,@HS,mars,2119,3212,league_roster,S,rubick,895,1564,league_roster,save丶,jakiro,1125,1775,league_roster
19696,DreamLeague Season 29,8809797141,VP,EX-HERO,VP,nokia,tiny,2938,4801,league_roster,hamilton,puck,2414,4147,league_roster,saberlight,beastmaster,1869,3156,league_roster,Hellscream,rattletrap,1308,1889,league_roster,T2,lich,754,1387,league_roster,.tv/yumadota2,ursa,3363,5414,league_roster,a,ember_spirit,2278,3484,league_roster,GAMBOT-PARIS,doom_bringer,1708,3018,league_roster,Rita,hoodwink,1068,1602,league_roster,марсианин,zuus,1039,1186,league_roster
19696,DreamLeague Season 29,8809802771,TSpirit,Liquid,Liquid,兜圈。,phantom_lancer,2377,4027,league_roster,London+G,tiny,2145,3340,league_roster,pos3jungler,tidehunter,2297,3816,league_roster,DOOMMAR,batrider,980,1929,league_roster,123,hoodwink,886,1332,league_roster,0;@,kez,2490,4402,league_roster,@L,storm_spirit,2307,4431,league_roster,p3,doom_bringer,2175,3863,league_roster,Boxi,techies,1274,2235,league_roster,!,rattletrap,991,1622,league_roster
19696,DreamLeague Season 29,8809888784,Liquid,TSpirit,TSpirit,4,muerta,2442,3355,league_roster,pK,puck,1666,3602,league_roster,Wb[,abyssal_underlord,2004,3685,league_roster,Boxi,rubick,1209,1793,league_roster,pI,treant,1216,1515,league_roster,兜圈。,faceless_void,2585,4024,league_roster,London+G,huskar,2712,4436,league_roster,pos3jungler,death_prophet,2248,3387,league_roster,DOOMMAR,rattletrap,895,1639,league_roster,123,phoenix,1052,1754,league_roster
19696,DreamLeague Season 29,8810373967,PV,BetBoom,PV,destroy,necrolyte,2554,5018,league_roster,Have fun,pangolier,2450,3579,league_roster,strafe instructor,dawnbreaker,2679,5000,league_roster,Pele,enchantress,1196,2081,league_roster,Dukalis,techies,1317,1573,league_roster,",",alchemist,2156,4486,league_roster,}[,void_spirit,2740,4951,league_roster,@,axe,2083,3265,league_roster,PFQ,windrunner,1230,1684,league_roster,?W,crystal_maiden,957,1532,league_roster
19696,DreamLeague Season 29,8810373970,RKX,NAVI,RKX,,naga_siren,2554,4627,league_roster,eco fragger,puck,2659,4220,league_roster,underrated,abyssal_underlord,2350,4186,league_roster,reckless,rubick,1170,1622,league_roster,Joana,silencer,1106,1204,league_roster,winter,monkey_king,2436,4247,league_roster,vv,night_stalker,1999,3961,league_roster,ƬψƬ ☢ Sιrιus-妥,bristleback,2922,5313,league_roster,stud,hoodwink,1093,1576,league_roster,Ronaldo,enchantress,778,1703,league_roster
19696,DreamLeague Season 29,8810373959,XG,Tundra,XG,U>,drow_ranger,2537,4274,league_roster,{F,storm_spirit,2859,4818,league_roster,@h,doom_bringer,2065,3485,league_roster,P,hoodwink,794,1491,league_roster,4/,phoenix,1081,1763,league_roster,Last Call,kez,2300,4054,league_roster,madam mamba,ember_spirit,2565,3833,league_roster,not human (животное),brewmaster,1399,2438,league_roster,Chestnut,rubick,1117,1758,league_roster,NongMon,techies,1136,1750,league_roster
19696,DreamLeague Season 29,8810373935,PlayTime,NGX,PlayTime,@T,kez,2057,3399,league_roster,Azul,kunkka,2649,4354,league_roster,d,doom_bringer,2252,4380,league_roster,F,grimstroke,1338,1928,league_roster,,winter_wyvern,933,1708,league_roster,=,muerta,2568,3775,league_roster,AL,pangolier,2127,3579,league_roster,`8M,axe,2849,4170,league_roster,,windrunner,1008,1597,league_roster,gh,phoenix,1304,2246,league_roster
19696,DreamLeague Season 29,8810429061,PV,BetBoom,BetBoom,destroy,storm_spirit,2663,4528,league_roster,Have fun,sniper,1885,3835,league_roster,strafe instructor,dawnbreaker,1961,3237,league_roster,Pele,enchantress,1181,1735,league_roster,Dukalis,grimstroke,1420,1978,league_roster,p,monkey_king,2536,4668,league_roster,a,huskar,2434,3966,league_roster,0K,pangolier,1664,3244,league_roster,G,windrunner,1880,2892,league_roster,',winter_wyvern,1361,1780,league_roster
19696,DreamLeague Season 29,8810441572,RKX,NAVI,NAVI,pW,faceless_void,2218,3949,league_roster,eco fragger,puck,3057,4532,league_roster,underrated,centaur,2025,3140,league_roster,reckless,batrider,858,1711,league_roster,Joana,phoenix,505,938,league_roster,winter,windrunner,3085,5531,league_roster,vv,void_spirit,2426,4207,league_roster,ƬψƬ ☢ Sιrιus-妥,abyssal_underlord,2900,4810,league_roster,stud,rubick,1249,2034,league_roster,Ronaldo,oracle,1328,1727,league_roster
19696,DreamLeague Season 29,8810453731,NGX,PlayTime,PlayTime,rin,terrorblade,3052,4721,league_roster,r,lycan,2700,3953,league_roster,҉,axe,1985,3379,league_roster,":""",rubick,1057,1917,league_roster,p,keeper_of_the_light,1203,1891,league_roster,pxA,necrolyte,3378,5290,league_roster,Azul,viper,2221,4214,league_roster,Qo,tidehunter,2184,4058,league_roster,F,nyx_assassin,1447,2022,league_roster,0|*T,hoodwink,1307,1840,league_roster
19696,DreamLeague Season 29,8810506148,PV,BetBoom,PV,destroy,terrorblade,2344,4430,league_roster,Have fun,ember_spirit,2762,4167,league_roster,strafe instructor,largo,2601,4612,league_roster,Pele,keeper_of_the_light,1069,1921,league_roster,Dukalis,hoodwink,900,1627,league_roster,`;,alchemist,2317,4830,league_roster,VΩ,pangolier,2324,4000,league_roster,L,tidehunter,1928,3203,league_roster,`>,ringmaster,930,1566,league_roster,I,silencer,516,1310,league_roster
19696,DreamLeague Season 29,8810508497,RKX,NAVI,NAVI,,tiny,2625,4817,league_roster,eco fragger,keeper_of_the_light,2848,4834,league_roster,underrated,slardar,2553,4038,league_roster,reckless,rubick,1247,1922,league_roster,Joana,enchantress,1108,1613,league_roster,winter,windrunner,2086,3739,league_roster,vv,void_spirit,2661,4432,league_roster,ƬψƬ ☢ Sιrιus-妥,axe,2960,4612,league_roster,stud,tusk,1156,1722,league_roster,Ronaldo,shadow_demon,1180,1561,league_roster
19696,DreamLeague Season 29,8810452708,Tundra,XG,XG,Last Call,muerta,2576,4061,league_roster,madam mamba,invoker,2563,4507,league_roster,not human (животное),largo,1984,3250,league_roster,Chestnut,rubick,911,1531,league_roster,NongMon,lich,942,1408,league_roster,`ҹ,kez,2734,4578,league_roster,,storm_spirit,2500,4407,league_roster,@p,brewmaster,1985,3370,league_roster,0L,techies,903,1637,league_roster,"""1",enchantress,1306,2122,league_roster
19696,DreamLeague Season 29,8810600432,TSpirit,Aurora,TSpirit,兜圈。,kez,3202,5309,league_roster,London+G,storm_spirit,2505,4541,league_roster,pos3jungler,largo,2163,3561,league_roster,DOOMMAR,techies,1206,2135,league_roster,123,hoodwink,969,1552,league_roster,Pĩ,doom_bringer,2066,3733,league_roster,Katanaa,ember_spirit,2606,4466,league_roster,pP,magnataur,1718,2770,league_roster,!,rattletrap,922,1328,league_roster,,silencer,710,1305,league_roster
19696,DreamLeague Season 29,8810636217,VP,VG,VP,nokia,life_stealer,2908,4786,league_roster,hamilton,puck,2212,3711,league_roster,saberlight,tidehunter,2362,3740,league_roster,Hellscream,hoodwink,1056,1873,league_roster,T2,phoenix,843,2037,league_roster,>,juggernaut,2210,4234,league_roster,0>,tiny,2539,4200,league_roster,=,pangolier,2337,3717,league_roster,0>,rubick,1168,2052,league_roster,<>,winter_wyvern,737,1201,league_roster
19696,DreamLeague Season 29,8810614945,EX-HERO,FLCN,FLCN,.tv/yumadota2,ursa,2117,4155,league_roster,a,ember_spirit,2130,3736,league_roster,GAMBOT-PARIS,shredder,1989,3447,league_roster,Rita,rattletrap,1072,2197,league_roster,марсианин,rubick,655,1385,league_roster,1,windrunner,2592,4793,league_roster,@czN,pangolier,2906,4130,league_roster,YeS signature player,razor,2780,4930,league_roster,t~,lion,1077,1767,league_roster,j,lich,967,2109,league_roster
19696,DreamLeague Season 29,8810642364,GL,Liquid,Liquid,鬼,luna,2041,4065,league_roster,)),storm_spirit,2578,3558,league_roster,помойка,doom_bringer,2093,3321,league_roster,yo,rubick,959,1446,league_roster,Speeed,winter_wyvern,739,1212,league_roster,yondaime,kez,2446,4550,league_roster,,pangolier,2118,3923,league_roster,,centaur,2369,4353,league_roster,,hoodwink,1356,2729,league_roster,,phoenix,963,2141,league_roster
19696,DreamLeague Season 29,8810706519,Aurora,TSpirit,TSpirit,,faceless_void,1860,3374,league_roster,P},pangolier,2977,4741,league_roster,pf,centaur,2097,4045,league_roster,D,rubick,856,1617,league_roster,p\,phoenix,892,1740,league_roster,兜圈。,alchemist,2394,3975,league_roster,London+G,primal_beast,2103,3683,league_roster,pos3jungler,doom_bringer,2304,4659,league_roster,DOOMMAR,dark_willow,997,2049,league_roster,123,grimstroke,1006,1506,league_roster
19696,DreamLeague Season 29,8810741766,VP,VG,VP,nokia,tiny,2642,4917,league_roster,hamilton,ember_spirit,2250,3672,league_roster,saberlight,magnataur,2540,3890,league_roster,Hellscream,hoodwink,1701,2505,league_roster,T2,enchantress,997,2126,league_roster,,faceless_void,2068,4174,league_roster,0,storm_spirit,1883,3362,league_roster,T,dawnbreaker,2332,4329,league_roster,PU,dark_willow,1068,1927,league_roster,`Q,treant,1084,1729,league_roster
19696,DreamLeague Season 29,8810753165,EX-HERO,FLCN,FLCN,.tv/yumadota2,terrorblade,2133,3861,league_roster,a,keeper_of_the_light,2220,4543,league_roster,GAMBOT-PARIS,kunkka,2795,5172,league_roster,Rita,hoodwink,1058,1857,league_roster,марсианин,rattletrap,1066,1557,league_roster,D,life_stealer,2193,3604,league_roster,`;@,slardar,3589,5001,league_roster,PZe,abyssal_underlord,2562,4291,league_roster,V,rubick,939,1924,league_roster,,lich,749,1182,league_roster
19696,DreamLeague Season 29,8810792178,Liquid,GL,Liquid,*,troll_warlord,2915,4972,league_roster,H<,storm_spirit,2904,4779,league_roster,,dawnbreaker,2886,4664,league_roster,Boxi,batrider,1482,2231,league_roster,gO?,oracle,1163,1928,league_roster,鬼,faceless_void,2261,4535,league_roster,)),pangolier,2435,3644,league_roster,помойка,lycan,1864,2931,league_roster,yo,snapfire,762,1264,league_roster,Speeed,furion,960,1847,league_roster
19696,DreamLeague Season 29,8810894235,PV,XG,XG,destroy,monkey_king,3099,4779,league_roster,Have fun,queenofpain,2178,4195,league_roster,strafe instructor,beastmaster,2555,4506,league_roster,Pele,rubick,994,1924,league_roster,Dukalis,winter_wyvern,846,1620,league_roster,!gD,lone_druid,2589,4190,league_roster,c(V,sand_king,2147,4219,league_roster,J,shredder,2203,4126,league_roster,9,hoodwink,1009,1691,league_roster,s,lich,585,1185,league_roster
19696,DreamLeague Season 29,8810894092,NAVI,BetBoom,NAVI,winter,ursa,1994,3974,league_roster,vv,kez,2188,3767,league_roster,ƬψƬ ☢ Sιrιus-妥,axe,2782,4201,league_roster,stud,shadow_demon,897,1562,league_roster,Ronaldo,phoenix,847,1532,league_roster,P(<,life_stealer,2706,4591,league_roster,V6z,snapfire,2492,4430,league_roster,B,mars,2550,3979,league_roster,ゴール下,hoodwink,1107,2242,league_roster,2|>,winter_wyvern,1148,1721,league_roster
19696,DreamLeague Season 29,8810895940,NGX,Tundra,Tundra,P6,templar_assassin,1771,3187,league_roster,~M,puck,2208,3326,league_roster,GA,slardar,2296,3391,league_roster,,hoodwink,1339,2382,league_roster,P3,zuus,1176,1693,league_roster,Last Call,kez,2533,4059,league_roster,madam mamba,ember_spirit,2553,4235,league_roster,not human (животное),doom_bringer,2641,4536,league_roster,Chestnut,lion,1007,1400,league_roster,NongMon,techies,1183,1800,league_roster
19696,DreamLeague Season 29,8810894132,RKX,PlayTime,PlayTime,!?,necrolyte,3399,5100,league_roster,eco fragger,ember_spirit,3000,4368,league_roster,underrated,pangolier,2753,4502,league_roster,reckless,muerta,1087,1758,league_roster,Joana,venomancer,1432,2168,league_roster,(<,tiny,2709,4713,league_roster,Azul,storm_spirit,2322,3949,league_roster,`m¼,axe,1393,2832,league_roster,>,rubick,1298,1940,league_roster,pT,grimstroke,1215,1831,league_roster
19696,DreamLeague Season 29,8810990695,BetBoom,NAVI,NAVI,0K<,necrolyte,3092,5291,league_roster,Ȏ,storm_spirit,2970,4061,league_roster,17 mind,dawnbreaker,2716,4450,league_roster,,hoodwink,911,1519,league_roster,,winter_wyvern,938,1572,league_roster,winter,faceless_void,2083,3985,league_roster,vv,keeper_of_the_light,2542,3756,league_roster,ƬψƬ ☢ Sιrιus-妥,axe,2272,4092,league_roster,stud,lion,882,1488,league_roster,Ronaldo,phoenix,726,1223,league_roster
19696,DreamLeague Season 29,8810991986,NGX,Tundra,NGX,97,tiny,2434,4382,league_roster,й/,pangolier,2814,4184,league_roster,@,tidehunter,2378,4941,league_roster,zH,hoodwink,967,2209,league_roster,É/,silencer,894,1497,league_roster,Last Call,kez,2831,5166,league_roster,madam mamba,void_spirit,2352,3383,league_roster,not human (животное),largo,2508,3723,league_roster,Chestnut,lion,853,1244,league_roster,NongMon,techies,1102,2339,league_roster
19696,DreamLeague Season 29,8811000876,RKX,PlayTime,PlayTime,'MC,terrorblade,2456,3986,league_roster,eco fragger,storm_spirit,2214,3949,league_roster,underrated,slardar,2376,3922,league_roster,reckless,rubick,1308,2223,league_roster,Joana,venomancer,1232,1933,league_roster,`b,monkey_king,2336,4873,league_roster,Azul,ember_spirit,2924,4958,league_roster,,doom_bringer,2070,4212,league_roster,O,hoodwink,1308,2027,league_roster,PF,enchantress,1676,2891,league_roster
19696,DreamLeague Season 29,8810989536,PV,XG,PV,destroy,tiny,2311,3803,league_roster,Have fun,huskar,2657,4042,league_roster,strafe instructor,dawnbreaker,1952,3360,league_roster,Pele,rubick,1075,2128,league_roster,Dukalis,winter_wyvern,811,1062,league_roster,区,lone_druid,2265,4083,league_roster,;,puck,1652,3693,league_roster,pՌ,bristleback,2179,4250,league_roster,ӱ|,techies,1223,2023,league_roster,@',lich,957,1404,league_roster
19696,DreamLeague Season 29,8811075585,Tundra,NGX,Tundra,Last Call,windrunner,2331,4018,league_roster,madam mamba,invoker,2518,3692,league_roster,not human (животное),largo,2179,3770,league_roster,Chestnut,tusk,1485,2630,league_roster,NongMon,techies,1321,2302,league_roster,8,tiny,2957,4893,league_roster,!,void_spirit,2044,3642,league_roster,@zW,magnataur,2169,3722,league_roster,,hoodwink,1044,1977,league_roster,`A/,phoenix,913,1685,league_roster
19696,DreamLeague Season 29,8811095968,PV,XG,PV,destroy,muerta,2751,4280,league_roster,Have fun,ember_spirit,2399,4007,league_roster,strafe instructor,beastmaster,2145,4185,league_roster,Pele,nyx_assassin,1283,2266,league_roster,Dukalis,rattletrap,976,1680,league_roster,慖,phantom_assassin,2817,4299,league_roster,6,storm_spirit,2290,3674,league_roster,0V,slardar,1770,3089,league_roster,0gD,rubick,1184,1963,league_roster,p%>,phoenix,1126,1583,league_roster
19696,DreamLeague Season 29,8811620119,Aurora,EX-HERO,Aurora,6,tiny,2326,4455,league_roster,Katanaa,windrunner,2752,4426,league_roster,Shenorita`,doom_bringer,2377,4499,league_roster,.,hoodwink,1511,2162,league_roster,,venomancer,750,1198,league_roster,.tv/yumadota2,alchemist,2242,4465,league_roster,a,primal_beast,2039,3333,league_roster,GAMBOT-PARIS,viper,1988,3179,league_roster,Rita,techies,1307,1806,league_roster,марсианин,zuus,394,1022,league_roster
19696,DreamLeague Season 29,8811618959,Liquid,VP,Liquid,yondaime,bristleback,3012,4760,league_roster,мусор,pangolier,2820,4433,league_roster,50centaur,abyssal_underlord,2537,3580,league_roster,@,rubick,1288,1786,league_roster,d۝,silencer,1396,2197,league_roster,nokia,terrorblade,2201,3597,league_roster,hamilton,storm_spirit,2453,4360,league_roster,saberlight,dawnbreaker,2279,3616,league_roster,Hellscream,techies,962,2052,league_roster,T2,lich,1115,1414,league_roster
19696,DreamLeague Season 29,8811618995,VG,FLCN,FLCN,],drow_ranger,2457,4057,league_roster,P],viper,2761,4715,league_roster,,beastmaster,2409,4319,league_roster,@],rattletrap,1240,1806,league_roster,宇宙にきらめく エメラルド,phoenix,1437,2174,league_roster,I m Going To Be The Best Carry,lone_druid,2728,4419,league_roster,...,monkey_king,2582,3730,league_roster,YeS signature player,shredder,1983,3987,league_roster,Cr1t-,lion,960,1658,league_roster,Sneyking,venomancer,1373,2486,league_roster
19696,DreamLeague Season 29,8811618989,TSpirit,GL,TSpirit,w_,tiny,2681,4393,league_roster,London+G,storm_spirit,2650,3520,league_roster,,largo,2059,2962,league_roster,DOOMMAR,hoodwink,783,1362,league_roster,123,rubick,886,1479,league_roster,鬼,kez,2540,4465,league_roster,)),ember_spirit,2187,4312,league_roster,помойка,doom_bringer,2586,3899,league_roster,yo,techies,841,1439,league_roster,Speeed,winter_wyvern,801,1450,league_roster
19696,DreamLeague Season 29,8811683230,VP,Liquid,Liquid,nokia,kez,2408,4020,league_roster,hamilton,storm_spirit,2557,4173,league_roster,saberlight,kunkka,1662,3068,league_roster,Hellscream,techies,908,1864,league_roster,T2,winter_wyvern,1089,1495,league_roster,yondaime,muerta,2883,4621,league_roster,,pangolier,3000,4381,league_roster,50centaur,bristleback,2450,4187,league_roster,@Ď,hoodwink,1294,2093,league_roster,tOfu,lich,557,1036,league_roster
19696,DreamLeague Season 29,8811680490,EX-HERO,Aurora,Aurora,.tv/yumadota2,alchemist,3094,5342,league_roster,a,ember_spirit,2425,3980,league_roster,GAMBOT-PARIS,primal_beast,1894,3041,league_roster,Rita,grimstroke,1210,2049,league_roster,марсианин,rubick,736,1634,league_roster,P,windrunner,2806,5112,league_roster,Katanaa,puck,2729,4247,league_roster,Shenorita`,tidehunter,2272,4430,league_roster,tweekin',hoodwink,1079,1526,league_roster,%,warlock,1121,2018,league_roster
19696,DreamLeague Season 29,8811706161,GL,TSpirit,TSpirit,鬼,luna,2450,4216,league_roster,)),storm_spirit,2521,3886,league_roster,помойка,dawnbreaker,1931,3858,league_roster,yo,techies,1040,1605,league_roster,Speeed,phoenix,1362,2015,league_roster,Pv,furion,2670,4471,league_roster,a,puck,2156,3640,league_roster,pos3jungler,largo,2371,3760,league_roster,8v,rubick,1438,2074,league_roster,123,treant,1098,1517,league_roster
19696,DreamLeague Season 29,8811687114,FLCN,VG,FLCN,I m Going To Be The Best Carry,tiny,2357,3822,league_roster,...,zuus,2680,4108,league_roster,YeS signature player,doom_bringer,2388,4176,league_roster,.?,hoodwink,748,1660,league_roster,`4',lich,849,1179,league_roster,Roselia,kez,2529,3887,league_roster,E',sniper,2553,4352,league_roster,F',mars,2378,4031,league_roster,0A',windrunner,1263,2371,league_roster,宇宙にきらめく エメラルド,phoenix,1069,1660,league_roster
19696,DreamLeague Season 29,8811838021,NGX,XG,NGX,`^@,lone_druid,2500,3872,league_roster,No!ob™,pangolier,2560,4317,league_roster,malrincyq,largo,2552,3918,league_roster,passenger,nyx_assassin,1345,1846,league_roster,gh,phoenix,1145,2143,league_roster,区,kez,2968,4860,league_roster,@-,puck,3083,4236,league_roster,¿,abyssal_underlord,2569,4008,league_roster,其疾如风,rubick,1348,2160,league_roster,lavie,venomancer,1193,1941,league_roster
19696,DreamLeague Season 29,8811838048,PV,NAVI,PV,destroy,lone_druid,3250,5531,league_roster,Have fun,storm_spirit,2521,3966,league_roster,strafe instructor,brewmaster,2180,4366,league_roster,Pele,huskar,1667,2778,league_roster,Dukalis,techies,1125,1837,league_roster,winter,terrorblade,2691,4486,league_roster,vv,invoker,2427,4608,league_roster,ƬψƬ ☢ Sιrιus-妥,axe,1566,3435,league_roster,stud,rattletrap,1368,1812,league_roster,Ronaldo,shadow_demon,927,1879,league_roster
19696,DreamLeague Season 29,8811845697,BetBoom,PlayTime,PlayTime,Naruto~,tiny,2229,3904,league_roster,negative behavior,pangolier,2492,3731,league_roster,Badwater,magnataur,2520,4117,league_roster,ゴール下,windrunner,1519,2207,league_roster,,lich,1099,1713,league_roster,VE,doom_bringer,2080,4414,league_roster,Azul,ember_spirit,2653,4460,league_roster,^,abyssal_underlord,2449,3860,league_roster,Mode Philippines,hoodwink,1344,1728,league_roster,Cat,enchantress,1134,1792,league_roster
19696,DreamLeague Season 29,8811839782,Tundra,RKX,RKX,Last Call,beastmaster,2711,4842,league_roster,madam mamba,storm_spirit,2264,4043,league_roster,not human (животное),shredder,2345,4262,league_roster,Chestnut,rubick,921,2040,league_roster,NongMon,techies,963,2084,league_roster,abi eja,luna,2912,4857,league_roster,eco fragger,queenofpain,2663,4847,league_roster,underrated,kunkka,2564,3917,league_roster,reckless,hoodwink,1048,2010,league_roster,Joana,enchantress,636,1241,league_roster
19696,DreamLeague Season 29,8811941658,PV,NAVI,PV,destroy,muerta,2725,4892,league_roster,Have fun,pangolier,1906,3843,league_roster,strafe instructor,axe,2839,4683,league_roster,Pele,nyx_assassin,1601,2133,league_roster,Dukalis,winter_wyvern,752,1141,league_roster,winter,ursa,2500,4127,league_roster,vv,void_spirit,2416,3830,league_roster,ƬψƬ ☢ Sιrιus-妥,slardar,2059,3237,league_roster,stud,hoodwink,1049,1624,league_roster,Ronaldo,silencer,1053,1258,league_roster
19696,DreamLeague Season 29,8811958377,PlayTime,BetBoom,BetBoom,VE,tiny,2358,3867,league_roster,Azul,ember_spirit,2050,3882,league_roster,^,abyssal_underlord,2070,3299,league_roster,Mode Philippines,hoodwink,1443,1694,league_roster,Cat,enchantress,944,1467,league_roster,Naruto~,kez,2841,4878,league_roster,negative behavior,snapfire,2421,4556,league_roster,>ݒ,pangolier,2604,4378,league_roster,ゴール下,windrunner,1168,1696,league_roster,i>,winter_wyvern,1069,1999,league_roster
19696,DreamLeague Season 29,8811930872,NGX,XG,NGX,rin,nevermore,2995,5533,league_roster,No!ob™,void_spirit,2361,3830,league_roster,malrincyq,doom_bringer,2130,3842,league_roster,passenger,shadow_shaman,868,1322,league_roster,m,wisp,1333,2187,league_roster,@,clinkz,2600,4374,league_roster,v),puck,2340,4315,league_roster,¿,shredder,1700,3082,league_roster,其疾如风,techies,1023,1677,league_roster,lavie,winter_wyvern,1093,1444,league_roster
19696,DreamLeague Season 29,8811974004,RKX,Tundra,RKX,"""w",naga_siren,2142,4236,league_roster,eco fragger,puck,2712,4478,league_roster,underrated,kunkka,2430,4640,league_roster,reckless,rubick,1405,2207,league_roster,Joana,venomancer,917,1753,league_roster,Last Call,monkey_king,2357,3420,league_roster,madam mamba,void_spirit,2304,3525,league_roster,not human (животное),beastmaster,2072,4074,league_roster,Chestnut,tusk,866,1453,league_roster,NongMon,silencer,1151,2112,league_roster
19696,DreamLeague Season 29,8812041728,BetBoom,PlayTime,BetBoom,Naruto~,kez,1969,3184,league_roster,"""d",puck,2244,3903,league_roster,Badwater,largo,2420,4148,league_roster,ゴール下,hoodwink,948,1364,league_roster,`܇֒,silencer,617,1137,league_roster,VE,doom_bringer,2629,4627,league_roster,Azul,pangolier,2284,3470,league_roster,^,axe,3034,5095,league_roster,Mode Philippines,skywrath_mage,1072,1763,league_roster,Cat,phoenix,888,1264,league_roster
19696,DreamLeague Season 29,8812138585,TSpirit,VP,TSpirit,兜圈。,kez,2640,4195,league_roster,London+G,pangolier,2422,4325,league_roster,pos3jungler,death_prophet,2366,4792,league_roster,DOOMMAR,muerta,1162,2146,league_roster,@,grimstroke,1232,1953,league_roster,nokia,life_stealer,1788,2578,league_roster,hamilton,puck,2418,3698,league_roster,saberlight,axe,2386,3603,league_roster,Hellscream,hoodwink,1027,1576,league_roster,T2,phoenix,687,1292,league_roster
19696,DreamLeague Season 29,8812138635,FLCN,Liquid,FLCN,`7y,ursa,2977,4633,league_roster,...,pangolier,2419,3746,league_roster,YeS signature player,mars,2459,3794,league_roster,Cr1t-,rubick,1381,1814,league_roster,Sneyking,chen,1057,1892,league_roster,yondaime,nevermore,2285,4369,league_roster,мусор,void_spirit,2232,4429,league_roster,50centaur,centaur,2113,3415,league_roster,Boxi,hoodwink,1088,1648,league_roster,tOfu,rattletrap,963,1403,league_roster
19696,DreamLeague Season 29,8812155277,Aurora,GL,Aurora,tragic,doom_bringer,2143,3505,league_roster,Katanaa,pangolier,2231,3599,league_roster,Shenorita`,shredder,1424,2697,league_roster,tweekin',lion,1140,1681,league_roster,save丶,enchantress,1022,1395,league_roster,鬼,drow_ranger,2886,4764,league_roster,)),ember_spirit,2448,4254,league_roster,помойка,night_stalker,2063,3929,league_roster,yo,hoodwink,1029,1463,league_roster,Speeed,winter_wyvern,1075,1755,league_roster
19696,DreamLeague Season 29,8812138607,VG,EX-HERO,VG,,tiny,2211,3957,league_roster,^,pangolier,2648,4408,league_roster,Bach,beastmaster,2370,4711,league_roster,烟弹漏油,keeper_of_the_light,1286,2377,league_roster,宇宙にきらめく エメラルド,phoenix,1288,2141,league_roster,.tv/yumadota2,muerta,2244,3520,league_roster,a,bristleback,3002,4998,league_roster,GAMBOT-PARIS,tidehunter,2433,4595,league_roster,Rita,rubick,1218,1556,league_roster,марсианин,treant,1150,1871,league_roster
19696,DreamLeague Season 29,8812233361,VP,TSpirit,TSpirit,nokia,muerta,2233,3800,league_roster,hamilton,tiny,2009,3624,league_roster,saberlight,beastmaster,2387,3921,league_roster,Hellscream,rubick,1072,1448,league_roster,T2,winter_wyvern,722,1307,league_roster,pJf,alchemist,3014,4268,league_roster,London+G,snapfire,3182,4746,league_roster,pos3jungler,slardar,1954,3608,league_roster,DOOMMAR,batrider,1208,1731,league_roster,J,grimstroke,1084,1423,league_roster
19696,DreamLeague Season 29,8812263063,Aurora,GL,Aurora,tragic,windrunner,3038,5024,league_roster,Katanaa,storm_spirit,2986,4379,league_roster,Shenorita`,largo,2016,3507,league_roster,tweekin',lion,869,1696,league_roster,`w,warlock,1187,2035,league_roster,鬼,drow_ranger,2470,3695,league_roster,)),ember_spirit,1829,3466,league_roster,помойка,doom_bringer,1858,3307,league_roster,yo,hoodwink,1084,1788,league_roster,Speeed,phoenix,865,1975,league_roster
19696,DreamLeague Season 29,8812258249,FLCN,Liquid,FLCN,m$,tiny,2465,3998,league_roster,,puck,2345,4517,league_roster,YeS signature player,viper,2771,4054,league_roster,Cr1t-,largo,1077,1325,league_roster,z,lich,1145,1239,league_roster,yondaime,muerta,2426,4042,league_roster,=,kunkka,2797,4689,league_roster,50centaur,dawnbreaker,2673,4294,league_roster,7,rubick,1042,1521,league_roster,tOfu,treant,1111,1594,league_roster
19696,DreamLeague Season 29,8812274718,EX-HERO,VG,VG,.tv/yumadota2,life_stealer,2149,3161,league_roster,a,slardar,1973,2646,league_roster,GAMBOT-PARIS,shredder,1897,3780,league_roster,Rita,techies,976,1563,league_roster,марсианин,lich,668,1238,league_roster,Roselia,drow_ranger,2862,5067,league_roster,^,queenofpain,2182,4286,league_roster,Bach,axe,2450,4613,league_roster,}A,windrunner,1416,2243,league_roster,宇宙にきらめく エメラルド,treant,1173,1798,league_roster
19696,DreamLeague Season 29,8812989097,NAVI,PlayTime,NAVI,winter,terrorblade,2885,4290,league_roster,vv,monkey_king,3002,5330,league_roster,ƬψƬ ☢ Sιrιus-妥,abyssal_underlord,2385,5374,league_roster,there is no if,rubick,1292,1833,league_roster,хх,venomancer,1048,1887,league_roster,VE,alchemist,2516,3780,league_roster,Azul,pangolier,1810,3308,league_roster,^,largo,2172,3911,league_roster,@,marci,1313,2122,league_roster,Cat,batrider,994,1742,league_roster
19696,DreamLeague Season 29,8812989027,NGX,PV,PV,rin,luna,2506,4746,league_roster,ݱ,storm_spirit,1394,2686,league_roster,malrincyq,largo,2027,2449,league_roster,passenger,shadow_shaman,937,1315,league_roster,gh,wisp,838,1128,league_roster,destroy,kez,2271,4650,league_roster,Have fun,huskar,3178,5523,league_roster,strafe instructor,axe,2233,3840,league_roster,Pele,rattletrap,1264,1950,league_roster,Dukalis,winter_wyvern,793,1605,league_roster
19696,DreamLeague Season 29,8812990272,XG,RKX,XG,区,faceless_void,2659,4562,league_roster,NothingToSay,pangolier,2672,3967,league_roster,¿,dawnbreaker,2326,4178,league_roster,其疾如风,nyx_assassin,1158,2092,league_roster,lavie,lich,572,961,league_roster,abi eja,sven,2323,4841,league_roster,eco fragger,puck,1888,3307,league_roster,underrated,axe,2667,4857,league_roster,reckless,rubick,911,1275,league_roster,Joana,phoenix,936,1267,league_roster
19696,DreamLeague Season 29,8812989544,Tundra,BetBoom,Tundra,Last Call,kez,2184,3944,league_roster,madam mamba,invoker,2658,4122,league_roster,not human (животное),shredder,2185,2974,league_roster,Chestnut,tusk,984,1352,league_roster,NongMon,phoenix,1224,1690,league_roster,Naruto~,luna,2396,4051,league_roster,negative behavior,snapfire,2224,4276,league_roster,Rs,tidehunter,1761,3827,league_roster,ゴール下,rubick,1447,2127,league_roster,4X4,lich,786,1913,league_roster
19696,DreamLeague Season 29,8813059358,RKX,XG,XG,abi eja,tiny,1948,3829,league_roster,eco fragger,puck,2154,3793,league_roster,underrated,abyssal_underlord,2518,4677,league_roster,reckless,rubick,1333,2160,league_roster,Joana,grimstroke,1119,1600,league_roster,区,alchemist,3127,6274,league_roster,`1ٝ,pangolier,2370,4089,league_roster,¿,dawnbreaker,2187,4308,league_roster,其疾如风,lion,1348,1788,league_roster,lavie,lich,822,1843,league_roster
19696,DreamLeague Season 29,8813051930,PlayTime,NAVI,NAVI,VE,beastmaster,2903,4777,league_roster,Azul,pangolier,2135,3775,league_roster,Ps,slardar,1724,2849,league_roster,Qs,skywrath_mage,932,2239,league_roster,Ms,techies,1600,2095,league_roster,winter,windrunner,2650,4746,league_roster,vv,nevermore,2691,4960,league_roster,ƬψƬ ☢ Sιrιus-妥,axe,2211,3558,league_roster,there is no if,shadow_demon,1555,2383,league_roster,хх,phoenix,974,1710,league_roster
19696,DreamLeague Season 29,8813055101,PV,NGX,PV,destroy,kez,2641,4554,league_roster,Have fun,ember_spirit,2515,4134,league_roster,strafe instructor,axe,1876,3951,league_roster,Pele,rattletrap,1216,2139,league_roster,Dukalis,grimstroke,929,1237,league_roster,rin,gyrocopter,2497,3733,league_roster,No!ob™,puck,2255,3416,league_roster,malrincyq,largo,2109,3670,league_roster,passenger,techies,1340,1641,league_roster,gh,wisp,1163,1765,league_roster
19696,DreamLeague Season 29,8813075789,BetBoom,Tundra,BetBoom,u,muerta,2592,4664,league_roster,negative behavior,zuus,2531,4489,league_roster,Badwater,tidehunter,2240,3548,league_roster,ゴール下,windrunner,1918,3282,league_roster,4X4,tusk,1235,1832,league_roster,Last Call,kez,2701,4845,league_roster,madam mamba,snapfire,2821,4845,league_roster,not human (животное),doom_bringer,2450,3343,league_roster,Chestnut,hoodwink,1426,2306,league_roster,NongMon,warlock,887,1680,league_roster
19696,DreamLeague Season 29,8813156153,Tundra,BetBoom,Tundra,Last Call,windrunner,2371,3391,league_roster,madam mamba,tinker,2006,3169,league_roster,not human (животное),lycan,2750,4508,league_roster,Chestnut,hoodwink,1409,2370,league_roster,NongMon,phoenix,992,2036,league_roster,Naruto~,dawnbreaker,1838,2734,league_roster,negative behavior,snapfire,2517,4845,league_roster,Badwater,largo,2058,3711,league_roster,0,shadow_demon,837,1710,league_roster,B,tusk,1203,2153,league_roster
19696,DreamLeague Season 29,8813239365,EX-HERO,Liquid,Liquid,.tv/yumadota2,faceless_void,2487,3994,league_roster,a,queenofpain,2603,3955,league_roster,GAMBOT-PARIS,tidehunter,1661,3261,league_roster,Rita,hoodwink,863,1741,league_roster,марсианин,winter_wyvern,559,977,league_roster,ᄔ,kez,2708,4691,league_roster,мусор,ember_spirit,2604,4137,league_roster,50centaur,doom_bringer,2651,4283,league_roster,Boxi,batrider,746,1326,league_roster,tOfu,lich,1500,2236,league_roster
19696,DreamLeague Season 29,8813239180,GL,VP,VP,鬼,ursa,2822,4831,league_roster,)),storm_spirit,2351,4247,league_roster,помойка,largo,2209,3404,league_roster,yo,grimstroke,761,1363,league_roster,Speeed,phoenix,1010,1471,league_roster,nokia,alchemist,2665,5273,league_roster,hamilton,pangolier,2335,4157,league_roster,saberlight,tidehunter,2089,3309,league_roster,Hellscream,lion,959,1581,league_roster,T2,lich,884,1497,league_roster
19696,DreamLeague Season 29,8813240600,Aurora,VG,Aurora,tragic,ursa,2536,4821,league_roster,Katanaa,queenofpain,2587,4637,league_roster,:,doom_bringer,2390,4049,league_roster,tweekin',rattletrap,1292,2254,league_roster,save丶,silencer,1082,1626,league_roster,ԓ,drow_ranger,2876,4387,league_roster,^,storm_spirit,2216,3559,league_roster,Bach,death_prophet,2432,4463,league_roster,N3,earthshaker,889,1807,league_roster,宇宙にきらめく エメラルド,phoenix,1141,1953,league_roster
19696,DreamLeague Season 29,8813287573,TSpirit,FLCN,TSpirit,兜圈。,alchemist,1829,3831,league_roster,London+G,void_spirit,1813,3698,league_roster,pos3jungler,largo,2972,4612,league_roster,P䙫,tusk,1083,1618,league_roster,123,grimstroke,849,1480,league_roster,I m Going To Be The Best Carry,weaver,2402,3563,league_roster,`,puck,2442,3673,league_roster,YeS signature player,doom_bringer,2238,3913,league_roster,Cr1t-,rubick,1262,1756,league_roster,Sneyking,silencer,1346,1745,league_roster
19696,DreamLeague Season 29,8813352678,Liquid,EX-HERO,Liquid,yondaime,tiny,2678,4211,league_roster,мусор,puck,2299,4127,league_roster,50centaur,doom_bringer,2512,4379,league_roster,Boxi,rubick,1369,2304,league_roster,g>Q,silencer,1042,1664,league_roster,.tv/yumadota2,monkey_king,2173,3794,league_roster,a,pangolier,2283,4322,league_roster,GAMBOT-PARIS,shredder,2513,4431,league_roster,Rita,lion,1114,1647,league_roster,марсианин,winter_wyvern,921,1334,league_roster
19696,DreamLeague Season 29,8813352696,VP,GL,GL,nokia,windrunner,2494,4067,league_roster,hamilton,void_spirit,1798,3182,league_roster,saberlight,abyssal_underlord,2210,4001,league_roster,Hellscream,rubick,1248,1694,league_roster,T2,lich,836,1280,league_roster,鬼,life_stealer,2649,4723,league_roster,)),ember_spirit,2574,4491,league_roster,помойка,slardar,2331,4594,league_roster,yo,techies,995,1632,league_roster,Speeed,shadow_demon,1211,1741,league_roster
19696,DreamLeague Season 29,8813355676,VG,Aurora,VG,Roselia,muerta,2503,3791,league_roster,h,slark,2578,3864,league_roster,Bach,axe,2491,4527,league_roster,4W,wisp,1328,2410,league_roster,宇宙にきらめく エメラルド,lich,925,1458,league_roster,tragic,ursa,2507,4124,league_roster,Katanaa,ember_spirit,2653,4682,league_roster,`,slardar,2308,3782,league_roster,`9,hoodwink,732,1078,league_roster,save丶,oracle,914,1747,league_roster
19696,DreamLeague Season 29,8813398413,FLCN,TSpirit,FLCN,I m Going To Be The Best Carry,windrunner,3044,4779,league_roster,...,pangolier,2494,4105,league_roster,YeS signature player,shredder,2549,4585,league_roster,Cr1t-,lion,1159,1693,league_roster,Sneyking,venomancer,991,1863,league_roster,兜圈。,terrorblade,2444,4248,league_roster,London+G,storm_spirit,2583,3946,league_roster,pos3jungler,axe,2038,4391,league_roster,DOOMMAR,rattletrap,1355,1955,league_roster,pCT,grimstroke,768,1628,league_roster
19696,DreamLeague Season 29,8813441620,VP,GL,GL,nokia,tiny,2772,4908,league_roster,hamilton,storm_spirit,2707,4500,league_roster,saberlight,primal_beast,2077,3223,league_roster,Hellscream,hoodwink,1010,1572,league_roster,T2,lich,649,937,league_roster,鬼,luna,2353,3815,league_roster,)),ember_spirit,2963,4820,league_roster,помойка,abyssal_underlord,2446,4197,league_roster,yo,techies,871,1219,league_roster,Speeed,rubick,1201,1651,league_roster
19696,DreamLeague Season 29,8813453376,VG,Aurora,Aurora,Roselia,medusa,2712,4180,league_roster,^,beastmaster,2309,4602,league_roster,Bach,bristleback,2061,3689,league_roster,.W,nyx_assassin,1446,2265,league_roster,@H.W,lich,1111,1553,league_roster,tragic,ursa,2716,4348,league_roster,Katanaa,queenofpain,2545,4405,league_roster,Shenorita`,doom_bringer,2613,4505,league_roster,tweekin',lion,861,1314,league_roster,save丶,enchantress,920,1464,league_roster
19696,DreamLeague Season 29,8813536582,TSpirit,FLCN,FLCN,兜圈。,kez,2953,4038,league_roster,"`""",tinker,2223,3672,league_roster,R,primal_beast,2380,4344,league_roster,kR,hoodwink,1269,2115,league_roster,123,rubick,1005,1912,league_roster,I m Going To Be The Best Carry,tiny,2983,5468,league_roster,...,pangolier,2597,4753,league_roster,YeS signature player,shredder,2400,3692,league_roster,0u,lion,1150,2008,league_roster,`,ringmaster,1191,1843,league_roster
19696,DreamLeague Season 29,8813551147,NAVI,Tundra,NAVI,winter,ursa,2567,4723,league_roster,vv,puck,1818,2482,league_roster,ƬψƬ ☢ Sιrιus-妥,centaur,2500,3367,league_roster,there is no if,hoodwink,803,1377,league_roster,хх,snapfire,1071,1454,league_roster,Last Call,windrunner,2307,4226,league_roster,madam mamba,void_spirit,2378,3900,league_roster,not human (животное),shredder,1813,2802,league_roster,Chestnut,tusk,1436,2002,league_roster,NongMon,phoenix,993,1681,league_roster
19696,DreamLeague Season 29,8813556518,RKX,NGX,NGX,abi eja,kez,2493,4309,league_roster,eco fragger,puck,2640,4628,league_roster,underrated,dawnbreaker,2120,3681,league_roster,reckless,hoodwink,1484,1971,league_roster,Joana,warlock,486,1181,league_roster,0,monkey_king,2609,4491,league_roster,No!ob™,lycan,2107,3383,league_roster,malrincyq,axe,2250,3639,league_roster,passenger,rubick,1115,1852,league_roster,gh,phoenix,1194,1655,league_roster
19696,DreamLeague Season 29,8813604844,PV,PlayTime,PlayTime,destroy,drow_ranger,2369,4146,league_roster,Have fun,puck,2706,4266,league_roster,strafe instructor,slardar,1975,3112,league_roster,Pele,nyx_assassin,1429,2597,league_roster,Dukalis,techies,937,1706,league_roster,@:UЕ,doom_bringer,2776,4470,league_roster,Azul,pangolier,2642,3918,league_roster,WZ,axe,2163,3919,league_roster,,windrunner,2027,2578,league_roster,Cat,enchantress,1066,1608,league_roster
19696,DreamLeague Season 29,8813650766,Tundra,NAVI,Tundra,Last Call,templar_assassin,2520,4740,league_roster,madam mamba,puck,2339,3563,league_roster,not human (животное),largo,2561,4366,league_roster,Chestnut,hoodwink,1059,1883,league_roster,NongMon,silencer,544,982,league_roster,winter,broodmother,1919,2630,league_roster,vv,tiny,2122,3766,league_roster,ƬψƬ ☢ Sιrιus-妥,axe,2499,4890,league_roster,there is no if,rubick,1278,1673,league_roster,хх,phoenix,1081,1276,league_roster
19696,DreamLeague Season 29,8813657190,NGX,RKX,NGX,rin,muerta,3142,5195,league_roster,No!ob™,largo,2460,3928,league_roster,malrincyq,tidehunter,2524,3634,league_roster,passenger,hoodwink,1006,1904,league_roster,gh,phoenix,1575,2564,league_roster,P,mirana,2879,5044,league_roster,eco fragger,ember_spirit,2575,4249,league_roster,underrated,slardar,1686,2859,league_roster,reckless,windrunner,914,1860,league_roster,Joana,lich,959,1219,league_roster
19696,DreamLeague Season 29,8813653439,BetBoom,XG,BetBoom,ܔ,kez,2286,3889,league_roster,negative behavior,storm_spirit,2146,3888,league_roster,,abyssal_underlord,2636,4636,league_roster,ゴール下,rubick,975,1676,league_roster,4X4,bane,1485,2071,league_roster,区,tiny,2015,3921,league_roster,NothingToSay,pangolier,2172,4154,league_roster,¿,doom_bringer,2552,4196,league_roster,\,hoodwink,1049,1659,league_roster,lavie,phoenix,636,1691,league_roster
19696,DreamLeague Season 29,8813707883,PlayTime,PV,PV,J,alchemist,2095,5160,league_roster,Azul,pangolier,2840,4781,league_roster,`Kt,axe,2941,4655,league_roster,+,skywrath_mage,1328,2164,league_roster,0儇,phoenix,946,1464,league_roster,destroy,tiny,3064,5584,league_roster,Have fun,ember_spirit,2294,3803,league_roster,strafe instructor,dawnbreaker,2571,4235,league_roster,Pele,keeper_of_the_light,1230,1929,league_roster,Dukalis,winter_wyvern,903,1468,league_roster
19696,DreamLeague Season 29,8813745846,Tundra,NAVI,NAVI,Last Call,templar_assassin,1907,3963,league_roster,madam mamba,beastmaster,2325,4601,league_roster,not human (животное),brewmaster,2347,4463,league_roster,Chestnut,hoodwink,1305,2037,league_roster,NongMon,phoenix,893,1222,league_roster,winter,monkey_king,2743,4277,league_roster,vv,pangolier,2580,4929,league_roster,ƬψƬ ☢ Sιrιus-妥,magnataur,2586,4936,league_roster,there is no if,shadow_demon,943,1888,league_roster,хх,venomancer,1663,2300,league_roster
19696,DreamLeague Season 29,8813775647,XG,BetBoom,BetBoom,区,phantom_lancer,2618,3871,league_roster,NothingToSay,pangolier,1678,3266,league_roster,¿,shredder,2419,4078,league_roster,其疾如风,hoodwink,842,1661,league_roster,lavie,lich,790,1198,league_roster,Naruto~,kez,2718,4803,league_roster,`,snapfire,2880,4928,league_roster,Badwater,primal_beast,2463,4317,league_roster,,rubick,987,1961,league_roster,4X4,bane,1037,1960,league_roster
19696,DreamLeague Season 29,8813802531,PlayTime,PV,PlayTime,VE,necrolyte,2719,4119,league_roster,Azul,kunkka,2716,5635,league_roster,p6l,beastmaster,1783,3350,league_roster,Mode Philippines,nyx_assassin,1350,1658,league_roster,Cat,enchantress,1301,2284,league_roster,destroy,lone_druid,3331,5374,league_roster,Have fun,storm_spirit,2196,3968,league_roster,strafe instructor,dawnbreaker,2211,3394,league_roster,Pele,rattletrap,909,1621,league_roster,Dukalis,winter_wyvern,1039,1542,league_roster
19696,DreamLeague Season 29,8814473986,TSpirit,EX-HERO,TSpirit,兜圈。,juggernaut,2791,4779,league_roster,London+G,zuus,2579,4455,league_roster,hV,slardar,2672,4706,league_roster,),hoodwink,1192,2454,league_roster,123,ringmaster,1590,2283,league_roster,Yuma,ursa,1935,3246,league_roster,a,snapfire,2237,4026,league_roster,GAMBOT-PARIS,pangolier,2104,3602,league_roster,Rita,techies,1462,1868,league_roster,марсианин,crystal_maiden,773,1429,league_roster
19696,DreamLeague Season 29,8814473655,VG,Liquid,VG,Roselia,terrorblade,2887,4882,league_roster,^,ember_spirit,2469,4259,league_roster,Bach,doom_bringer,2400,4219,league_roster,烟弹漏油,hoodwink,1233,1921,league_roster,宇宙にきらめく エメラルド,lich,995,1676,league_roster,yondaime,furion,2469,4985,league_roster,мусор,storm_spirit,2545,3956,league_roster,),slardar,2339,3494,league_roster,Boxi,rubick,1022,1473,league_roster,tOfu,largo,934,1320,league_roster
19696,DreamLeague Season 29,8814473618,VP,Aurora,Aurora,nokia,life_stealer,2618,4122,league_roster,hamilton,ember_spirit,2471,4658,league_roster,saberlight,slardar,2036,3898,league_roster,Hellscream,hoodwink,1122,1612,league_roster,T2,silencer,1352,1741,league_roster,tragic,phantom_lancer,2498,3805,league_roster,Katanaa,puck,2553,4042,league_roster,@f#,axe,2396,4467,league_roster,tweekin',rubick,863,1461,league_roster,save丶,phoenix,1138,2359,league_roster
19696,DreamLeague Season 29,8814475396,GL,FLCN,GL,鬼,lone_druid,2567,4757,league_roster,)),void_spirit,2455,4219,league_roster,помойка,largo,2350,3284,league_roster,yo,grimstroke,1031,1566,league_roster,Speeed,venomancer,1538,2049,league_roster,*~h,ursa,2711,4566,league_roster,.|m,pangolier,2496,4086,league_roster,YeS signature player,shredder,1801,2807,league_roster,dw,rattletrap,1167,1687,league_roster,Sneyking,winter_wyvern,974,1535,league_roster
19696,DreamLeague Season 29,8814549253,EX-HERO,TSpirit,TSpirit,Yuma,meepo,2324,4467,league_roster,a,puck,2730,4407,league_roster,GAMBOT-PARIS,bristleback,2297,4412,league_roster,Rita,hoodwink,1183,1665,league_roster,марсианин,crystal_maiden,770,1323,league_roster,N,tiny,1947,3458,league_roster,London+G,slardar,2160,3634,league_roster,#y,pangolier,2937,4671,league_roster,TIMBER,techies,886,1388,league_roster,123,ringmaster,974,1594,league_roster
19696,DreamLeague Season 29,8814554021,VG,Liquid,Liquid,Roselia,windrunner,2991,4351,league_roster,Pz},puck,2096,4028,league_roster,Bach,batrider,2527,4238,league_roster,Ѕp,wisp,1601,2798,league_roster,@)f,venomancer,1128,2061,league_roster,yondaime,tiny,2100,3810,league_roster,мусор,void_spirit,2366,4213,league_roster,50centaur,doom_bringer,2341,3597,league_roster,Boxi,techies,768,1564,league_roster,tOfu,oracle,843,1595,league_roster
19696,DreamLeague Season 29,8814558995,Aurora,VP,VP,tragic,windrunner,2288,4285,league_roster,@nn,storm_spirit,2292,4197,league_roster,p6n,beastmaster,2641,4868,league_roster,tweekin',lion,529,1372,league_roster,save丶,venomancer,1081,2331,league_roster,nokia,luna,1904,3209,league_roster,hamilton,void_spirit,2047,3471,league_roster,saberlight,centaur,1912,3654,league_roster,Hellscream,hoodwink,1078,1776,league_roster,T2,silencer,1000,1452,league_roster
19696,DreamLeague Season 29,8814561483,FLCN,GL,FLCN,I m Going To Be The Best Carry,luna,3300,5199,league_roster,...,pangolier,2354,3629,league_roster,YeS signature player,shredder,2391,4109,league_roster,Cr1t-,rattletrap,1533,1839,league_roster,xZ<,silencer,1350,1780,league_roster,鬼,clinkz,2429,4265,league_roster,)),puck,2313,4033,league_roster,помойка,lycan,2179,3870,league_roster,yo,grimstroke,1035,1325,league_roster,Speeed,venomancer,896,1601,league_roster
19696,DreamLeague Season 29,8814642533,VG,Liquid,Liquid,Roselia,alchemist,2284,5435,league_roster,^,void_spirit,1816,2983,league_roster,Bach,primal_beast,1826,2773,league_roster,p61,windrunner,1259,1989,league_roster,宇宙にきらめく エメラルド,lich,644,1257,league_roster,A,luna,2795,4861,league_roster,$,puck,2338,3802,league_roster,50centaur,pangolier,2527,4662,league_roster,Boxi,techies,1141,1833,league_roster,tOfu,elder_titan,1315,2435,league_roster
19696,DreamLeague Season 29,8814645393,VP,Aurora,Aurora,nokia,kez,2212,3533,league_roster,hamilton,ember_spirit,2474,3474,league_roster,saberlight,tidehunter,2140,4135,league_roster,Hellscream,techies,1206,1517,league_roster,T2,venomancer,704,1201,league_roster,tragic,tiny,2782,4911,league_roster,Katanaa,monkey_king,2384,4135,league_roster,Shenorita`,dawnbreaker,2667,4740,league_roster,tweekin',lion,1118,1597,league_roster,save丶,warlock,1027,1405,league_roster
19696,DreamLeague Season 29,8814673909,FLCN,GL,FLCN,I m Going To Be The Best Carry,luna,2436,4917,league_roster,...,pangolier,2694,5006,league_roster,YeS signature player,mars,2619,4414,league_roster,0Sr,rattletrap,1136,2023,league_roster,Sneyking,lich,1039,2599,league_roster,鬼,muerta,2477,3706,league_roster,)),puck,2107,3680,league_roster,помойка,lycan,2663,3786,league_roster,yo,rubick,1002,1393,league_roster,Speeed,venomancer,892,1296,league_roster
19696,DreamLeague Season 29,8814748706,PV,RKX,PV,destroy,tiny,2146,3793,league_roster,Have fun,pangolier,2736,4587,league_roster,strafe instructor,abyssal_underlord,2288,3743,league_roster,Pele,keeper_of_the_light,1497,2273,league_roster,Dukalis,grimstroke,1357,1753,league_roster,abi eja,lone_druid,2137,4512,league_roster,eco fragger,ember_spirit,2466,4222,league_roster,underrated,dawnbreaker,2318,4204,league_roster,reckless,lion,1245,2128,league_roster,Joana,lich,618,1203,league_roster
19696,DreamLeague Season 29,8814775838,PlayTime,Tundra,PlayTime,VE,windrunner,2340,4500,league_roster,Azul,ember_spirit,2441,4160,league_roster,^,doom_bringer,2406,3355,league_roster,Mode Philippines,nyx_assassin,1191,2124,league_roster,Cat,silencer,1280,2284,league_roster,Damn,ursa,2128,4201,league_roster,madam mamba,invoker,2514,3973,league_roster,not human (животное),batrider,2144,2999,league_roster,Chestnut,lion,1311,1834,league_roster,NongMon,phoenix,910,1455,league_roster
19696,DreamLeague Season 29,8814800807,XG,NAVI,NAVI,区,drow_ranger,2774,4267,league_roster,NothingToSay,storm_spirit,2750,4682,league_roster,¿,dawnbreaker,2747,4609,league_roster,其疾如风,techies,1343,2190,league_roster,lavie,phoenix,945,2001,league_roster,winter,doom_bringer,2249,4661,league_roster,vv,kez,2547,3922,league_roster,ƬψƬ ☢ Sιrιus-妥,centaur,2197,3461,league_roster,there is no if,rubick,1106,1942,league_roster,хх,shadow_demon,935,1162,league_roster
19696,DreamLeague Season 29,8814771003,NGX,BetBoom,BetBoom,S,terrorblade,2391,3802,league_roster,No!ob™,pangolier,2193,3692,league_roster,malrincyq,axe,2986,4629,league_roster,passenger,rubick,1055,1353,league_roster,gh,techies,1460,1795,league_roster,Naruto~,kez,2129,4330,league_roster,negative behavior,snapfire,2793,4742,league_roster,Badwater,beastmaster,2353,4618,league_roster,ゴール下,keeper_of_the_light,982,1585,league_roster,4X4,bane,987,1675,league_roster
19696,DreamLeague Season 29,8814858474,RKX,PV,RKX,abi eja,kez,2360,3853,league_roster,eco fragger,queenofpain,2389,4204,league_roster,underrated,primal_beast,2136,3255,league_roster,reckless,rattletrap,1102,1558,league_roster,Joana,warlock,848,1069,league_roster,destroy,muerta,3472,5599,league_roster,Have fun,ember_spirit,2804,4674,league_roster,strafe instructor,slardar,1903,3315,league_roster,Pele,enchantress,1252,1801,league_roster,Dukalis,phoenix,1175,1984,league_roster
19696,DreamLeague Season 29,8814932055,XG,NAVI,NAVI,,kez,2144,3604,league_roster,NothingToSay,storm_spirit,2379,4175,league_roster,%y,largo,3040,4941,league_roster,其疾如风,hoodwink,1555,2260,league_roster,lavie,enchantress,1193,2112,league_roster,winter,faceless_void,2397,4216,league_roster,vv,invoker,2153,4223,league_roster,ƬψƬ ☢ Sιrιus-妥,abyssal_underlord,2680,3947,league_roster,there is no if,rubick,1312,1913,league_roster,хх,venomancer,1207,1942,league_roster
19696,DreamLeague Season 29,8814885502,Tundra,PlayTime,Tundra,Damn,windrunner,2847,4763,league_roster,madam mamba,puck,2395,4902,league_roster,not human (животное),tidehunter,1862,2690,league_roster,Chestnut,hoodwink,1189,2156,league_roster,NongMon,tusk,880,1715,league_roster,VE,muerta,2664,4344,league_roster,Azul,viper,2452,3320,league_roster,^,abyssal_underlord,1837,2752,league_roster,Mode Philippines,rubick,1335,2037,league_roster,Cat,batrider,1410,2146,league_roster
19696,DreamLeague Season 29,8814944245,NGX,BetBoom,BetBoom,rin,medusa,2164,3106,league_roster,No!ob™,pangolier,1986,3096,league_roster,cQR,centaur,2406,4181,league_roster,T,snapfire,882,1819,league_roster,gh,techies,1102,1660,league_roster,Naruto~,muerta,2144,4516,league_roster,negative behavior,void_spirit,2301,3508,league_roster,Badwater,beastmaster,2993,6138,league_roster,ゴール下,keeper_of_the_light,1655,2489,league_roster,4X4,tusk,1009,1699,league_roster
19696,DreamLeague Season 29,8814994202,RKX,PV,PV,kj,necrolyte,2687,4805,league_roster,eco fragger,pangolier,2358,3592,league_roster,underrated,death_prophet,2366,4417,league_roster,reckless,lion,1437,1900,league_roster,Joana,silencer,1052,1402,league_roster,destroy,kez,2975,4792,league_roster,Have fun,invoker,2802,4202,league_roster,strafe instructor,axe,3435,5595,league_roster,Pele,monkey_king,1188,1993,league_roster,Dukalis,grimstroke,1322,1865,league_roster
19696,DreamLeague Season 29,8815026096,PlayTime,Tundra,Tundra,VE,windrunner,2609,3727,league_roster,Azul,kunkka,2458,4663,league_roster,^,tidehunter,2365,3529,league_roster,Mode Philippines,hoodwink,1228,1713,league_roster,Cat,enchantress,1170,1661,league_roster,Damn,kez,2533,4131,league_roster,madam mamba,storm_spirit,1899,3546,league_roster,not human (животное),shredder,2779,5452,league_roster,Chestnut,rattletrap,1497,1995,league_roster,NongMon,techies,1057,1436,league_roster
19696,DreamLeague Season 29,8815801127,PlayTime,XG,PlayTime,VE,necrolyte,3083,5485,league_roster,Azul,ember_spirit,2383,4523,league_roster,o,brewmaster,2075,3969,league_roster,Mode Philippines,hoodwink,1511,2650,league_roster,Cat,enchantress,1399,2068,league_roster,区,terrorblade,2308,3801,league_roster,NothingToSay,snapfire,2299,3514,league_roster,¿,axe,2225,3982,league_roster,其疾如风,rubick,1127,1559,league_roster,lavie,phoenix,796,1562,league_roster
19696,DreamLeague Season 29,8815854223,PlayTime,Tundra,Tundra,VE,nevermore,2760,4791,league_roster,Azul,queenofpain,2546,4112,league_roster,^,beastmaster,1508,2632,league_roster,Mode Philippines,tusk,1297,1589,league_roster,Cat,silencer,1191,1755,league_roster,Damn,phantom_assassin,2193,3881,league_roster,madam mamba,storm_spirit,1939,4231,league_roster,not human (животное),largo,2573,3563,league_roster,Chestnut,hoodwink,1380,2050,league_roster,NongMon,lich,598,1217,league_roster
19696,DreamLeague Season 29,8815912139,Tundra,XG,Tundra,Damn,muerta,2335,3875,league_roster,madam mamba,storm_spirit,2280,3629,league_roster,not human (животное),doom_bringer,2604,4664,league_roster,Chestnut,hoodwink,1223,1912,league_roster,NongMon,lich,946,1407,league_roster,区,luna,1993,4091,league_roster,NothingToSay,pangolier,2203,4130,league_roster,¿,abyssal_underlord,1948,3139,league_roster,P,rubick,1355,1843,league_roster,@,bane,602,1193,league_roster
19696,DreamLeague Season 29,8817062805,FLCN,Tundra,FLCN,,windrunner,2324,3578,league_roster,I SWEAR TO GOD BAN THIS HERO,monkey_king,1958,4318,league_roster,YeS signature player,tidehunter,2709,4857,league_roster,`!%,lion,1008,1756,league_roster,),lich,949,1540,league_roster,Damn,phantom_assassin,2696,4742,league_roster,,puck,2359,3605,league_roster,not human (животное),doom_bringer,2594,3888,league_roster,2K,rubick,828,1398,league_roster,(,silencer,1036,1536,league_roster
19696,DreamLeague Season 29,8817145578,Tundra,FLCN,FLCN,Damn,windrunner,2344,3686,league_roster,w,tinker,1994,3666,league_roster,not human (животное),sand_king,2647,3723,league_roster,Chestnut,dark_willow,869,1405,league_roster,NongMon,ancient_apparition,765,1871,league_roster,I m Going To Be The Best Carry,life_stealer,2613,4618,league_roster,,slardar,2802,4659,league_roster,YeS signature player,shredder,2289,3944,league_roster,Cr1t-,lion,887,1258,league_roster,Sneyking,lich,720,1123,league_roster
19696,DreamLeague Season 29,8817248835,Liquid,PV,PV,[(,windrunner,3219,5602,league_roster,мусор,storm_spirit,2388,3951,league_roster,50centaur,tidehunter,2146,3504,league_roster,Boxi,rattletrap,931,1476,league_roster,tOfu,winter_wyvern,1236,1540,league_roster,destroy,kez,2843,4701,league_roster,Have fun,leshrac,2976,4366,league_roster,strafe instructor,beastmaster,2165,3754,league_roster,Pele,nyx_assassin,1291,2260,league_roster,Dukalis,witch_doctor,1053,1547,league_roster
19696,DreamLeague Season 29,8817309538,TSpirit,BB,TSpirit,兜圈。,drow_ranger,3137,5072,league_roster,\F,storm_spirit,2455,4320,league_roster,n<,pangolier,1971,3012,league_roster,b,windrunner,819,1394,league_roster,123,treant,1011,1432,league_roster,e,monkey_king,2430,4542,league_roster,0B,ember_spirit,2341,3884,league_roster,Badwater,axe,1921,2801,league_roster,Dead,rubick,1172,1695,league_roster,4X4,lich,1164,1403,league_roster
19696,DreamLeague Season 29,8817364827,PV,Liquid,Liquid,destroy,necrolyte,3463,5829,league_roster,Have fun,kunkka,2900,4489,league_roster,strafe instructor,shredder,2263,3551,league_roster,Pele,nyx_assassin,1047,1591,league_roster,Dukalis,techies,854,1425,league_roster,yondaime,kez,2352,4386,league_roster,мусор,puck,2244,4058,league_roster,50centaur,night_stalker,1696,3509,league_roster,Boxi,rubick,728,1465,league_roster,tOfu,lich,1014,1705,league_roster
19696,DreamLeague Season 29,8817437213,TSpirit,BB,TSpirit,Pѵ,nevermore,2544,4563,league_roster,@2,queenofpain,2236,3516,league_roster,!/,pangolier,2234,4085,league_roster,TIMBER,techies,750,1209,league_roster,123,treant,1217,1593,league_roster,Naruto~,monkey_king,2113,3485,league_roster,negative behavior,void_spirit,2032,3753,league_roster,Badwater,largo,2473,3798,league_roster,`[,windrunner,1030,1357,league_roster,A,lich,1188,1388,league_roster
19696,DreamLeague Season 29,8817480844,PV,Liquid,PV,destroy,terrorblade,2729,5046,league_roster,Have fun,pangolier,2590,4465,league_roster,strafe instructor,shredder,1861,3163,league_roster,Pele,keeper_of_the_light,876,1821,league_roster,Dukalis,grimstroke,1324,1691,league_roster,,nevermore,2856,4483,league_roster,мусор,kez,2553,4444,league_roster,50centaur,abyssal_underlord,1939,3450,league_roster,P{,rubick,1122,1930,league_roster,tOfu,bane,1128,1596,league_roster
19696,DreamLeague Season 29,8817588541,NAVI,Aurora,NAVI,PC+,templar_assassin,2837,5286,league_roster,vv,night_stalker,2493,4276,league_roster,C+,axe,2490,4364,league_roster,C+,snapfire,1163,1856,league_roster,PC+,silencer,808,1166,league_roster,C+,ursa,2623,4265,league_roster,C+,puck,2593,4060,league_roster,C+,phoenix,2336,3606,league_roster,tweekin',lion,880,1553,league_roster,%˝,warlock,1327,2113,league_roster
19696,DreamLeague Season 29,8817670980,Aurora,NAVI,Aurora,tragic,ursa,2506,4313,league_roster,Katanaa,puck,2310,4561,league_roster,Shenorita`,dawnbreaker,2538,4236,league_roster,tweekin',hoodwink,1070,1649,league_roster,save丶,phoenix,1005,1781,league_roster,winter,faceless_void,1576,2999,league_roster,vv,void_spirit,2542,4112,league_roster,ƬψƬ ☢ Sιrιus-妥,magnataur,2018,3202,league_roster,there is no if,snapfire,956,1326,league_roster,'jX,lion,1011,1531,league_roster
19696,DreamLeague Season 29,8817760291,Aurora,NAVI,Aurora,tragic,tiny,2246,3822,league_roster,Katanaa,storm_spirit,3090,5029,league_roster,Shenorita`,dawnbreaker,2947,4801,league_roster,tweekin',hoodwink,833,1713,league_roster,save丶,venomancer,1081,1733,league_roster,winter,monkey_king,2194,3806,league_roster,m*,pangolier,2369,3687,league_roster,N,shredder,2055,3862,league_roster,there is no if,lion,1288,1695,league_roster,grant,phoenix,775,1479,league_roster
19696,DreamLeague Season 29,8818236072,Tundra,VP,VP,l\,alchemist,2650,5253,league_roster,@6\,storm_spirit,1995,3074,league_roster,not human (животное),shredder,2342,3705,league_roster,Chestnut,rubick,1195,1649,league_roster,[,techies,846,1536,league_roster,nokia,muerta,2876,5106,league_roster,hamilton,ember_spirit,2194,3481,league_roster,saberlight,axe,2113,3972,league_roster,Hellscream,ringmaster,1281,1820,league_roster,T2,lich,925,1289,league_roster
19696,DreamLeague Season 29,8818298714,VP,Tundra,Tundra,nokia,luna,2200,4194,league_roster,hamilton,void_spirit,2299,4135,league_roster,saberlight,centaur,1879,3564,league_roster,Hellscream,techies,1079,1865,league_roster,T2,lich,867,1641,league_roster,Damn,muerta,2195,4198,league_roster,madam mamba,invoker,1659,3268,league_roster,not human (животное),lycan,2811,4760,league_roster,g\,hoodwink,904,1364,league_roster,NongMon,bane,872,1253,league_roster
19696,DreamLeague Season 29,8818365999,VP,Tundra,Tundra,nokia,windrunner,2920,5066,league_roster,hamilton,ember_spirit,2294,4145,league_roster,saberlight,axe,2311,4381,league_roster,Hellscream,ringmaster,1309,1947,league_roster,T2,phoenix,738,1728,league_roster,g\,muerta,2320,4060,league_roster,\,invoker,2382,4234,league_roster,Z,tidehunter,1964,2985,league_roster,[Z,shadow_shaman,1010,1455,league_roster,NongMon,tusk,1159,1656,league_roster
19696,DreamLeague Season 29,8818469042,VG,BB,BB,\,lone_druid,2885,4946,league_roster,^,death_prophet,2758,4852,league_roster,\,doom_bringer,1756,2765,league_roster,\,nyx_assassin,990,1678,league_roster,:\,lich,804,1549,league_roster,`\,drow_ranger,2727,5080,league_roster,p4\,storm_spirit,2066,4136,league_roster,Badwater,dawnbreaker,2103,3231,league_roster,Vega.gpk~,hoodwink,1213,2240,league_roster,4X4,rattletrap,1346,1877,league_roster
19696,DreamLeague Season 29,8818592824,BB,VG,VG,Naruto~,muerta,2628,3866,league_roster,vpp.save,storm_spirit,2278,3677,league_roster,p\,dawnbreaker,2372,4249,league_roster,Vega.gpk~,hoodwink,852,2075,league_roster,],tusk,1069,1241,league_roster,Roselia,tiny,1916,3785,league_roster,^,queenofpain,2235,3860,league_roster,Bach,pangolier,2413,3884,league_roster,烟弹漏油,windrunner,960,1733,league_roster,宇宙にきらめく エメラルド,lich,986,1388,league_roster
19696,DreamLeague Season 29,8818701153,VG,BB,BB,Roselia,terrorblade,2279,2875,league_roster,^,zuus,2333,4326,league_roster,Bach,shredder,1865,3425,league_roster,烟弹漏油,windrunner,1148,1595,league_roster,宇宙にきらめく エメラルド,lich,949,1104,league_roster,Naruto~,monkey_king,2736,4541,league_roster,vpp.save,snapfire,2497,4316,league_roster,Badwater,brewmaster,2010,3766,league_roster,\,rubick,1182,1882,league_roster,4X4,bane,891,1528,league_roster
19696,DreamLeague Season 29,8818801707,Liquid,XG,XG,yondaime,tiny,2105,3551,league_roster,мусор,ember_spirit,2205,4340,league_roster,50centaur,slardar,1824,3056,league_roster,z],hoodwink,1080,1364,league_roster,tOfu,lich,674,1361,league_roster,区,drow_ranger,2348,4563,league_roster,NothingToSay,beastmaster,2672,4481,league_roster,¿,dawnbreaker,2667,4830,league_roster,其疾如风,rubick,1347,1984,league_roster,Z,phoenix,996,1979,league_roster
19696,DreamLeague Season 29,8818882603,XG,Liquid,Liquid,区,faceless_void,2282,3952,league_roster,NothingToSay,beastmaster,2499,4980,league_roster,¿,dawnbreaker,2633,5140,league_roster,其疾如风,rubick,1563,2653,league_roster,0w(n],enchantress,978,1748,league_roster,yondaime,tiny,2318,3648,league_roster,мусор,pangolier,2112,3740,league_roster,50centaur,tidehunter,1757,3387,league_roster,Boxi,keeper_of_the_light,1156,1904,league_roster,tOfu,phoenix,923,1283,league_roster
19696,DreamLeague Season 29,8818947976,XG,Liquid,XG,区,drow_ranger,2671,3893,league_roster,NothingToSay,leshrac,2717,3973,league_roster,¿,centaur,2593,4545,league_roster,其疾如风,nyx_assassin,1373,2134,league_roster,lavie,lich,1067,1791,league_roster,yondaime,windrunner,2763,4282,league_roster,мусор,puck,2645,3988,league_roster,50centaur,doom_bringer,1810,3640,league_roster,pKL`],techies,848,1589,league_roster,tOfu,elder_titan,1267,2263,league_roster
19696,DreamLeague Season 29,8819416362,NAVI,PlayTime,NAVI,obsession,muerta,2689,4377,league_roster,vv,invoker,1911,3718,league_roster,,axe,2389,3628,league_roster,J,rubick,1684,2336,league_roster,I,venomancer,1464,2176,league_roster,VE,necrolyte,2976,5224,league_roster,Azul,pangolier,3219,4455,league_roster,^,largo,2222,3865,league_roster,0+ߎ,tusk,1171,1735,league_roster,Cat,hoodwink,1450,1913,league_roster
19696,DreamLeague Season 29,8819488294,PlayTime,NAVI,PlayTime,VE,nevermore,2400,4558,league_roster,Azul,slardar,2827,4380,league_roster,ڎ,dark_seer,3034,5647,league_roster,Mode Philippines,undying,2212,2869,league_roster,,hoodwink,1491,2468,league_roster,obsession,terrorblade,2108,3540,league_roster,4R,kez,2251,3773,league_roster,ƬψƬ ☢ Sιrιus-妥,abyssal_underlord,2265,3361,league_roster,pR,rubick,1483,2522,league_roster,grant,shadow_demon,768,872,league_roster
19696,DreamLeague Season 29,8819559937,PlayTime,NAVI,PlayTime,VE,nevermore,2082,3473,league_roster,Azul,pangolier,2511,4377,league_roster,^,enigma,3209,5427,league_roster,Mode Philippines,hoodwink,1550,2283,league_roster,Cat,techies,1204,1783,league_roster,E,windrunner,2055,3337,league_roster,Pf/S,kez,2348,4046,league_roster,kp,abyssal_underlord,2202,3982,league_roster,/S,shadow_demon,848,1384,league_roster,grant,venomancer,1117,1997,league_roster
19696,DreamLeague Season 29,8819659855,FLCN,PV,FLCN,I m Going To Be The Best Carry,tiny,2464,4763,league_roster,I SWEAR TO GOD BAN THIS HERO,huskar,3368,5136,league_roster,YeS signature player,shredder,1593,2957,league_roster,O,lion,1240,2283,league_roster,Sneyking,chen,1326,2433,league_roster,destroy,viper,2769,4396,league_roster,Have fun,death_prophet,1637,3386,league_roster,strafe instructor,dawnbreaker,2496,4425,league_roster,Pele,keeper_of_the_light,1053,1660,league_roster,T,rattletrap,1056,1519,league_roster
19696,DreamLeague Season 29,8819762321,PV,FLCN,PV,destroy,tiny,2954,4819,league_roster,Have fun,viper,2336,3777,league_roster,J6,shredder,1400,3353,league_roster,\,keeper_of_the_light,1087,2498,league_roster,Dukalis,witch_doctor,887,1848,league_roster,I m Going To Be The Best Carry,lone_druid,2943,4469,league_roster,I SWEAR TO GOD BAN THIS HERO,slardar,1568,2802,league_roster,YeS signature player,mars,1777,3009,league_roster,Cr1t-,ringmaster,1508,2380,league_roster,|,silencer,700,1345,league_roster
19696,DreamLeague Season 29,8819831686,FLCN,PV,PV,0,luna,2395,4178,league_roster,,monkey_king,2173,3236,league_roster,@Ѷ,doom_bringer,2322,3935,league_roster,Cr1t-,hoodwink,1226,2012,league_roster,vnَ,lich,1160,1689,league_roster,destroy,tiny,2412,3914,league_roster,Hu,sniper,2803,4354,league_roster,strafe instructor,shredder,1977,2888,league_roster,Pele,rubick,806,1585,league_roster,Dukalis,witch_doctor,857,1811,league_roster
19696,DreamLeague Season 29,8819933287,Aurora,TSpirit,TSpirit,tragic,life_stealer,1918,3991,league_roster,;,windrunner,2572,3952,league_roster,-,doom_bringer,1921,3438,league_roster,tweekin',techies,912,1178,league_roster,save丶,lich,679,1180,league_roster,兜圈。,nevermore,3041,5030,league_roster,*@o,kunkka,2464,4474,league_roster,pos3jungler,snapfire,2415,4058,league_roster,TIMBER,rubick,819,1507,league_roster,123,treant,962,1312,league_roster
19696,DreamLeague Season 29,8820011939,TSpirit,Aurora,Aurora,兜圈。,furion,2329,4378,league_roster,London+G,storm_spirit,1922,3343,league_roster,pos3jungler,mars,2487,4038,league_roster,TIMBER,hoodwink,1031,1586,league_roster,123,treant,891,1421,league_roster,tragic,doom_bringer,2615,4120,league_roster,5.,ember_spirit,2153,3779,league_roster,HD,axe,2980,5419,league_roster,_,lion,1200,1644,league_roster,{J,phoenix,900,1951,league_roster
19696,DreamLeague Season 29,8820090629,TSpirit,Aurora,TSpirit,p9,alchemist,2846,3932,league_roster,London+G,invoker,2362,4271,league_roster,`3,primal_beast,1985,3032,league_roster,TIMBER,ringmaster,740,733,league_roster,`b,hoodwink,1444,1936,league_roster,z,windrunner,2853,4242,league_roster,ď,storm_spirit,2967,4363,league_roster,Shenorita`,dawnbreaker,2904,4855,league_roster,tweekin',rattletrap,1204,1736,league_roster,save丶,phoenix,709,1952,league_roster
19696,DreamLeague Season 29,8820614299,XG,Tundra,Tundra,,terrorblade,2315,4329,league_roster,S7,ember_spirit,2540,3783,league_roster,r,beastmaster,2842,4844,league_roster,`),keeper_of_the_light,1067,1755,league_roster,,lich,645,1024,league_roster,lA,kez,1943,3700,league_roster,ڍ,storm_spirit,2341,3937,league_roster,PE,shredder,2000,4038,league_roster,0ڍ,hoodwink,837,1423,league_roster,0)\܎,phoenix,799,1247,league_roster
19696,DreamLeague Season 29,8820696424,Tundra,XG,XG,0,muerta,2228,3882,league_roster,,tiny,2466,3992,league_roster,%,necrolyte,2384,4284,league_roster,,hoodwink,779,1738,league_roster,S~,silencer,930,1323,league_roster,,furion,2560,4190,league_roster,x$,storm_spirit,2663,4527,league_roster,x$,shredder,2101,4000,league_roster,,lion,736,1245,league_roster,#,phoenix,873,2072,league_roster
19696,DreamLeague Season 29,8820791846,XG,Tundra,Tundra,"""7",terrorblade,1736,3414,league_roster,@',pangolier,2518,4146,league_roster,+,axe,2647,4663,league_roster,[j,lion,1205,1971,league_roster,5,phoenix,772,1792,league_roster,Pr+,doom_bringer,2510,4344,league_roster,|,puck,2424,3789,league_roster,not human (животное),necrolyte,2805,5431,league_roster,PI,hoodwink,1205,1658,league_roster,PI,lich,866,1697,league_roster
19696,DreamLeague Season 29,8820939983,PlayTime,BB,BB,p5/,tiny,2455,4477,league_roster,PVq,pangolier,2094,3597,league_roster,k,dawnbreaker,2531,3886,league_roster,p,hoodwink,1324,1709,league_roster,za,phoenix,1117,1571,league_roster,07,alchemist,2588,4355,league_roster,aF,snapfire,2473,4754,league_roster,0g7,beastmaster,2062,4144,league_roster,Vega.gpk~,keeper_of_the_light,1151,1634,league_roster,@-?,bane,1097,1545,league_roster
19696,DreamLeague Season 29,8821039753,PlayTime,BB,PlayTime,0o,monkey_king,2578,4513,league_roster,Azul,kunkka,2491,4571,league_roster,8)܎,abyssal_underlord,2476,3766,league_roster,,hoodwink,939,1529,league_roster,`,enchantress,959,1625,league_roster,,tiny,2649,4231,league_roster,@]͍,storm_spirit,2464,4590,league_roster,+)܎,beastmaster,2548,4417,league_roster,Vega.gpk~,keeper_of_the_light,1193,2007,league_roster,4X4,bane,1550,2103,league_roster
19696,DreamLeague Season 29,8821169334,PlayTime,BB,PlayTime,p؎,necrolyte,2321,4561,league_roster,Azul,storm_spirit,2445,4122,league_roster,O,lycan,2687,3744,league_roster,},windrunner,1369,2367,league_roster,1,batrider,1149,1697,league_roster,,monkey_king,2117,4084,league_roster,,huskar,2447,4086,league_roster,I6a,abyssal_underlord,2394,3574,league_roster,@bȏ,rubick,1339,2317,league_roster,`-a,oracle,1805,2151,league_roster
19696,DreamLeague Season 29,8821255705,Aurora,Tundra,Aurora,`r,windrunner,2572,4696,league_roster,\,snapfire,2419,4035,league_roster,_n,shredder,2032,3713,league_roster,0v,hoodwink,503,1488,league_roster,Lv,bane,1361,1664,league_roster,Damn,ursa,2612,4462,league_roster,,pangolier,2211,3781,league_roster,@,largo,2206,3344,league_roster,p7,dark_willow,1071,2074,league_roster,pP,lich,751,1352,league_roster
19696,DreamLeague Season 29,8821342421,Tundra,Aurora,Aurora,@,nevermore,3031,5363,league_roster,S(,snapfire,2301,3954,league_roster,`@,lycan,2085,3779,league_roster,w,rattletrap,1162,2102,league_roster,C,lich,816,1944,league_roster,@Ò,tiny,2799,5110,league_roster,,queenofpain,2601,3861,league_roster,?,shredder,2062,3536,league_roster,㖎,lion,793,1195,league_roster,,silencer,1272,2006,league_roster
19696,DreamLeague Season 29,8821954344,PlayTime,FLCN,FLCN,@+S,nevermore,2658,4069,league_roster,@1V,slardar,2515,4246,league_roster,^,largo,2056,3661,league_roster,Mode Philippines,rattletrap,1349,2165,league_roster,Cat,hoodwink,1491,2439,league_roster,@arR,life_stealer,2637,3814,league_roster,I SWEAR TO GOD BAN THIS HERO,pangolier,2530,4137,league_roster,YeS signature player,doom_bringer,1836,3268,league_roster,Cr1t-,rubick,1619,2360,league_roster,Sneyking,lich,1122,1448,league_roster
19696,DreamLeague Season 29,8822088303,PlayTime,FLCN,FLCN,P2S,nevermore,2889,4946,league_roster,Azul,ember_spirit,2333,3989,league_roster,^,viper,2630,4204,league_roster,@$V,undying,1246,1680,league_roster,Cat,largo,999,1518,league_roster,I m Going To Be The Best Carry,tiny,2024,3541,league_roster,I SWEAR TO GOD BAN THIS HERO,puck,2595,4616,league_roster,YeS signature player,tidehunter,1499,2860,league_roster,&VU,snapfire,1108,1787,league_roster,Sneyking,lich,866,1240,league_roster
19696,DreamLeague Season 29,8822238357,TSpirit,PV,TSpirit,V,faceless_void,2180,3934,league_roster,London+G,snapfire,2620,5493,league_roster,pos3jungler,doom_bringer,2021,3687,league_roster,TIMBER,tusk,1085,2044,league_roster,123,hoodwink,1025,2556,league_roster,destroy,kez,2696,4430,league_roster,Have fun,invoker,2104,2998,league_roster,strafe instructor,dawnbreaker,2195,3529,league_roster,p4S,lion,976,1330,league_roster,~V,lich,941,1451,league_roster
19696,DreamLeague Season 29,8822330030,PV,TSpirit,PV,destroy,kez,2823,4679,league_roster,Have fun,viper,2717,4677,league_roster,strafe instructor,beastmaster,2395,4142,league_roster,Pele,keeper_of_the_light,1228,2021,league_roster,Dukalis,silencer,1244,1540,league_roster,兜圈。,alchemist,1668,3774,league_roster,London+G,storm_spirit,1868,2990,league_roster,pos3jungler,largo,1923,2879,league_roster,pV,rattletrap,1209,2012,league_roster,123,ringmaster,839,1372,league_roster
19696,DreamLeague Season 29,8822412074,PV,TSpirit,PV,destroy,kez,2772,4785,league_roster,Have fun,pangolier,2811,4460,league_roster,strafe instructor,viper,2443,3707,league_roster,Pele,marci,952,1554,league_roster,Dukalis,winter_wyvern,1107,1573,league_roster,兜圈。,doom_bringer,2503,4736,league_roster,London+G,sniper,2086,3894,league_roster,pos3jungler,slardar,1991,3192,league_roster,TIMBER,batrider,972,1753,league_roster,123,lich,1050,1642,league_roster
19696,DreamLeague Season 29,8822520406,Aurora,FLCN,Aurora,CV,lone_druid,3107,5475,league_roster,Katanaa,monkey_king,2923,4572,league_roster,Shenorita`,slardar,1996,3288,league_roster,tweekin',bane,899,1341,league_roster,save丶,phoenix,1330,2350,league_roster,I m Going To Be The Best Carry,windrunner,2772,4411,league_roster,U,pangolier,1983,3819,league_roster,YeS signature player,shredder,2040,3141,league_roster,Cr1t-,tiny,947,1213,league_roster,mMS,lich,849,1605,league_roster
19696,DreamLeague Season 29,8822593932,FLCN,Aurora,Aurora,I m Going To Be The Best Carry,life_stealer,2428,3899,league_roster,EV,death_prophet,2948,4620,league_roster,\V,tidehunter,1961,3064,league_roster,Cr1t-,rattletrap,864,1336,league_roster,έS,lich,736,1354,league_roster,tragic,ursa,2615,4707,league_roster,Katanaa,snapfire,2159,4358,league_roster,`eV,axe,2844,5092,league_roster,tweekin',bane,1143,1828,league_roster,save丶,phoenix,1329,2023,league_roster
19696,DreamLeague Season 29,8823502263,Aurora,TSpirit,Aurora,A Narrow Escape,faceless_void,2754,4859,league_roster,{V,queenofpain,2629,4100,league_roster,=S,doom_bringer,2443,4082,league_roster,=S,lion,922,1831,league_roster,`S,warlock,1142,1778,league_roster,WV,alchemist,2761,5137,league_roster,`S,void_spirit,2276,3601,league_roster,V,primal_beast,1615,2984,league_roster,`_V,techies,1093,1393,league_roster,`CV,phoenix,826,1399,league_roster
19696,DreamLeague Season 29,8823581121,TSpirit,Aurora,Aurora,V,faceless_void,1908,3122,league_roster,P[V,invoker,1953,3326,league_roster,ĆV,legion_commander,2486,4501,league_roster,/V,marci,1026,1422,league_roster,0h`S,rubick,1295,1735,league_roster,V,naga_siren,2079,4118,league_roster,WaV,void_spirit,2664,4393,league_roster,R>S,shredder,3070,5381,league_roster,@V,lion,803,1388,league_roster,W,enchantress,1071,1622,league_roster
19696,DreamLeague Season 29,8823789680,PV,Aurora,PV,4T,nevermore,2606,4888,league_roster,@f_S,pangolier,2314,3152,league_roster,D4T,slardar,1981,3415,league_roster,4T,lion,956,1266,league_roster,U,witch_doctor,827,1421,league_roster,БV,tiny,2652,4412,league_roster,ϗV,puck,2771,4492,league_roster,V,shredder,1243,2223,league_roster,@]W,bane,1194,1816,league_roster,vV,phoenix,899,1751,league_roster
19696,DreamLeague Season 29,8823904596,PV,Aurora,Aurora,4U,nevermore,2990,4785,league_roster,jV,ember_spirit,2281,4274,league_roster,64U,slardar,2549,4757,league_roster,/4U,lion,994,1833,league_roster,@3V,silencer,714,1157,league_roster,;S,tiny,2273,3905,league_roster,pV,queenofpain,2634,5037,league_roster,Shenorita`,shredder,1279,2522,league_roster,0dV,bane,927,1532,league_roster,S,phoenix,1328,2125,league_roster
19696,DreamLeague Season 29,8824011004,PV,Aurora,PV,ٌU,muerta,2553,4390,league_roster,Have fun,pangolier,2975,4407,league_roster,UT,dawnbreaker,2263,3498,league_roster,Pele,wisp,1491,2416,league_roster,@S,witch_doctor,889,1260,league_roster,*S,tiny,2667,4823,league_roster,Katanaa,puck,2662,4444,league_roster,9S,largo,2239,3779,league_roster,tweekin',bane,1047,1591,league_roster,jV,phoenix,1432,2471,league_roster
19696,DreamLeague Season 29,8824123966,PV,Aurora,Aurora,HV,faceless_void,2402,3835,league_roster,oqMS,void_spirit,2279,3924,league_roster,# V,axe,2145,3588,league_roster,V,lion,817,1725,league_roster,jV,chen,873,1802,league_roster,0HV,alchemist,2956,5664,league_roster,s1V,puck,2640,4002,league_roster,`{T,largo,2411,4148,league_roster,V,hoodwink,893,1265,league_roster,/>gU,enchantress,1007,1840,league_roster
19696,DreamLeague Season 29,8824218541,PV,Aurora,PV,rV,gyrocopter,2592,4655,league_roster,Have fun,pangolier,2553,4218,league_roster,vV,axe,2625,4771,league_roster,EV,wisp,1180,2262,league_roster,MV,bane,939,1366,league_roster,A Narrow Escape,necrolyte,2933,4771,league_roster,Katanaa,puck,2911,4837,league_roster,pSV,dawnbreaker,2477,3885,league_roster,tweekin',hoodwink,1140,1866,league_roster,save丶,phoenix,1220,2270,league_roster
19239,FISSURE Universe Episode 8,8658101310,ICxI,VPP,VPP,don't you dare go hollow,storm_spirit,2850,4754,fallback_lh5,й,bristleback,2380,3646,fallback_lh5,stronj bob,abaddon,2581,4272,fallback_lh5,mad,tusk,855,1763,league_roster,)),warlock,986,1312,fallback_lh5,Cutie,nevermore,2596,4875,league_roster,Огузок сильнейший игрок на поле,ember_spirit,3269,4781,league_roster,line survival simulator,abyssal_underlord,2439,4161,league_roster,7$&,bounty_hunter,1110,1483,league_roster,,shadow_shaman,940,1728,league_roster
19239,FISSURE Universe Episode 8,8658161180,VPP,ICxI,ICxI,Cutie,gyrocopter,2514,4933,league_roster,Огузок сильнейший игрок на поле,leshrac,2281,4005,league_roster,line survival simulator,abyssal_underlord,1958,3792,league_roster,z,bounty_hunter,1239,1827,league_roster,JANTER,shadow_shaman,1003,1524,league_roster,don't you dare go hollow,dragon_knight,2849,4455,fallback_lh5,stronj bob,broodmother,2650,5023,fallback_lh5,destroyed,bristleback,2615,4402,fallback_lh5,mad,hoodwink,1041,1810,league_roster,Se,jakiro,703,1295,fallback_lh5
19239,FISSURE Universe Episode 8,8658209837,ICxI,VPP,ICxI,stronj bob,dragon_knight,2834,5354,fallback_lh5,K,enigma,2169,3698,fallback_lh5,don't you dare go hollow,lina,1575,3457,fallback_lh5,mad,dark_willow,754,1217,league_roster,Se,chen,1319,2032,fallback_lh5,Cutie,ursa,1813,3344,league_roster,Огузок сильнейший игрок на поле,huskar,2544,4520,league_roster,line survival simulator,dawnbreaker,1826,3677,league_roster,опиаты круг,void_spirit,1233,2008,league_roster,JANTER,jakiro,566,1037,league_roster
19239,FISSURE Universe Episode 8,8658295824,1w,AVULUS,AVULUS,y.y,windrunner,2634,3823,fallback_lh5,錷,beastmaster,2765,4390,league_roster,something wrong,shredder,2410,4319,league_roster,jorj,dark_willow,812,1306,league_roster,тёмный,ogre_magi,673,884,league_roster,Y,templar_assassin,2531,4881,fallback_lh5,pve npc,ember_spirit,1817,3389,league_roster,kUBAJlDA,mars,2183,3714,league_roster,sematary,ringmaster,849,1672,fallback_lh5,Malo,jakiro,1009,1324,league_roster
19239,FISSURE Universe Episode 8,8658438075,AVULUS,1w,1w,iPad kid,broodmother,2010,3256,fallback_lh5,&j,viper,2421,4415,league_roster,kUBAJlDA,axe,2510,4377,league_roster,sematary,rattletrap,1012,1587,fallback_lh5,Malo,disruptor,559,871,league_roster,y.y,luna,2828,4800,fallback_lh5,…,leshrac,2137,3671,league_roster,something wrong,slardar,2892,4883,league_roster,jorj,tiny,1483,2238,league_roster,тёмный,ancient_apparition,1405,1935,league_roster
19239,FISSURE Universe Episode 8,8658516073,AVULUS,1w,AVULUS,iPad kid,dragon_knight,2470,4274,fallback_lh5,v,viper,2355,4232,league_roster,kUBAJlDA,centaur,1884,3231,league_roster,sematary,nyx_assassin,1085,1448,fallback_lh5,Malo,chen,1026,1857,league_roster,y.y,juggernaut,2650,5097,fallback_lh5,…,windrunner,2349,4403,league_roster,something wrong,slardar,2383,3964,league_roster,jorj,hoodwink,1031,1835,league_roster,тёмный,dazzle,1221,2044,league_roster
19239,FISSURE Universe Episode 8,8658625735,NGX,1000,NGX,rin,templar_assassin,2827,4610,league_roster,No!ob™,beastmaster,2593,4221,league_roster,Future-Past,razor,2658,3939,fallback_lh5,bO,shadow_shaman,1208,1811,league_roster,KN?,keeper_of_the_light,1277,1944,league_roster,MTD) (Boris mindset),kunkka,3562,5851,fallback_lh5,tw/styledotaaaa,morphling,2338,4565,fallback_lh5,АА,shredder,2121,3549,fallback_lh5,Nagato,disruptor,1119,1780,fallback_lh5,Cartoons & Cereal,shadow_demon,892,1598,fallback_lh5
19239,FISSURE Universe Episode 8,8658706039,NGX,1000,NGX,rin,muerta,2421,4975,league_roster,,marci,2753,5138,league_roster,Future-Past,keeper_of_the_light,2781,4917,fallback_lh5,O,tusk,2145,3218,league_roster,#8,wisp,1045,1704,league_roster,MTD) (Boris mindset),slardar,2896,3774,fallback_lh5,АА,dark_seer,2111,3109,fallback_lh5,tw/styledotaaaa,mars,1991,2866,fallback_lh5,Nagato,warlock,1208,1709,fallback_lh5,Cartoons & Cereal,void_spirit,1144,1907,fallback_lh5
19239,FISSURE Universe Episode 8,8658901866,PIPS4,L1,PIPS4,red moon disaster,gyrocopter,2674,4719,league_roster,天皇,ember_spirit,2164,3846,league_roster,Yayo,tidehunter,2200,3920,league_roster,Catharsis,hoodwink,1401,1682,league_roster,友爱,undying,1062,1742,league_roster,sao,templar_assassin,2516,4703,league_roster,lol,dragon_knight,2624,4360,fallback_lh5,в_меня_вселился_mad,axe,1898,3809,fallback_lh5,0000.,skywrath_mage,1565,2235,fallback_lh5,sperma,shadow_demon,1087,1675,league_roster
19239,FISSURE Universe Episode 8,8659318017,VPP,1w,1w,extract,dragon_knight,2381,3795,league_roster,Огузок сильнейший игрок на поле,tinker,2092,3770,league_roster,POѵ,shredder,2355,3975,league_roster,опиаты круг,batrider,1135,2171,league_roster,JANTER,jakiro,882,1096,league_roster,y.y,muerta,2646,4437,fallback_lh5,`,queenofpain,2481,4009,league_roster,something wrong,largo,2822,4836,league_roster,jorj,dark_willow,1196,1718,league_roster,тёмный,treant,1331,1769,league_roster
19239,FISSURE Universe Episode 8,8659365499,1w,VPP,1w,y.y,windrunner,2518,4264,fallback_lh5,…,ember_spirit,2903,4437,league_roster,something wrong,tidehunter,2460,4741,league_roster,jorj,treant,1306,1781,league_roster,тёмный,ancient_apparition,1064,1622,league_roster,extract,templar_assassin,2224,3546,league_roster,Огузок сильнейший игрок на поле,pangolier,1944,3764,league_roster,j,shredder,2327,3360,league_roster,опиаты круг,ringmaster,1253,1511,league_roster,JANTER,chen,927,1551,league_roster
19239,FISSURE Universe Episode 8,8659509268,AVULUS,ICxI,ICxI,`Ͷ,slark,2213,3619,fallback_lh5,pve npc,puck,2232,4154,league_roster,kUBAJlDA,primal_beast,2730,4683,league_roster,p,shadow_demon,962,1261,fallback_lh5,Malo,treant,988,1790,league_roster,don't you dare go hollow,dragon_knight,2842,4779,fallback_lh5,destroyed,brewmaster,2397,4242,fallback_lh5,stronj bob,nevermore,2639,4074,fallback_lh5,@L,hoodwink,1291,1828,league_roster,Se,chen,960,1873,fallback_lh5
19239,FISSURE Universe Episode 8,8659598928,ICxI,AVULUS,AVULUS,stronj bob,ursa,2495,4548,fallback_lh5,don't you dare go hollow,beastmaster,2514,4230,fallback_lh5,destroyed,razor,2237,3621,fallback_lh5,tunnel vision,tusk,997,1444,league_roster,Se,jakiro,1094,1406,fallback_lh5,iPad kid,gyrocopter,2730,5232,fallback_lh5,pve npc,puck,2485,4462,league_roster,kUBAJlDA,tidehunter,2247,3676,league_roster,sematary,shadow_shaman,1234,1649,fallback_lh5,Malo,treant,1480,2030,league_roster
19239,FISSURE Universe Episode 8,8659687753,AVULUS,ICxI,ICxI,iPad kid,gyrocopter,2523,4762,fallback_lh5,}Ͷ,ember_spirit,2698,4037,league_roster,kUBAJlDA,tidehunter,2014,3267,league_roster,sematary,bounty_hunter,1290,1835,fallback_lh5,Malo,dazzle,1112,1903,league_roster,don't you dare go hollow,storm_spirit,2731,4964,fallback_lh5,stronj bob,omniknight,2568,4581,fallback_lh5,destroyed,brewmaster,1857,3388,fallback_lh5,tunnel vision,hoodwink,1031,1560,league_roster,Se,ancient_apparition,1102,1594,fallback_lh5
19239,FISSURE Universe Episode 8,8659815119,PIPS4,NGX,NGX,red moon disaster,ursa,2661,4498,league_roster,世紀末覇王,queenofpain,2479,4694,league_roster,Yayo,brewmaster,2256,3799,league_roster,Catharsis,spirit_breaker,1336,2206,league_roster,友爱,warlock,539,1215,league_roster,rin,nevermore,2983,4561,league_roster,No!ob™,abyssal_underlord,2146,3687,league_roster,K,puck,2476,4339,fallback_lh5,p-,mirana,1248,1752,league_roster,gh,naga_siren,1258,1735,league_roster
19239,FISSURE Universe Episode 8,8659901193,NGX,PIPS4,NGX,rin,slark,1914,3454,league_roster,<3,razor,2115,3207,league_roster,Future-Past,void_spirit,2611,3810,fallback_lh5,,tiny,1072,1644,league_roster,gh,dazzle,1482,2274,league_roster,red moon disaster,phantom_assassin,2079,3450,league_roster,世紀末覇王,puck,2255,4262,league_roster,Yayo,tidehunter,1785,3518,league_roster,Catharsis,hoodwink,1538,2689,league_roster,友爱,batrider,865,1702,league_roster
19239,FISSURE Universe Episode 8,8660048910,L1,1000,L1,sao,gyrocopter,2778,4417,league_roster,gagaga,puck,2598,5008,fallback_lh5,в_меня_вселился_mad,enigma,2461,4179,fallback_lh5,0000.,skywrath_mage,1280,2038,fallback_lh5,sperma,treant,1541,2404,league_roster,MTD) (Boris mindset),tiny,2785,4441,fallback_lh5,АА,shredder,2208,3920,fallback_lh5,tw/styledotaaaa,slark,1727,3212,fallback_lh5,Nagato,dazzle,1469,1782,fallback_lh5,Cartoons & Cereal,spirit_breaker,1065,1845,fallback_lh5
19239,FISSURE Universe Episode 8,8660138752,L1,1000,L1,sao,nevermore,2743,4879,league_roster,GANG NO GLETCHER,storm_spirit,2964,4581,fallback_lh5,в_меня_вселился_mad,centaur,1984,3440,fallback_lh5,0000.,skywrath_mage,1267,2141,fallback_lh5,sperma,largo,894,1449,league_roster,tw/styledotaaaa,phantom_assassin,2504,4315,fallback_lh5,MTD) (Boris mindset),void_spirit,2348,3861,fallback_lh5,АА,mars,2085,3458,fallback_lh5,Cartoons & Cereal,snapfire,1442,2112,fallback_lh5,Nagato,jakiro,923,1468,fallback_lh5
19239,FISSURE Universe Episode 8,8660564089,L1,PIPS4,PIPS4,",",templar_assassin,2324,4561,league_roster,в_меня_вселился_mad,mars,2342,3799,fallback_lh5,GANG NO GLETCHER,ember_spirit,1949,3155,fallback_lh5,0000.,skywrath_mage,958,1329,fallback_lh5,sperma,warlock,929,1627,league_roster,red moon disaster,juggernaut,2359,4348,league_roster,世紀末覇王,monkey_king,2854,4684,league_roster,Yayo,abyssal_underlord,2300,4497,league_roster,Zn,hoodwink,1502,2281,league_roster,友爱,ringmaster,1026,1649,league_roster
19239,FISSURE Universe Episode 8,8660611286,PIPS4,L1,PIPS4,patience = high reward,weaver,2602,4732,league_roster,世紀末覇王,ember_spirit,1730,3875,league_roster,Yayo,tidehunter,2355,3968,league_roster,Catharsis,shadow_shaman,1082,1708,league_roster,友爱,treant,1182,1698,league_roster,sao,faceless_void,2365,3861,league_roster,GANG NO GLETCHER,storm_spirit,2732,4268,fallback_lh5,в_меня_вселился_mad,centaur,2532,4515,fallback_lh5,0000.,shadow_demon,1590,2089,fallback_lh5,sperma,phoenix,1339,1744,league_roster
19239,FISSURE Universe Episode 8,8660759083,1w,AVULUS,1w,y.y,dragon_knight,2586,4407,fallback_lh5,loseyourself,tiny,2518,4434,league_roster,something wrong,largo,2540,4275,league_roster,jorj,dark_willow,1302,1916,league_roster,тёмный,chen,1146,2079,league_roster,iPad kid,templar_assassin,2551,4291,fallback_lh5,pve npc,storm_spirit,2390,3890,league_roster,kUBAJlDA,slardar,1954,3976,league_roster,sematary,shadow_demon,873,1526,fallback_lh5,Malo,phoenix,967,1725,league_roster
19239,FISSURE Universe Episode 8,8660862355,AVULUS,1w,1w,`h,templar_assassin,2569,4845,fallback_lh5,pve npc,nevermore,2302,4073,league_roster,kUBAJlDA,axe,2279,4605,league_roster,sematary,ringmaster,628,1268,fallback_lh5,Malo,jakiro,1082,1281,league_roster,y.y,abaddon,2734,4593,fallback_lh5,,tiny,2420,4166,league_roster,something wrong,dawnbreaker,2461,3913,league_roster,jorj,dark_willow,1386,1873,league_roster,тёмный,ancient_apparition,970,1638,league_roster
19239,FISSURE Universe Episode 8,8662003678,PR,Z10,Z10,x/x/x,razor,2998,4401,league_roster,can`t have everything,slardar,2283,4073,league_roster,transurfing,mars,1882,3396,league_roster,Immersion,tusk,1131,1579,league_roster,-,phoenix,1379,1774,league_roster,cmcnp,windrunner,2131,3616,league_roster,Sumimasen,nevermore,2707,4468,league_roster,nefrit,brewmaster,1727,2545,league_roster,怨恨,tiny,1301,1491,league_roster,whatthefcckhaveyoudonelately,warlock,1243,1992,league_roster
19239,FISSURE Universe Episode 8,8662083526,Z10,PR,PR,cmcnp,nevermore,2489,4063,league_roster,Sumimasen,void_spirit,2902,4354,league_roster,nefrit,bristleback,2577,4856,league_roster,怨恨,tiny,867,1644,league_roster,whatthefcckhaveyoudonelately,chen,1353,2176,league_roster,x/x/x,templar_assassin,2935,4682,league_roster,,puck,1868,2842,league_roster,,slardar,1847,3133,league_roster,Immersion,ringmaster,1043,1625,league_roster,-,jakiro,1278,1916,league_roster
19239,FISSURE Universe Episode 8,8662178160,PR,Z10,Z10,x/x/x,templar_assassin,2227,4087,league_roster,TH,shredder,1907,3114,league_roster,oH,brewmaster,2377,4000,league_roster,Immersion,tusk,1020,1384,league_roster,-,lion,1173,1496,league_roster,cmcnp,abaddon,2612,4520,league_roster,*H,queenofpain,3085,4583,league_roster,nefrit,razor,2355,3711,league_roster,怨恨,nyx_assassin,947,1694,league_roster,whatthefcckhaveyoudonelately,warlock,1347,2090,league_roster
19239,FISSURE Universe Episode 8,8662289349,VLNR,VP,VP,win draft everygame,centaur,2324,3725,fallback_lh5,DO NOT LET IT CONSUME YOU,dragon_knight,2644,4071,fallback_lh5,G.T.I,tiny,1909,3433,fallback_lh5,POMPACI,ringmaster,1068,1588,fallback_lh5,Stoic,jakiro,836,1395,fallback_lh5,rtz laning fan,muerta,2900,4988,league_roster,`((,queenofpain,2889,4379,league_roster,Bingbong,mars,2121,3688,league_roster,Hellscream,skywrath_mage,1167,1504,league_roster,yeehaw,largo,729,811,league_roster
19239,FISSURE Universe Episode 8,8662505344,VLNR,VP,VP,G.T.I,void_spirit,2842,4240,fallback_lh5,win draft everygame,mars,2590,3969,fallback_lh5,DO NOT LET IT CONSUME YOU,gyrocopter,2026,3695,fallback_lh5,Stoic,jakiro,1095,1361,fallback_lh5,POMPACI,phoenix,1051,1720,fallback_lh5,rtz laning fan,luna,2120,3807,league_roster,Serenada,ember_spirit,2361,3675,league_roster,:,abyssal_underlord,1966,3423,league_roster,Hellscream,shadow_demon,1408,1837,league_roster,yeehaw,largo,884,1525,league_roster
19239,FISSURE Universe Episode 8,8662591470,Aurora,SB,Aurora,Stories,nevermore,2923,5213,league_roster,精神~,ember_spirit,2591,3817,league_roster,Shenorita`,shredder,1879,3777,league_roster,from behind,spirit_breaker,1586,2416,league_roster,tripleraze,pugna,850,1395,league_roster,srysry xdd,clinkz,2634,4552,league_roster,Aura,slardar,2387,3824,fallback_lh5,tensa zangetsu,abyssal_underlord,2012,3110,fallback_lh5,,chen,1290,1781,fallback_lh5,don't chase the squirrel,batrider,1134,1880,fallback_lh5
19239,FISSURE Universe Episode 8,8662686457,SB,Aurora,Aurora,srysry xdd,dragon_knight,2038,3408,league_roster,Aura,invoker,2524,4012,fallback_lh5,tensa zangetsu,brewmaster,1614,2629,fallback_lh5,Dark,chen,1659,2156,fallback_lh5,don't chase the squirrel,hoodwink,885,1253,fallback_lh5,Stories,omniknight,3262,5489,league_roster,精神~,void_spirit,2490,4711,league_roster,cX,primal_beast,1659,3271,league_roster,r^,tiny,889,1360,league_roster,tripleraze,shadow_demon,939,1947,league_roster
19239,FISSURE Universe Episode 8,8662899095,Nemiga,RE,RE,why?,monkey_king,2745,4367,league_roster,Serenityy,puck,2380,4233,league_roster,Hina,abyssal_underlord,2335,3718,league_roster,I'm burning in the dark,tusk,951,1550,fallback_lh5,VaniLLl,dazzle,1232,1611,league_roster,)),muerta,2741,4910,league_roster,91 days,dragon_knight,2067,3471,league_roster,yowaai ♡,tidehunter,1684,3087,league_roster,ghost avenue,rubick,993,1606,league_roster,вас не существует,treant,964,1434,fallback_lh5
19239,FISSURE Universe Episode 8,8662967766,RE,Nemiga,RE,)),luna,2483,4225,league_roster,91 days,kunkka,1694,4139,league_roster,yowaai ♡,viper,2381,4138,league_roster,ghost avenue,shadow_demon,945,1356,league_roster,вас не существует,ogre_magi,1121,1502,fallback_lh5,why?,pudge,2660,3943,league_roster,Serenityy,sniper,3287,5009,league_roster,Hina,tidehunter,2270,3437,league_roster,I'm burning in the dark,largo,1355,1747,fallback_lh5,VaniLLl,jakiro,1190,1821,league_roster
19239,FISSURE Universe Episode 8,8663591584,VLNR,PR,PR,G.T.I,viper,2640,4257,fallback_lh5,win draft everygame,abyssal_underlord,2285,3787,fallback_lh5,DO NOT LET IT CONSUME YOU,monkey_king,2323,4367,fallback_lh5,POMPACI,tiny,1240,2057,fallback_lh5,Stoic,jakiro,998,1648,fallback_lh5,x/x/x,luna,2624,4746,league_roster,(,rubick,2349,4080,league_roster,@L,shredder,2392,4381,league_roster,Immersion,tusk,1498,1827,league_roster,-,largo,1005,1433,league_roster
19239,FISSURE Universe Episode 8,8663652607,VLNR,PR,PR,win draft everygame,mars,2257,4095,fallback_lh5,G.T.I,ember_spirit,2484,3808,fallback_lh5,DO NOT LET IT CONSUME YOU,medusa,1694,2965,fallback_lh5,POMPACI,rubick,1078,1727,fallback_lh5,Stoic,tusk,793,1280,fallback_lh5,x/x/x,templar_assassin,2823,4727,league_roster,can`t have everything,centaur,2675,5153,league_roster,transurfing,antimage,2913,5505,league_roster,Immersion,ringmaster,1470,2532,league_roster,-,chen,1367,2167,league_roster
19239,FISSURE Universe Episode 8,8663855270,Z10,VP,Z10,cmcnp,gyrocopter,2523,4494,league_roster,l<,invoker,1981,3606,league_roster,nefrit,bristleback,2408,4673,league_roster,怨恨,spirit_breaker,841,1592,league_roster,whatthefcckhaveyoudonelately,warlock,1020,2122,league_roster,suicide year,dragon_knight,2526,5114,league_roster,Serenada,queenofpain,1912,3413,league_roster,@,abyssal_underlord,2463,4111,league_roster,Hellscream,largo,1133,1906,league_roster,yeehaw,jakiro,934,1567,league_roster
19239,FISSURE Universe Episode 8,8663978647,VP,Z10,Z10,suicide year,clinkz,2823,4486,league_roster,Serenada,huskar,3408,5264,league_roster,h,beastmaster,2158,3104,league_roster,Hellscream,tiny,1144,1821,league_roster,yeehaw,phoenix,1398,1939,league_roster,cmcnp,nevermore,2402,4243,league_roster,Sumimasen,sand_king,1484,2894,league_roster,nefrit,centaur,2094,3479,league_roster,怨恨,nyx_assassin,1087,1794,league_roster,whatthefcckhaveyoudonelately,warlock,1219,1999,league_roster
19239,FISSURE Universe Episode 8,8664224032,Aurora,RE,Aurora,Y,phantom_assassin,2558,4573,league_roster,精神~,ember_spirit,3244,5186,league_roster,Shenorita`,shredder,2168,3721,league_roster,from behind,dark_willow,978,1659,league_roster,tripleraze,jakiro,1238,2334,league_roster,)),ursa,2779,4859,league_roster,91 days,tiny,1987,3263,league_roster,yowaai ♡,slardar,2114,3107,league_roster,ghost avenue,muerta,1118,1722,league_roster,вас не существует,warlock,730,1152,fallback_lh5
19239,FISSURE Universe Episode 8,8664304818,RE,Aurora,Aurora,)),gyrocopter,2089,3595,league_roster,91 days,puck,2275,3902,league_roster,yowaai ♡,kunkka,1832,3251,league_roster,ghost avenue,tiny,1103,1528,league_roster,вас не существует,warlock,1015,1408,fallback_lh5,1nonly,beastmaster,2502,4747,league_roster,精神~,ember_spirit,2499,4322,league_roster,Shenorita`,primal_beast,2535,4167,league_roster,from behind,largo,1101,2093,league_roster,tripleraze,jakiro,1233,2086,league_roster
19239,FISSURE Universe Episode 8,8664494173,Nemiga,SB,Nemiga,exhausted,juggernaut,2636,4747,league_roster,Serenityy,invoker,2421,3199,league_roster,Hina,tidehunter,1644,3012,league_roster,I'm burning in the dark,tiny,930,1561,fallback_lh5,VaniLLl,enchantress,917,1388,league_roster,ван дизаер,omniknight,2685,4588,league_roster,tensa zangetsu,dark_seer,2547,4246,fallback_lh5,Aura,void_spirit,2370,3671,fallback_lh5,Dark,shadow_demon,1063,1699,fallback_lh5,don't chase the squirrel,largo,1071,1530,fallback_lh5
19239,FISSURE Universe Episode 8,8664584706,SB,Nemiga,SB,ван дизаер,abaddon,2823,5213,league_roster,tensa zangetsu,tidehunter,2441,4038,fallback_lh5,Aura,invoker,2114,3854,fallback_lh5,Dark,batrider,1220,1932,fallback_lh5,don't chase the squirrel,shadow_demon,1292,1987,fallback_lh5,exhausted,terrorblade,2892,4890,league_roster,Serenityy,queenofpain,2368,4243,league_roster,Hina,axe,1857,3278,league_roster,I'm burning in the dark,tiny,1650,2315,fallback_lh5,VaniLLl,dazzle,1100,2043,league_roster
19239,FISSURE Universe Episode 8,8664638346,SB,Nemiga,SB,XD,gyrocopter,2907,5218,league_roster,tensa zangetsu,marci,2177,3432,fallback_lh5,Aura,invoker,2145,3946,fallback_lh5,(q,nyx_assassin,874,1696,fallback_lh5,don't chase the squirrel,muerta,1118,1604,fallback_lh5,exhausted,nevermore,2917,5016,league_roster,Serenityy,slardar,2453,4085,league_roster,Hina,centaur,1946,3262,league_roster,I'm burning in the dark,tusk,1148,1876,fallback_lh5,VaniLLl,mirana,578,1315,league_roster
19239,FISSURE Universe Episode 8,8665223570,PR,VP,VP,x/x/x,luna,2857,4210,league_roster,0L,slardar,1760,3461,league_roster,transurfing,tidehunter,2778,5053,league_roster,Immersion,phoenix,1332,1985,league_roster,-,shadow_demon,1266,1540,league_roster,manta pike bfly,troll_warlord,2404,4258,league_roster,Serenada,huskar,2810,4387,league_roster,Bingbong,mars,1918,4145,league_roster,Hellscream,tiny,996,1409,league_roster,yeehaw,snapfire,533,2280,league_roster
19239,FISSURE Universe Episode 8,8665299485,VP,PR,PR,manta pike bfly,troll_warlord,2478,4977,league_roster,Serenada,beastmaster,2676,3755,league_roster,Bingbong,mars,2765,4051,league_roster,Hellscream,tiny,880,1551,league_roster,yeehaw,warlock,862,1734,league_roster,x/x/x,templar_assassin,2532,4403,league_roster,can`t have everything,kunkka,2985,4698,league_roster,transurfing,slardar,1821,3073,league_roster,Immersion,tusk,1189,2355,league_roster,-,phoenix,1048,1918,league_roster
19239,FISSURE Universe Episode 8,8665387602,VP,PR,PR,manta pike bfly,luna,2513,4540,league_roster,Serenada,primal_beast,2512,3865,league_roster,Bingbong,mars,1968,3379,league_roster,Hellscream,dark_willow,752,1732,league_roster,yeehaw,jakiro,897,1542,league_roster,x/x/x,razor,2001,3115,league_roster,can`t have everything,sand_king,2898,4089,league_roster,transurfing,centaur,2407,3524,league_roster,Immersion,ringmaster,869,1617,league_roster,-,chen,987,1938,league_roster
19239,FISSURE Universe Episode 8,8665556101,SB,RE,SB,mmr is full pohui,gyrocopter,2119,3669,league_roster,Aura,ember_spirit,2451,3840,fallback_lh5,tensa zangetsu,marci,2029,2984,fallback_lh5,don't chase the squirrel,muerta,1118,2048,fallback_lh5,*,nyx_assassin,995,1667,fallback_lh5,)),dragon_knight,2664,4462,league_roster,91 days,puck,2415,4449,league_roster,yowaai ♡,slardar,2197,3521,league_roster,YapzOr19,tiny,1247,1727,league_roster,вас не существует,jakiro,1015,1628,fallback_lh5
19239,FISSURE Universe Episode 8,8665651179,RE,SB,SB,)),dragon_knight,2470,4420,league_roster,91 days,queenofpain,2596,4225,league_roster,yowaai ♡,slardar,1412,2509,league_roster,YapzOr19,tiny,1338,1830,league_roster,вас не существует,dazzle,1130,1447,fallback_lh5,mmr is full pohui,gyrocopter,2767,4217,league_roster,tensa zangetsu,marci,2165,3560,fallback_lh5,Aura,invoker,2238,3948,fallback_lh5,don't chase the squirrel,muerta,1010,1694,fallback_lh5,Dark,jakiro,1254,1584,fallback_lh5
19239,FISSURE Universe Episode 8,8665736200,Z10,PIPS4,Z10,cmcnp,gyrocopter,2785,4847,league_roster,ܒ,tiny,2072,3458,league_roster,nefrit,enigma,2161,3878,league_roster,怨恨,skywrath_mage,918,1424,league_roster,whatthefcckhaveyoudonelately,jakiro,1199,1692,league_roster,emperor,templar_assassin,2569,4547,league_roster,+LP+CHATBAN-LANS-MMR,huskar,2611,4689,league_roster,Yayo,brewmaster,1273,2615,league_roster,Catharsis,hoodwink,759,1753,league_roster,友爱,undying,810,1446,league_roster
19239,FISSURE Universe Episode 8,8665815368,PIPS4,Z10,PIPS4,emperor,clinkz,2838,4644,league_roster,+LP+CHATBAN-LANS-MMR,slardar,2589,4358,league_roster,Yayo,abyssal_underlord,2129,3419,league_roster,Catharsis,hoodwink,810,1700,league_roster,友爱,undying,1010,1806,league_roster,cmcnp,gyrocopter,2180,3549,league_roster,Sumimasen,tiny,2064,3118,league_roster,nefrit,bristleback,2096,3787,league_roster,怨恨,windrunner,1003,1456,league_roster,whatthefcckhaveyoudonelately,disruptor,1055,1559,league_roster
19239,FISSURE Universe Episode 8,8665871992,PIPS4,Z10,PIPS4,emperor,clinkz,2373,4079,league_roster,+LP+CHATBAN-LANS-MMR,puck,2142,3854,league_roster,Yayo,abyssal_underlord,2029,3647,league_roster,Ĵ,hoodwink,1021,1567,league_roster,友爱,warlock,582,947,league_roster,cmcnp,dragon_knight,2287,4001,league_roster,Sumimasen,ember_spirit,2079,3413,league_roster,nefrit,brewmaster,1889,3304,league_roster,怨恨,skywrath_mage,859,1225,league_roster,whatthefcckhaveyoudonelately,ancient_apparition,914,1649,league_roster
19239,FISSURE Universe Episode 8,8666332197,SB,ICxI,SB,mmr is full pohui,clinkz,2634,4517,league_roster,Aura,invoker,2470,3836,fallback_lh5,tensa zangetsu,shredder,1732,3241,fallback_lh5,don't chase the squirrel,hoodwink,608,815,fallback_lh5,4p,treant,1066,1490,fallback_lh5,stronj bob,gyrocopter,2711,4245,fallback_lh5,don't you dare go hollow,ember_spirit,2404,3498,fallback_lh5,destroyed,slardar,1817,2939,fallback_lh5,i care,dark_willow,1260,1996,league_roster,Se,jakiro,787,1447,fallback_lh5
19239,FISSURE Universe Episode 8,8666392643,SB,ICxI,ICxI,mmr is full pohui,gyrocopter,2699,4793,league_roster,Aura,queenofpain,2078,3716,fallback_lh5,tensa zangetsu,tidehunter,2841,4772,fallback_lh5,ou,chen,1466,2867,fallback_lh5,don't chase the squirrel,shadow_demon,1470,2001,fallback_lh5,destroyed,abyssal_underlord,2528,4137,fallback_lh5,stronj bob,nevermore,2595,5082,fallback_lh5,don't you dare go hollow,storm_spirit,2397,3656,fallback_lh5,i care,batrider,1639,2190,league_roster,Se,ogre_magi,1101,1533,fallback_lh5
19239,FISSURE Universe Episode 8,8666473326,SB,ICxI,SB,mmr is full pohui,muerta,2608,4795,league_roster,Aura,invoker,2263,3876,fallback_lh5,tensa zangetsu,centaur,2383,4057,fallback_lh5,don't chase the squirrel,hoodwink,927,1350,fallback_lh5,Dark,treant,1766,2258,fallback_lh5,don't you dare go hollow,void_spirit,2606,4606,fallback_lh5,stronj bob,ursa,2716,4711,fallback_lh5,destroyed,razor,2218,3620,fallback_lh5,sN,tiny,1241,1995,league_roster,Se,warlock,1049,1732,fallback_lh5
19239,FISSURE Universe Episode 8,8666618224,Aurora,1w,Aurora,Stories,windrunner,3033,4855,league_roster,0Y,ember_spirit,2430,4361,league_roster,Shenorita`,enigma,2540,4170,league_roster,from behind,skywrath_mage,921,1221,league_roster,tripleraze,shadow_demon,759,1253,league_roster,im not zenin anymore,luna,2094,3878,fallback_lh5,zeroswagonme,puck,2544,4232,league_roster,something wrong,tidehunter,1867,2971,league_roster,jorj,tusk,941,1749,league_roster,enemy,ancient_apparition,573,1093,league_roster
19239,FISSURE Universe Episode 8,8666717650,1w,Aurora,Aurora,im not zenin anymore,muerta,2609,4760,fallback_lh5,},tiny,2437,4206,league_roster,something wrong,slardar,2380,4072,league_roster,jorj,hoodwink,1216,1863,league_roster,enemy,crystal_maiden,796,1533,league_roster,0-,windrunner,2608,4219,league_roster,精神~,nevermore,2398,4678,league_roster,Shenorita`,tidehunter,2378,3825,league_roster,from behind,tusk,1184,1557,league_roster,tripleraze,warlock,685,1342,league_roster
19239,FISSURE Universe Episode 8,8666893083,NGX,PR,PR,rin,clinkz,2170,3467,league_roster,No!ob™,bristleback,2625,4563,league_roster,Future-Past,queenofpain,2624,4108,fallback_lh5,bO,hoodwink,966,1274,league_roster,',nyx_assassin,1048,1734,league_roster,x/x/x,templar_assassin,2378,3985,league_roster,can`t have everything,slardar,1995,3068,league_roster,transurfing,razor,2920,5033,league_roster,Immersion,tiny,1520,1988,league_roster,-,dazzle,1250,1694,league_roster
19239,FISSURE Universe Episode 8,8666975523,NGX,PR,PR,rin,sven,2011,4375,league_roster,`!,bristleback,2799,4792,league_roster,еOK,void_spirit,2292,4332,fallback_lh5,`AE,hoodwink,1306,1818,league_roster,f{,dazzle,1075,1899,league_roster,x/x/x,templar_assassin,2412,4767,league_roster,#KQ,leshrac,2549,4448,league_roster,transurfing,axe,2277,3708,league_roster,Immersion,shadow_demon,1423,1956,league_roster,-,largo,923,1378,league_roster
19239,FISSURE Universe Episode 8,8667537332,SB,PR,SB,MANLY MAN,nevermore,2772,4704,league_roster,Aura,tiny,2162,3747,fallback_lh5,tensa zangetsu,marci,1670,3133,fallback_lh5,don't chase the squirrel,muerta,1125,1675,fallback_lh5,9/m,jakiro,957,1393,fallback_lh5,x/x/x,windrunner,2461,3368,league_roster,Dn,slardar,2222,3382,league_roster,m,bristleback,2594,4303,league_roster,Immersion,shadow_demon,1374,1926,league_roster,-,tusk,1203,1998,league_roster
19239,FISSURE Universe Episode 8,8667583783,PR,SB,PR,x/x/x,ursa,2510,4271,league_roster,pCDBn,shredder,1770,3458,league_roster,?:,razor,2566,3594,league_roster,Immersion,tusk,1171,1477,league_roster,-,warlock,803,1485,league_roster,MANLY MAN,nevermore,2457,3611,league_roster,Aura,queenofpain,2349,4206,fallback_lh5,tensa zangetsu,abyssal_underlord,1879,3219,fallback_lh5,don't chase the squirrel,muerta,966,1828,fallback_lh5,Gn,nyx_assassin,969,1451,fallback_lh5
19239,FISSURE Universe Episode 8,8667643671,PR,SB,PR,x/x/x,juggernaut,2852,4966,league_roster,s$m,tiny,2160,4102,league_roster,-m,centaur,2189,3636,league_roster,Immersion,phoenix,1180,1682,league_roster,-,warlock,1155,1497,league_roster,MANLY MAN,nevermore,2693,4641,league_roster,Aura,storm_spirit,2437,4183,fallback_lh5,tensa zangetsu,tidehunter,2031,3807,fallback_lh5,don't chase the squirrel,shadow_demon,1063,1926,fallback_lh5,l,nyx_assassin,918,1327,fallback_lh5
19239,FISSURE Universe Episode 8,8667877142,PIPS4,Aurora,PIPS4,"Darklord,,`",abaddon,2455,4410,league_roster,+LP+CHATBAN-LANS-MMR,void_spirit,2007,4141,league_roster,Yayo,razor,2625,3933,league_roster,xJp,shadow_shaman,846,1563,league_roster,友爱,undying,606,1606,league_roster,!m,luna,2153,3410,league_roster,m,storm_spirit,2566,3866,league_roster,p,axe,2900,5384,league_roster,o,shadow_demon,1297,1851,league_roster,tripleraze,phoenix,998,1605,league_roster
19239,FISSURE Universe Episode 8,8667984124,Aurora,PIPS4,Aurora,,phantom_assassin,2378,4259,league_roster,精神~,beastmaster,3130,4534,league_roster,3p,largo,2277,4046,league_roster,}1m,shadow_demon,1658,2440,league_roster,tripleraze,warlock,1265,1872,league_roster,"Darklord,,`",abaddon,2235,3361,league_roster,+LP+CHATBAN-LANS-MMR,sand_king,2836,4581,league_roster,Yayo,razor,2016,3121,league_roster,@6el,hoodwink,1093,1932,league_roster,友爱,dazzle,1155,1753,league_roster
19239,FISSURE Universe Episode 8,8668768837,MOUZ,Liquid,Liquid,Pq,nevermore,2591,3803,league_roster,I SPIT ON YOUR FACE,rubick,1917,3111,league_roster,q,brewmaster,2068,3605,league_roster,mid two,skywrath_mage,996,1939,league_roster,Seleri,pugna,1022,2017,fallback_lh5,yondaime,luna,2314,3893,league_roster,мусор,viper,2178,3621,league_roster,50centaur,abyssal_underlord,1851,3757,league_roster,Boxi,ringmaster,1047,2161,league_roster,pJm,largo,801,1414,league_roster
19239,FISSURE Universe Episode 8,8668824753,Liquid,MOUZ,MOUZ,Hq,clinkz,2635,3861,league_roster,мусор,puck,2231,3753,league_roster,50centaur,tidehunter,2235,3795,league_roster,Boxi,tusk,1491,2128,league_roster,tOfu,treant,1530,1869,league_roster,KITR,nevermore,2708,4047,league_roster,I SPIT ON YOUR FACE,leshrac,2478,4096,league_roster,Strach,abyssal_underlord,2010,3111,league_roster,mid two,spirit_breaker,1214,1867,league_roster,Seleri,snapfire,1415,2665,fallback_lh5
19239,FISSURE Universe Episode 8,8668876166,MOUZ,Liquid,Liquid,KITR,nevermore,2477,4423,league_roster,I SPIT ON YOUR FACE,leshrac,2298,4340,league_roster,p,tidehunter,1579,2408,league_roster,mid two,pudge,1139,1482,league_roster,Seleri,dazzle,836,1531,fallback_lh5,Pkq,muerta,2739,4656,league_roster,%q,puck,2455,4645,league_roster,o,mars,1663,3137,league_roster,Boxi,tusk,1380,2231,league_roster,0q,hoodwink,1330,1968,league_roster
19239,FISSURE Universe Episode 8,8669248491,Aurora,BetBoom,BetBoom,Stories,windrunner,2513,4138,league_roster,精神~,queenofpain,2668,4270,league_roster,Shenorita`,largo,2103,3249,league_roster,from behind,lion,652,879,league_roster,tripleraze,undying,1005,1515,league_roster,EfficiencY-,clinkz,2995,4996,league_roster,qqqqqq,storm_spirit,2378,3859,league_roster,members only,axe,2151,3438,league_roster,The Resistance,hoodwink,1377,1735,league_roster,sandman,disruptor,1354,1756,league_roster
19239,FISSURE Universe Episode 8,8669345323,BetBoom,Aurora,Aurora,EfficiencY-,clinkz,2396,4210,league_roster,qqqqqq,dragon_knight,2925,5430,league_roster,members only,mars,2095,3489,league_roster,The Resistance,hoodwink,1163,2101,league_roster,sandman,tusk,855,1290,league_roster,Stories,ursa,2475,4096,league_roster,Ur,ember_spirit,2770,4460,league_roster,Shenorita`,largo,3006,5003,league_roster,from behind,skywrath_mage,1166,1911,league_roster,tripleraze,warlock,554,1457,league_roster
19239,FISSURE Universe Episode 8,8669433999,Aurora,BetBoom,Aurora,Stories,windrunner,3148,5035,league_roster,精神~,ember_spirit,1891,3446,league_roster,q,largo,2148,3253,league_roster,from behind,shadow_shaman,787,1205,league_roster,tripleraze,ancient_apparition,1358,2087,league_roster,EfficiencY-,life_stealer,2576,4335,league_roster,qqqqqq,puck,2764,5177,league_roster,members only,axe,1767,2929,league_roster,The Resistance,phoenix,881,1547,league_roster,sandman,nyx_assassin,1036,2001,league_roster
19239,FISSURE Universe Episode 8,8669515236,PR,TY,TY,x/x/x,windrunner,2040,3193,league_roster,can`t have everything,queenofpain,2391,3081,league_roster,transurfing,phoenix,1974,3454,league_roster,Immersion,tiny,1227,1905,league_roster,-,tusk,1078,1605,league_roster,q,razor,2485,4328,league_roster,@Jp,slardar,2554,4060,league_roster,strafe instructor,brewmaster,2408,4575,league_roster,lostreak chicken,shadow_shaman,1766,2837,league_roster,sq,jakiro,1391,3005,league_roster
19239,FISSURE Universe Episode 8,8669577283,PR,TY,TY,x/x/x,luna,2451,4752,league_roster,can`t have everything,shredder,2209,4137,league_roster,transurfing,brewmaster,1559,2230,league_roster,Immersion,shadow_demon,1196,1489,league_roster,-,chen,1241,1859,league_roster,Narumi,weaver,2674,5110,league_roster,CHIRA_JUNIOR,razor,2351,4256,league_roster,strafe instructor,abyssal_underlord,1952,3694,league_roster,lostreak chicken,tusk,1119,1750,league_roster,/Eq,jakiro,1013,2217,league_roster
19239,FISSURE Universe Episode 8,8670030199,SB,TSpirit,TSpirit,Saskio,muerta,2939,4944,league_roster,Aura,ember_spirit,2450,4053,fallback_lh5,tensa zangetsu,brewmaster,2343,3996,fallback_lh5,don't chase the squirrel,hoodwink,1094,2002,fallback_lh5,Dark,jakiro,1028,1536,fallback_lh5,duelist,windrunner,2088,3282,league_roster,afterlife,dragon_knight,2409,3930,fallback_lh5,bruno,largo,1988,3564,league_roster,123,grimstroke,938,1571,fallback_lh5,{q,rattletrap,1086,1667,league_roster
19239,FISSURE Universe Episode 8,8670077231,TSpirit,SB,TSpirit,duelist,ursa,2838,5327,league_roster,afterlife,storm_spirit,2312,3926,fallback_lh5,bruno,batrider,2254,3013,league_roster,123,tusk,1144,1694,fallback_lh5,sustain,jakiro,1277,1942,league_roster,Saskio,windrunner,2647,4624,league_roster,Aura,invoker,2868,4693,fallback_lh5,tensa zangetsu,abyssal_underlord,1523,2675,fallback_lh5,Dark,nyx_assassin,1342,1921,fallback_lh5,don't chase the squirrel,hoodwink,979,2100,fallback_lh5
19239,FISSURE Universe Episode 8,8670222605,MOUZ,SB,MOUZ,KITR,nevermore,2289,3527,league_roster,I SPIT ON YOUR FACE,tiny,2307,3490,league_roster,Strach,abyssal_underlord,2070,3831,league_roster,mid two,rattletrap,1483,2149,league_roster,Seleri,pugna,1546,1961,fallback_lh5,Saskio,gyrocopter,2588,3618,league_roster,tensa zangetsu,marci,2751,4974,fallback_lh5,Aura,void_spirit,1839,3316,fallback_lh5,don't chase the squirrel,hoodwink,1397,2036,fallback_lh5,Dark,undying,1251,2370,fallback_lh5
19239,FISSURE Universe Episode 8,8670330049,SB,MOUZ,MOUZ,Saskio,clinkz,3017,5188,league_roster,Aura,invoker,2257,4473,fallback_lh5,tensa zangetsu,centaur,2077,3410,fallback_lh5,don't chase the squirrel,tusk,1109,1560,fallback_lh5,@9r,jakiro,1130,1061,fallback_lh5,KITR,nevermore,2605,4707,league_roster,I SPIT ON YOUR FACE,ember_spirit,2376,3967,league_roster,Strach,abyssal_underlord,2093,3092,league_roster,mid two,windrunner,1440,1906,league_roster,Seleri,pugna,1204,2104,fallback_lh5
19239,FISSURE Universe Episode 8,8670533212,TSpirit,Liquid,TSpirit,s,gyrocopter,2739,5038,league_roster,afterlife,slardar,2623,3599,fallback_lh5,bruno,batrider,2452,4344,league_roster,s,tusk,1139,1775,fallback_lh5,sustain,jakiro,768,1202,league_roster,yondaime,viper,2681,4987,league_roster,>}r,void_spirit,2292,4276,league_roster,r,tidehunter,2072,3561,league_roster,Boxi,skywrath_mage,900,1315,league_roster,tOfu,naga_siren,1049,1934,league_roster
19239,FISSURE Universe Episode 8,8670530163,Aurora,TY,Aurora,Stories,phantom_assassin,2515,4178,league_roster,精神~,beastmaster,2553,4319,league_roster,Shenorita`,brewmaster,2402,3727,league_roster,from behind,dark_willow,1201,1467,league_roster,tripleraze,shadow_demon,810,1395,league_roster,4[r,nevermore,2303,4619,league_roster,CHIRA_JUNIOR,kunkka,2652,4724,league_roster,strafe instructor,slardar,2287,3979,league_roster,lostreak chicken,keeper_of_the_light,1019,1579,league_roster,Pohn Jork,tusk,923,2283,league_roster
19239,FISSURE Universe Episode 8,8670629126,Liquid,TSpirit,Liquid,yondaime,razor,2647,4338,league_roster,мусор,huskar,2929,5537,league_roster,"0,q",mars,2267,4755,league_roster,p,tiny,1134,2373,league_roster,tOfu,largo,928,1797,league_roster,duelist,terrorblade,2912,5119,league_roster,afterlife,storm_spirit,2168,3389,fallback_lh5,bruno,abyssal_underlord,1929,3455,league_roster,123,muerta,1051,1989,fallback_lh5,sustain,rattletrap,1174,1632,league_roster
19239,FISSURE Universe Episode 8,8670641713,TY,Aurora,Aurora,Narumi,windrunner,2457,3783,league_roster,CHIRA_JUNIOR,slardar,2387,4376,league_roster,strafe instructor,abyssal_underlord,1890,3510,league_roster,lostreak chicken,shadow_demon,1112,1624,league_roster,Pohn Jork,chen,1313,2203,league_roster,0,abaddon,2345,4008,league_roster,精神~,storm_spirit,2371,4313,league_roster,Shenorita`,shredder,1983,3756,league_roster,from behind,dark_willow,920,1760,league_roster,tripleraze,jakiro,991,1447,league_roster
19239,FISSURE Universe Episode 8,8670707269,Liquid,TSpirit,TSpirit,yondaime,kez,2724,4560,league_roster,мусор,queenofpain,2556,4026,league_roster,50centaur,abyssal_underlord,2226,4244,league_roster,Boxi,tusk,1207,1564,league_roster,tOfu,largo,1145,1667,league_roster,duelist,sven,2606,4519,league_roster,afterlife,storm_spirit,2408,3422,fallback_lh5,/p,mars,1804,2468,league_roster,123,hoodwink,1142,1951,fallback_lh5,@kCq,ancient_apparition,1193,1907,league_roster
19239,FISSURE Universe Episode 8,8670814187,PR,BetBoom,PR,x/x/x,sven,2438,4388,league_roster,can`t have everything,tiny,2617,4480,league_roster,transurfing,razor,2028,3583,league_roster,Immersion,treant,1234,1958,league_roster,-,ancient_apparition,632,1276,league_roster,cutthroat,nevermore,2195,3777,league_roster,qqqqqq,void_spirit,2425,4243,league_roster,members only,largo,2445,3971,league_roster,The Resistance,muerta,992,1278,league_roster,Pesq,jakiro,847,1095,league_roster
19239,FISSURE Universe Episode 8,8670889688,PR,BetBoom,BetBoom,x/x/x,viper,2133,3769,league_roster,can`t have everything,sniper,2754,4245,league_roster,transurfing,mars,2382,3542,league_roster,Immersion,phoenix,1012,1556,league_roster,-,treant,1450,1636,league_roster,cutthroat,abaddon,2328,3322,league_roster,h@0s,nevermore,2460,4782,league_roster,members only,centaur,2044,3539,league_roster,The Resistance,hoodwink,1110,2037,league_roster,sandman,jakiro,939,1422,league_roster
19239,FISSURE Universe Episode 8,8670959477,BetBoom,PR,BetBoom,cutthroat,gyrocopter,2175,3797,league_roster,r,beastmaster,2712,4820,league_roster,members only,omniknight,2317,3703,league_roster,The Resistance,shadow_shaman,1483,1792,league_roster,sandman,ancient_apparition,858,1289,league_roster,x/x/x,templar_assassin,2116,3945,league_roster,can`t have everything,sniper,2574,4558,league_roster,o<r,shredder,2001,3426,league_roster,Immersion,treant,1344,1823,league_roster,-,disruptor,692,1263,league_roster
19239,FISSURE Universe Episode 8,8671483483,TY,MOUZ,TY,Narumi,clinkz,2569,4558,league_roster,CHIRA_JUNIOR,puck,2241,5013,league_roster,strafe instructor,brewmaster,2920,5091,league_roster,p]r,shadow_shaman,1116,2038,league_roster,Pohn Jork,tusk,924,1576,league_roster,KITR,nevermore,1930,3527,league_roster,I SPIT ON YOUR FACE,leshrac,2448,3556,league_roster,Strach,axe,2405,3642,league_roster,mid two,dark_willow,1047,1462,league_roster,Seleri,largo,909,1389,fallback_lh5
19239,FISSURE Universe Episode 8,8671528390,MOUZ,TY,TY,KITR,gyrocopter,2832,4302,league_roster,I SPIT ON YOUR FACE,slark,2214,3932,league_roster,Strach,abyssal_underlord,1617,3221,league_roster,mid two,tusk,1237,1783,league_roster,Seleri,pugna,1239,2398,fallback_lh5,Narumi,ursa,2656,4411,league_roster,CHIRA_JUNIOR,earth_spirit,2904,4385,league_roster,strafe instructor,brewmaster,1986,3658,league_roster,`7q,shadow_shaman,1389,2048,league_roster,Pohn Jork,warlock,1252,1754,league_roster
19239,FISSURE Universe Episode 8,8671707286,BetBoom,Liquid,BetBoom,cutthroat,gyrocopter,2794,4742,league_roster,qqqqqq,huskar,2705,4598,league_roster,members only,mars,2489,4029,league_roster,The Resistance,phoenix,1132,2031,league_roster,sandman,tusk,1027,1552,league_roster,yondaime,windrunner,2313,3987,league_roster,мусор,storm_spirit,2097,3620,league_roster,50centaur,abyssal_underlord,2101,4286,league_roster,Boxi,ringmaster,809,1102,league_roster,tOfu,treant,1435,2015,league_roster
19239,FISSURE Universe Episode 8,8671820075,Liquid,BetBoom,Liquid,yondaime,bristleback,2880,4617,league_roster,мусор,tiny,2582,4564,league_roster,`Kp,kunkka,2302,4442,league_roster,Boxi,shadow_demon,1004,1792,league_roster,tOfu,mirana,954,2186,league_roster,cutthroat,life_stealer,2653,4403,league_roster,qqqqqq,shredder,2080,3298,league_roster,pyns,centaur,2113,3500,league_roster,The Resistance,jakiro,870,1296,league_roster,sandman,tinker,1018,1710,league_roster
19239,FISSURE Universe Episode 8,8671894019,BetBoom,Liquid,Liquid,cutthroat,ursa,2063,3159,league_roster,kym,morphling,1613,2681,league_roster,p?r,enigma,2231,3551,league_roster,The Resistance,phoenix,1020,1575,league_roster,sandman,spirit_breaker,1059,1480,league_roster,yondaime,windrunner,2562,4082,league_roster,мусор,slardar,2999,4459,league_roster,50centaur,kunkka,2542,4557,league_roster,=[r,rattletrap,1235,1852,league_roster,tOfu,muerta,1606,2420,league_roster
19239,FISSURE Universe Episode 8,8672041627,Aurora,TSpirit,Aurora,Stories,ursa,2806,4587,league_roster,精神~,puck,2707,4568,league_roster,Shenorita`,brewmaster,2417,3527,league_roster,pUr,dark_willow,1191,1708,league_roster,tripleraze,jakiro,1376,1906,league_roster,duelist,gyrocopter,2589,4352,league_roster,murder,tiny,2539,3730,fallback_lh5,bruno,viper,1909,3409,league_roster,123,tusk,1292,1781,fallback_lh5,оHt,keeper_of_the_light,1118,1736,league_roster
19239,FISSURE Universe Episode 8,8672136974,TSpirit,Aurora,Aurora,duelist,puck,2526,4484,league_roster,murder,viper,2950,4218,fallback_lh5,bruno,brewmaster,1644,2322,league_roster,^]r,ringmaster,731,1239,fallback_lh5,sustain,disruptor,1247,1604,league_roster,Stories,abaddon,2946,4689,league_roster,精神~,huskar,1750,3523,league_roster,Shenorita`,mars,2428,3991,league_roster,from behind,dark_willow,1492,2008,league_roster,tripleraze,jakiro,906,1649,league_roster
19239,FISSURE Universe Episode 8,8672345104,TY,Liquid,TY,@et,templar_assassin,2399,4267,league_roster,CHIRA_JUNIOR,sniper,2852,4713,league_roster,strafe instructor,largo,2226,3980,league_roster,?+q,tiny,1030,1737,league_roster,Pohn Jork,jakiro,949,2072,league_roster,yondaime,windrunner,3079,4198,league_roster,мусор,viper,2200,3921,league_roster,o,mars,1834,3377,league_roster,Boxi,shadow_demon,1090,1416,league_roster,@ro,marci,992,1549,league_roster
19239,FISSURE Universe Episode 8,8672485604,Liquid,TY,TY,p,muerta,2780,3927,league_roster,мусор,ember_spirit,2418,3984,league_roster,50centaur,axe,2146,3255,league_roster,Boxi,ringmaster,1130,1132,league_roster,tOfu,largo,812,1566,league_roster,Narumi,templar_assassin,2471,4248,league_roster,CHIRA_JUNIOR,sand_king,2681,4630,league_roster,;gs,brewmaster,1978,2696,league_roster,lostreak chicken,hoodwink,1104,1705,league_roster,Pohn Jork,jakiro,895,1640,league_roster
19239,FISSURE Universe Episode 8,8673256630,TY,TSpirit,TSpirit,s,templar_assassin,1742,3748,league_roster,CHIRA_JUNIOR,slardar,2469,3674,league_roster,strafe instructor,largo,2029,3615,league_roster,lostreak chicken,shadow_shaman,1154,1955,league_roster,Pohn Jork,tusk,1285,1829,league_roster,霜雪,medusa,2904,5317,league_roster,meowrele,dragon_knight,2157,3896,fallback_lh5,bruno,abyssal_underlord,2583,3983,league_roster,123,jakiro,1224,1720,fallback_lh5,sustain,shadow_demon,1094,1636,league_roster
19239,FISSURE Universe Episode 8,8673330227,TSpirit,TY,TSpirit,霜雪,windrunner,2738,4226,league_roster,meowrele,ember_spirit,2012,3442,fallback_lh5,bruno,batrider,2233,3496,league_roster,'Wq,bounty_hunter,1207,2141,fallback_lh5,sustain,mirana,1474,2206,league_roster,Narumi,queenofpain,2623,4377,league_roster,CHIRA_JUNIOR,dragon_knight,2218,4012,league_roster,strafe instructor,tidehunter,2066,3737,league_roster,lostreak chicken,tiny,905,1524,league_roster,Pohn Jork,warlock,986,1469,league_roster
19239,FISSURE Universe Episode 8,8673681713,Aurora,TSpirit,Aurora,q,naga_siren,2509,3951,league_roster,精神~,puck,2499,3883,league_roster,Shenorita`,shredder,2015,3468,league_roster,from behind,dark_willow,1173,1902,league_roster,tripleraze,warlock,1382,1634,league_roster,霜雪,luna,2983,4442,league_roster,meowrele,void_spirit,2702,4300,fallback_lh5,bruno,slardar,2116,3671,league_roster,123,tusk,1599,1956,fallback_lh5,sustain,shadow_demon,525,1161,league_roster
19239,FISSURE Universe Episode 8,8673786567,TSpirit,Aurora,TSpirit,霜雪,gyrocopter,3123,5387,league_roster,meowrele,dragon_knight,2697,4562,fallback_lh5,bruno,centaur,1880,2902,league_roster,QJ,dark_willow,1045,1583,fallback_lh5,sustain,rattletrap,960,1395,league_roster,\L,omniknight,2418,4916,league_roster,7J,ember_spirit,2032,3493,league_roster,Shenorita`,shredder,2295,3749,league_roster,from behind,shadow_shaman,1174,1712,league_roster,tripleraze,jakiro,913,1573,league_roster
19239,FISSURE Universe Episode 8,8673894578,Aurora,TSpirit,TSpirit,A Narrow Escape,phantom_assassin,2957,4949,league_roster,-^fM,puck,1976,3575,league_roster,3J,largo,2387,3980,league_roster,yL,hoodwink,1068,1417,league_roster,tripleraze,warlock,1489,1654,league_roster,XM,morphling,2546,4397,league_roster,meowrele,viper,2202,3818,fallback_lh5,bruno,centaur,1987,2913,league_roster,123,nyx_assassin,1136,1836,fallback_lh5,sustain,shadow_demon,886,1427,league_roster
19239,FISSURE Universe Episode 8,8673984827,TSpirit,Aurora,Aurora,霜雪,kez,2658,4544,league_roster,meowrele,puck,2029,3019,fallback_lh5,bruno,mars,2045,3823,league_roster,123,tusk,1214,1625,fallback_lh5,sustain,ancient_apparition,803,1398,league_roster,A Narrow Escape,windrunner,2936,4743,league_roster,@?L,viper,2731,4647,league_roster,Shenorita`,largo,1745,3409,league_roster,from behind,nyx_assassin,880,1999,league_roster,tripleraze,shadow_shaman,1106,1729,league_roster
19239,FISSURE Universe Episode 8,8674069110,Aurora,TSpirit,Aurora,A Narrow Escape,gyrocopter,2746,5073,league_roster,L,storm_spirit,2759,5103,league_roster,lM,largo,2695,4699,league_roster,@ԵM,hoodwink,1146,1917,league_roster,tripleraze,phoenix,1128,2042,league_roster,霜雪,medusa,2575,4079,league_roster,meowrele,dragon_knight,1869,3343,fallback_lh5,bruno,shredder,1801,3339,league_roster,123,shadow_demon,1162,1761,fallback_lh5,sustain,mirana,879,1250,league_roster
19435,PGL Wallachia 2026 Season 7,8719042091,VG,OG,VG,-j#,marci,3264,5705,league_roster,"л""",leshrac,2768,4860,league_roster,*j#,batrider,2505,4707,league_roster,0.j#,faceless_void,1272,2176,fallback_lh5,(j#,shadow_demon,1259,2155,league_roster,sonny hayes,slark,2379,4361,league_roster,Rasmus?,storm_spirit,1936,3814,league_roster,e3#,largo,2166,3055,fallback_lh5,BOSSATAN,tiny,962,1558,league_roster,mamba24,keeper_of_the_light,1144,1438,league_roster
19435,PGL Wallachia 2026 Season 7,8719042141,YeS,PV,PV,maelle,zuus,2760,4712,fallback_lh5,5k elo,puck,2671,4831,fallback_lh5,.,abyssal_underlord,2064,3434,fallback_lh5,chrome denim,earth_spirit,1151,1615,fallback_lh5,Мечта.,ringmaster,802,1533,fallback_lh5,"""",ursa,2815,4684,league_roster,"""",beastmaster,2219,3948,league_roster,"Nah, I'd adapt",centaur,2311,4459,league_roster,Pele,shadow_shaman,1230,1814,league_roster,Jz#,jakiro,1074,1714,league_roster
19435,PGL Wallachia 2026 Season 7,8719103631,OG,VG,OG,sonny hayes,nevermore,2512,4455,league_roster,Rasmus?,ember_spirit,2174,4080,league_roster,Money for Nothing,batrider,2369,4269,fallback_lh5,BOSSATAN,tusk,918,1390,league_roster,mamba24,keeper_of_the_light,1402,2094,league_roster,Roselia,weaver,2917,4499,league_roster,^,beastmaster,2363,4523,league_roster,,enigma,2242,3868,league_roster,6,tiny,1363,2319,fallback_lh5,,jakiro,1464,2021,league_roster
19435,PGL Wallachia 2026 Season 7,8719115659,YeS,PV,PV,.,abyssal_underlord,2222,3307,fallback_lh5,maelle,life_stealer,2245,3887,fallback_lh5,5k elo,void_spirit,1522,2698,fallback_lh5,Мечта.,treant,1085,1830,fallback_lh5,chrome denim,ringmaster,644,1398,fallback_lh5,....,ursa,2583,4586,league_roster,Master of my fear,huskar,2834,4615,league_roster,"Nah, I'd adapt",mars,2739,4502,league_roster,Pele,shadow_shaman,1239,2113,league_roster,Dukalis,warlock,825,1658,league_roster
19435,PGL Wallachia 2026 Season 7,8719172949,VG,OG,VG,PTD!,gyrocopter,3331,5720,league_roster,^,puck,2110,3653,league_roster,PTD!,mars,2109,3584,league_roster,PTD!,faceless_void,1166,1716,fallback_lh5,PTD!,warlock,899,1762,league_roster,sonny hayes,windrunner,2654,4502,league_roster,Rasmus?,void_spirit,2445,4329,league_roster,Money for Nothing,primal_beast,1518,2641,fallback_lh5,BOSSATAN,lion,1414,1893,league_roster,mamba24,witch_doctor,1022,1797,league_roster
19435,PGL Wallachia 2026 Season 7,8719206511,Aurora,MOUZ,Aurora,08:08,abaddon,2557,4350,league_roster,River in Flow,puck,2719,4666,league_roster,"ќ""",bristleback,2448,4743,league_roster,geekin',lion,824,2018,league_roster,tak pohuy,phoenix,1033,1969,league_roster,@#,dragon_knight,2645,4589,league_roster,Satoru,beastmaster,2576,4070,league_roster,@#,abyssal_underlord,2145,3758,league_roster,Seleri,pugna,778,1995,fallback_lh5,ImmortalFaith,techies,1150,1785,fallback_lh5
19435,PGL Wallachia 2026 Season 7,8719267986,XG,TSpirit,TSpirit,?V!,kez,2575,4900,league_roster,#,razor,2511,3979,league_roster,І#,centaur,2594,4014,league_roster,Q#,shadow_shaman,1146,1845,league_roster,lavie,chen,1109,2276,league_roster,661.9d80,beastmaster,2610,5162,league_roster,попка,puck,2518,4207,league_roster,d#,doom_bringer,2078,3285,league_roster,0B#,hoodwink,1076,1836,fallback_lh5,sustain,ringmaster,1095,2123,league_roster
19435,PGL Wallachia 2026 Season 7,8719282248,MOUZ,Aurora,Aurora,"p""",dragon_knight,2522,3900,league_roster,Satoru,razor,2862,4844,league_roster,Strach,batrider,2260,4141,league_roster,Seleri,enchantress,1156,2284,fallback_lh5,ImmortalFaith,rattletrap,1086,1876,fallback_lh5,08:08,nevermore,2943,4352,league_roster,River in Flow,ember_spirit,2233,4078,league_roster,Shenorita`,mars,2376,3729,league_roster,geekin',lion,1058,1484,league_roster,tak pohuy,treant,1208,1548,league_roster
19435,PGL Wallachia 2026 Season 7,8719372411,NMSS,FLCN,FLCN,horndog mindset,ursa,2525,4272,fallback_lh5,"`I""",windrunner,2047,3641,fallback_lh5,x,largo,2450,3687,fallback_lh5,ty,phoenix,763,1344,fallback_lh5,ڙ#,tiny,1189,1759,fallback_lh5,I m Going To Be The Best Carry,dragon_knight,2412,4369,league_roster,精神~,huskar,2495,4399,league_roster,`#,mars,2470,3859,league_roster,U#,muerta,1295,2099,league_roster,Sneyking,shadow_shaman,1114,1740,league_roster
19435,PGL Wallachia 2026 Season 7,8719366143,XG,TSpirit,XG,念头通达,terrorblade,2873,4802,league_roster,NothingToSay,storm_spirit,2769,4925,league_roster,¿,largo,2240,3913,league_roster,其疾如风,hoodwink,1120,1850,league_roster,lavie,warlock,1011,1967,league_roster,05#,kez,2631,4558,league_roster,попка,invoker,2619,4035,league_roster,0y3#,doom_bringer,1912,3602,league_roster,3#,shadow_shaman,1101,1579,fallback_lh5,sustain,phoenix,936,1383,league_roster
19435,PGL Wallachia 2026 Season 7,8719473100,XG,TSpirit,TSpirit,念头通达,kez,2878,4912,league_roster,NothingToSay,storm_spirit,2761,4216,league_roster,¿,visage,2049,3757,league_roster,其疾如风,tiny,1089,1717,league_roster,lavie,phoenix,1047,1547,league_roster,661.9d80,ursa,2007,3672,league_roster,p&#,leshrac,2863,4636,league_roster,bruno,batrider,1916,3745,league_roster,123,nyx_assassin,1514,2042,fallback_lh5,pW9M$,jakiro,1124,1418,league_roster
19435,PGL Wallachia 2026 Season 7,8719471475,NMSS,FLCN,FLCN,Azor Ahai,storm_spirit,2703,3865,fallback_lh5,horndog mindset,muerta,2318,4038,fallback_lh5,x,brewmaster,1741,3028,fallback_lh5,ty,largo,886,1869,fallback_lh5,Q,tusk,1377,2042,fallback_lh5,]$,nevermore,2299,4317,league_roster,精神~,ember_spirit,2332,4326,league_roster,-$,doom_bringer,2589,4144,league_roster,Cr1t-,hoodwink,1284,1849,league_roster,Sneyking,shadow_shaman,1222,1869,league_roster
19435,PGL Wallachia 2026 Season 7,8719592821,BetBoom,Liquid,BetBoom,Naruto~,ursa,3165,4857,league_roster,стать человеком,slardar,2534,4202,league_roster,Badwater,mars,2209,3369,league_roster,shadow-,dark_willow,1139,1621,league_roster,smoke,phoenix,1235,1804,league_roster,yondaime,kez,2332,4050,league_roster,мусор,puck,2448,4553,league_roster,50centaur,largo,2097,3309,league_roster,piI$,shadow_shaman,941,1213,league_roster,tOfu,dazzle,1203,1622,league_roster
19435,PGL Wallachia 2026 Season 7,8719587905,TY,HEROIC,HEROIC,-,nevermore,2488,4346,league_roster,CHIRA_JUNIOR,void_spirit,1965,3222,league_roster,!!!,bristleback,2188,3771,league_roster,lostreak chicken,marci,1077,1495,league_roster,Pohn Jork,disruptor,1126,1758,league_roster,І'#,ursa,2800,4416,league_roster,a,razor,2274,4393,league_roster,Wisper,batrider,2383,4116,league_roster,Rita,jakiro,928,1607,league_roster,марсианин,warlock,1293,2664,league_roster
19435,PGL Wallachia 2026 Season 7,8719688162,BetBoom,Liquid,Liquid,Naruto~,bristleback,2056,4400,league_roster,стать человеком,puck,2242,4146,league_roster,Badwater,kunkka,1934,2823,league_roster,"a""",shadow_demon,1498,2343,league_roster,smoke,jakiro,934,1822,league_roster,yondaime,muerta,2668,4645,league_roster,мусор,tiny,2313,3685,league_roster,50centaur,centaur,2218,3728,league_roster,Boxi,marci,1139,1767,league_roster,tOfu,warlock,1632,2731,league_roster
19435,PGL Wallachia 2026 Season 7,8719697794,HEROIC,TY,HEROIC,Yuma,windrunner,2003,3422,league_roster,a,tinker,1932,4562,league_roster,@#,batrider,2014,3532,league_roster,Rita,jakiro,973,1796,league_roster,марсианин,tusk,655,952,league_roster,-,faceless_void,1981,3189,league_roster,CHIRA_JUNIOR,viper,1847,3778,league_roster,!!!,beastmaster,2523,3968,league_roster,lostreak chicken,hoodwink,1195,1610,league_roster,Y.$,phoenix,835,1355,league_roster
19435,PGL Wallachia 2026 Season 7,8719782706,BetBoom,Liquid,Liquid,Naruto~,razor,2225,3428,league_roster,стать человеком,necrolyte,2500,4164,league_roster,Badwater,centaur,2124,3822,league_roster,shadow-,dark_willow,1015,1513,league_roster,smoke,tusk,1175,1422,league_roster,@D؀#,windrunner,2578,4797,league_roster,мусор,ember_spirit,1995,3936,league_roster,~c$,largo,2245,3917,league_roster,Boxi,marci,1041,1815,league_roster,tOfu,keeper_of_the_light,1271,2103,league_roster
19435,PGL Wallachia 2026 Season 7,8719863795,Tundra,NAVI,Tundra,BURRO,templar_assassin,2345,4159,fallback_lh5,шапира-,beastmaster,2258,4370,league_roster,not human (животное),batrider,1924,3529,league_roster,Lyagushka,tiny,794,1135,league_roster,NongMon,pugna,797,1918,league_roster,No Mercy,abaddon,2676,4523,league_roster,ссс,queenofpain,2018,4180,league_roster,everything i have,mars,2231,3477,league_roster,33a9ccc,nyx_assassin,1065,1761,league_roster,Jonny,warlock,1316,2013,league_roster
19435,PGL Wallachia 2026 Season 7,8719940770,Tundra,NAVI,NAVI,BURRO,muerta,2938,5014,fallback_lh5,шапира-,tiny,1695,2955,league_roster,not human (животное),brewmaster,1476,2664,league_roster,Lyagushka,shadow_shaman,993,1396,league_roster,NongMon,pugna,715,1313,league_roster,No Mercy,weaver,2722,4505,league_roster,ссс,kez,2559,4494,league_roster,everything i have,centaur,1662,3031,league_roster,33a9ccc,earth_spirit,1069,1578,league_roster,Jonny,warlock,1096,1668,league_roster
19435,PGL Wallachia 2026 Season 7,8720015970,Tundra,NAVI,NAVI,BURRO,monkey_king,2482,3725,fallback_lh5,шапира-,beastmaster,2204,4407,league_roster,not human (животное),doom_bringer,2068,3867,league_roster,Lyagushka,tiny,1165,1576,league_roster,NongMon,jakiro,1600,2023,league_roster,No Mercy,razor,2485,4744,league_roster,ссс,queenofpain,2576,4009,league_roster,"""",centaur,1715,3420,league_roster,33a9ccc,nyx_assassin,1347,1739,league_roster,Jonny,warlock,1223,2059,league_roster
19435,PGL Wallachia 2026 Season 7,8720527708,XG,NMSS,XG,`#,templar_assassin,2668,4679,league_roster,X1#,puck,2390,3955,league_roster,|#,brewmaster,2302,4329,league_roster,其疾如风,hoodwink,1240,1987,league_roster,lavie,warlock,1215,1599,league_roster,Azor Ahai,void_spirit,2368,3834,fallback_lh5,horndog mindset,beastmaster,2611,4106,fallback_lh5,#,shredder,2182,3801,fallback_lh5,Q,tiny,1367,1949,fallback_lh5,ty,shadow_shaman,1163,1767,fallback_lh5
19435,PGL Wallachia 2026 Season 7,8720526736,VG,Liquid,Liquid,Roselia,marci,2548,4040,league_roster,^,obsidian_destroyer,2191,4026,league_roster,#q#,abyssal_underlord,2182,3440,league_roster,=q#,hoodwink,1124,1329,fallback_lh5,-#,jakiro,1053,1311,league_roster,yondaime,razor,2358,4217,league_roster,g#,tiny,2569,4408,league_roster,"Y,!",tidehunter,2014,3269,league_roster,Ё/w!,dark_willow,1200,1928,league_roster,tOfu,largo,1306,1816,league_roster
19435,PGL Wallachia 2026 Season 7,8720609244,VG,Liquid,Liquid,`b#,nevermore,2866,4574,league_roster,#,slardar,2391,4057,league_roster,#,batrider,1912,3679,league_roster,镜,faceless_void,1110,1770,fallback_lh5,`b#,pugna,869,1264,league_roster,yondaime,muerta,2696,4616,league_roster,H#,puck,2866,4659,league_roster,50centaur,largo,2150,3696,league_roster,Boxi,marci,789,1462,league_roster,pG!,lion,1013,1469,league_roster
19435,PGL Wallachia 2026 Season 7,8720605628,NMSS,XG,NMSS,Azor Ahai,puck,2621,4565,fallback_lh5,x,brewmaster,2189,4006,fallback_lh5,horndog mindset,sven,1674,3208,fallback_lh5,`9#,jakiro,941,1443,fallback_lh5,OF!,phoenix,789,1589,fallback_lh5,念头通达,ursa,2653,4189,league_roster,ib!,tinker,2287,4458,league_roster,¿,mars,3042,4871,league_roster,其疾如风,shadow_shaman,731,1256,league_roster,lavie,warlock,848,1272,league_roster
19435,PGL Wallachia 2026 Season 7,8720685171,Aurora,HEROIC,HEROIC,08:08,abaddon,2535,4494,league_roster,River in Flow,puck,3130,5100,league_roster,Shenorita`,brewmaster,1741,2873,league_roster,geekin',lion,1139,1526,league_roster,tak pohuy,phoenix,942,1614,league_roster,Yuma,ursa,2858,5170,league_roster,a,primal_beast,1971,3538,league_roster,Wisper,tidehunter,2163,4382,league_roster,Rita,skywrath_mage,986,1408,league_roster,марсианин,shadow_demon,1068,1615,league_roster
19435,PGL Wallachia 2026 Season 7,8720719328,NMSS,XG,XG,horndog mindset,razor,2684,4556,fallback_lh5,Azor Ahai,void_spirit,2484,4187,fallback_lh5,x,mars,2024,3689,fallback_lh5,Q,jakiro,1080,1785,fallback_lh5,ty,ringmaster,915,1259,fallback_lh5,念头通达,nevermore,2996,4719,league_roster,g-!,queenofpain,2478,4013,league_roster,¿,primal_beast,2036,3731,league_roster,其疾如风,tiny,945,1336,league_roster,`{#,bane,937,1196,league_roster
19435,PGL Wallachia 2026 Season 7,8720777640,Aurora,HEROIC,Aurora,08:08,nevermore,2465,4328,league_roster,River in Flow,sniper,1741,3650,league_roster,Shenorita`,primal_beast,2316,3977,league_roster,0#,shadow_shaman,1050,1549,league_roster,tak pohuy,phoenix,974,1861,league_roster,\6$,weaver,3003,4632,league_roster,a,viper,2268,4228,league_roster,Wisper,pudge,2282,3764,league_roster,Rita,jakiro,1023,2041,league_roster,Z#,treant,1011,1579,league_roster
19435,PGL Wallachia 2026 Season 7,8720834598,OG,BetBoom,BetBoom,sonny hayes,abaddon,2559,4265,league_roster,Rasmus?,primal_beast,1370,2571,league_roster,Money for Nothing,brewmaster,2191,3028,fallback_lh5,)-$,shadow_demon,1342,1845,league_roster,mamba24,mirana,782,1473,league_roster,Naruto~,templar_assassin,2710,4718,league_roster,стать человеком,queenofpain,2777,4277,league_roster,Badwater,mars,2044,3487,league_roster,"0""""",lion,1128,1339,league_roster,smoke,jakiro,943,1432,league_roster
19435,PGL Wallachia 2026 Season 7,8720864986,Aurora,HEROIC,HEROIC,08:08,nevermore,3263,5756,league_roster,River in Flow,beastmaster,2689,4791,league_roster,'$,mars,2283,4396,league_roster,geekin',lion,966,1551,league_roster,tak pohuy,warlock,1328,2357,league_roster,Yuma,meepo,2162,3839,league_roster,a,viper,2915,4899,league_roster,Wisper,dark_seer,2178,3906,league_roster,Rita,shadow_demon,974,1560,league_roster,марсианин,rattletrap,901,1902,league_roster
19435,PGL Wallachia 2026 Season 7,8720945912,OG,BetBoom,BetBoom,sonny hayes,kez,2223,4373,league_roster,Rasmus?,monkey_king,2730,4377,league_roster,Money for Nothing,dark_seer,2586,4819,fallback_lh5,BOSSATAN,hoodwink,1437,2543,league_roster,mamba24,jakiro,992,1807,league_roster,pHC#,nevermore,2588,3688,league_roster,стать человеком,ember_spirit,1538,2683,league_roster,R#$,slardar,2067,3762,league_roster,shadow-,ringmaster,1280,1820,league_roster,smoke,tusk,1067,1772,league_roster
19435,PGL Wallachia 2026 Season 7,8720994008,PV,NAVI,PV,QJ$,kez,2271,4137,league_roster,$~$,tinker,2314,4164,league_roster,"Nah, I'd adapt",mars,2223,3575,league_roster,Pele,techies,683,1383,league_roster,Dukalis,shadow_shaman,1424,1868,league_roster,3!,razor,2073,4383,league_roster,ссс,ember_spirit,2382,4321,league_roster,everything i have,centaur,2029,3595,league_roster,p$,earth_spirit,1109,1531,league_roster,Jonny,ancient_apparition,903,1475,league_roster
19435,PGL Wallachia 2026 Season 7,8721082163,YeS,Tundra,Tundra,5k elo,keeper_of_the_light,2444,3699,fallback_lh5,maelle,windrunner,2142,3925,fallback_lh5,Какая дрянь.,mars,2101,3492,fallback_lh5,Мечта.,ringmaster,766,1360,fallback_lh5,slime season 3,shadow_demon,706,1276,fallback_lh5,BURRO,templar_assassin,2752,4054,fallback_lh5,шапира-,void_spirit,2658,4601,league_roster,not human (животное),beastmaster,2073,3848,league_roster,Lyagushka,shadow_shaman,1185,2034,league_roster,0E$,chen,925,1742,league_roster
19435,PGL Wallachia 2026 Season 7,8721141561,NAVI,PV,PV,No Mercy,sven,2242,4693,league_roster,iF$,queenofpain,2097,3935,league_roster,`>R$,centaur,2436,3941,league_roster,33a9ccc,treant,1079,1906,league_roster,Jonny,ancient_apparition,1316,1770,league_roster,....,clinkz,2634,4702,league_roster,Master of my fear,void_spirit,2496,4422,league_roster,"Nah, I'd adapt",largo,2608,4216,league_roster,Pele,earth_spirit,1122,1509,league_roster,Dukalis,disruptor,1095,1591,league_roster
19435,PGL Wallachia 2026 Season 7,8721178344,YeS,Tundra,Tundra,maelle,slark,2348,4064,fallback_lh5,Какая дрянь.,centaur,2293,3381,fallback_lh5,5k elo,puck,2168,3399,fallback_lh5,Мечта.,warlock,768,1220,fallback_lh5,slime season 3,earth_spirit,848,1118,fallback_lh5,BURRO,ursa,2839,5211,fallback_lh5,шапира-,void_spirit,2616,4677,league_roster,not human (животное),tidehunter,2293,4230,league_roster,Lyagushka,tiny,1059,1458,league_roster,3ـ!,phoenix,831,1275,league_roster
19435,PGL Wallachia 2026 Season 7,8721243604,FLCN,TSpirit,TSpirit,I m Going To Be The Best Carry,abaddon,2366,3735,league_roster,精神~,razor,2373,4253,league_roster,Marlin Smurf,mars,2852,4651,league_roster,Cr1t-,muerta,1101,2079,league_roster,Sneyking,jakiro,815,1494,league_roster,sui ishida,beastmaster,2552,3453,league_roster,попка,storm_spirit,2036,3857,league_roster,bruno,slardar,2146,3695,league_roster,123,shadow_shaman,1202,1658,fallback_lh5,sustain,phoenix,896,1670,league_roster
19435,PGL Wallachia 2026 Season 7,8721283256,TY,MOUZ,MOUZ,-,beastmaster,2723,4065,league_roster,$,puck,2680,3855,league_roster,P;$,doom_bringer,1901,3076,league_roster,"0b""",marci,1186,1717,league_roster,8#,tusk,1673,2045,league_roster,KITR,razor,2270,4227,league_roster,Satoru,ember_spirit,2673,4910,league_roster,0$,largo,2211,4060,league_roster,mid two,muerta,1402,1895,league_roster,Seleri,enchantress,1192,2033,fallback_lh5
19435,PGL Wallachia 2026 Season 7,8721358540,MOUZ,TY,TY,@E$,razor,2483,3733,league_roster,Satoru,void_spirit,2554,4222,league_roster,Strach,bristleback,2408,4273,league_roster,mid two,rattletrap,635,1209,league_roster,Seleri,warlock,1243,1831,fallback_lh5,-,templar_assassin,2551,5013,league_roster,CHIRA_JUNIOR,puck,2439,3687,league_roster,!!!,brewmaster,1817,3405,league_roster,lostreak chicken,shadow_shaman,1253,1507,league_roster,@ȵ'!,treant,1378,1810,league_roster
19435,PGL Wallachia 2026 Season 7,8721340466,TSpirit,FLCN,FLCN,sui ishida,beastmaster,2764,4793,league_roster,попка,puck,2147,3648,league_roster,bruno,shredder,1929,2879,league_roster,аP$,shadow_shaman,991,1233,fallback_lh5,sustain,jakiro,1692,2656,league_roster,I m Going To Be The Best Carry,kez,2210,4210,league_roster,精神~,razor,2310,3956,league_roster,Marlin Smurf,mars,2104,3946,league_roster,`$,lion,860,1591,league_roster,Sneyking,warlock,890,2075,league_roster
19435,PGL Wallachia 2026 Season 7,8721428939,MOUZ,TY,TY,KITR,nevermore,2166,3962,league_roster,Satoru,invoker,2243,3660,league_roster,$,mars,1969,2933,league_roster,mid two,nyx_assassin,1253,1832,league_roster,Seleri,warlock,845,1219,fallback_lh5,-,ursa,2706,4503,league_roster,CHIRA_JUNIOR,void_spirit,2509,3988,league_roster,!!!,batrider,2325,4349,league_roster,1)#,tiny,1222,1587,league_roster,Pohn Jork,dazzle,1444,2910,league_roster
19435,PGL Wallachia 2026 Season 7,8721437198,FLCN,TSpirit,TSpirit,!,dragon_knight,2290,3965,league_roster,精神~,ember_spirit,2050,4216,league_roster,`G$,razor,2295,3952,league_roster,Cr1t-,muerta,1058,1558,league_roster,Sneyking,pugna,1188,1808,league_roster,sui ishida,faceless_void,2072,3959,league_roster,попка,puck,2218,3943,league_roster,;%!,mars,1919,3596,league_roster,123,hoodwink,1262,1824,fallback_lh5,sustain,jakiro,938,1717,league_roster
19435,PGL Wallachia 2026 Season 7,8721929300,Aurora,Tundra,Aurora,08:08,life_stealer,2717,4776,league_roster,River in Flow,storm_spirit,2572,3837,league_roster,9$,largo,2183,3842,league_roster,geekin',shadow_shaman,1176,1737,league_roster,tak pohuy,phoenix,1344,2054,league_roster,BURRO,nevermore,3089,4665,fallback_lh5,шапира-,queenofpain,2698,5005,league_roster,not human (животное),centaur,2591,4438,league_roster,Lyagushka,hoodwink,1213,2316,league_roster,NongMon,treant,965,1837,league_roster
19435,PGL Wallachia 2026 Season 7,8721924004,XG,BetBoom,XG,念头通达,windrunner,2584,4690,league_roster,NothingToSay,ember_spirit,2331,4553,league_roster,¿,largo,2419,4208,league_roster,@C$,hoodwink,1023,1595,league_roster,z8$,disruptor,1100,1798,league_roster,Naruto~,ursa,2390,4430,league_roster,стать человеком,sand_king,2441,3924,league_roster,Badwater,batrider,1477,2378,league_roster,shadow-,tiny,1353,2042,league_roster,smoke,phoenix,1001,1897,league_roster
19435,PGL Wallachia 2026 Season 7,8721978267,Aurora,Tundra,Tundra,08:08,medusa,2676,4652,league_roster,River in Flow,ember_spirit,2147,3938,league_roster,y%,largo,2073,3460,league_roster,|%,dark_willow,751,1559,league_roster,tak pohuy,phoenix,926,2186,league_roster,BURRO,antimage,2689,4239,fallback_lh5,шапира-,nevermore,2141,4029,league_roster,not human (животное),doom_bringer,2662,4388,league_roster,Lyagushka,shadow_shaman,1109,1803,league_roster,NongMon,chen,1408,1890,league_roster
19435,PGL Wallachia 2026 Season 7,8721978320,XG,BetBoom,BetBoom,念头通达,windrunner,2373,3531,league_roster,NothingToSay,viper,2852,5275,league_roster,¿,brewmaster,2228,3802,league_roster,其疾如风,shadow_demon,832,1327,league_roster,+!,disruptor,588,1169,league_roster,Naruto~,sven,2573,4813,league_roster,&z%,invoker,1207,2066,league_roster,Badwater,slardar,2315,4099,league_roster,shadow-,shadow_shaman,1170,1855,league_roster,trimski,warlock,976,1845,league_roster
19435,PGL Wallachia 2026 Season 7,8722020996,Aurora,Tundra,Aurora,08:08,templar_assassin,2757,5088,league_roster,River in Flow,void_spirit,2188,3627,league_roster,0%,largo,2025,4091,league_roster,geekin',nyx_assassin,1165,2153,league_roster,tak pohuy,phoenix,1029,1931,league_roster,BURRO,sven,2762,4570,fallback_lh5,/{%,nevermore,2349,4472,league_roster,not human (животное),doom_bringer,2300,3875,league_roster,Lyagushka,hoodwink,1354,2266,league_roster,NongMon,chen,1044,1831,league_roster
19435,PGL Wallachia 2026 Season 7,8722041512,XG,BetBoom,XG,念头通达,terrorblade,2139,3887,league_roster,NothingToSay,puck,2556,4327,league_roster,¿,primal_beast,2126,3959,league_roster,其疾如风,shadow_demon,738,1311,league_roster,lavie,jakiro,751,1728,league_roster,"U""",dragon_knight,2654,4979,league_roster,w!,slardar,2577,4595,league_roster,Badwater,shredder,2032,3569,league_roster,shadow-,shadow_shaman,516,1209,league_roster,trimski,warlock,722,1791,league_roster
19435,PGL Wallachia 2026 Season 7,8722088275,VG,NAVI,NAVI,@\?$,marci,2807,5138,league_roster,^,beastmaster,2814,4849,league_roster,Bach,shredder,2200,3875,league_roster,?$,hoodwink,898,1621,fallback_lh5,不凡,shadow_demon,750,1344,league_roster,{%,gyrocopter,2702,4562,league_roster,ссс,storm_spirit,2280,4045,league_roster,everything i have,mars,2317,3654,league_roster,33a9ccc,earth_spirit,977,1458,league_roster,Jonny,phoenix,783,1405,league_roster
19435,PGL Wallachia 2026 Season 7,8722121500,FLCN,TY,TY,,abaddon,2394,3883,league_roster,精神~,razor,2445,3305,league_roster,Marlin Smurf,mars,2143,3496,league_roster,Cr1t-,muerta,802,1048,league_roster,Sneyking,shadow_shaman,924,1436,league_roster,-,templar_assassin,2827,4911,league_roster,CHIRA_JUNIOR,storm_spirit,2362,4098,league_roster,!!!,batrider,2250,3842,league_roster,lostreak chicken,tiny,1252,2222,league_roster,Pohn Jork,jakiro,1340,1916,league_roster
19435,PGL Wallachia 2026 Season 7,8722174800,VG,NAVI,VG,Roselia,marci,2857,4803,league_roster,4s!,leshrac,3105,4726,league_roster,Bach,primal_beast,2050,3789,league_roster,镜,dark_willow,945,1917,fallback_lh5,Єs!,phoenix,1719,2495,league_roster,No Mercy,kez,3092,4995,league_roster,ссс,storm_spirit,2344,3998,league_roster,everything i have,largo,1644,3017,league_roster,33a9ccc,earth_spirit,919,1350,league_roster,5!,warlock,1316,2754,league_roster
19435,PGL Wallachia 2026 Season 7,8722211166,TY,FLCN,TY,-,templar_assassin,2968,4639,league_roster,CHIRA_JUNIOR,slardar,2603,4428,league_roster,!!!,dark_seer,2405,4115,league_roster,lostreak chicken,tiny,1113,2038,league_roster,Pohn Jork,jakiro,1210,1647,league_roster,I m Going To Be The Best Carry,sven,2414,4542,league_roster,Pƌ$,puck,1997,3569,league_roster,B!,mars,1927,3513,league_roster,Cr1t-,shadow_demon,1044,1677,league_roster,Sneyking,phoenix,800,1301,league_roster
19435,PGL Wallachia 2026 Season 7,8722265503,VG,NAVI,NAVI,`8j$,muerta,2704,4935,league_roster,<8j$,puck,2255,4289,league_roster,Bach,centaur,2181,3676,league_roster,镜,spirit_breaker,1136,1673,fallback_lh5,`8j$,phoenix,845,1543,league_roster,No Mercy,omniknight,3070,4947,league_roster,ссс,kez,2880,5070,league_roster,everything i have,bristleback,1893,3135,league_roster,33a9ccc,nyx_assassin,846,1232,league_roster,Jonny,warlock,937,1353,league_roster
19435,PGL Wallachia 2026 Season 7,8722308255,NMSS,YeS,YeS,horndog mindset,kez,2732,4225,fallback_lh5,0on#,puck,2185,3958,fallback_lh5,x,bristleback,1990,3753,fallback_lh5,'H,shadow_demon,1245,1854,fallback_lh5,ty,jakiro,1082,1752,fallback_lh5,maelle,muerta,2683,4787,fallback_lh5,мусор,dragon_knight,2557,4067,fallback_lh5,Какая дрянь.,mars,2101,3448,fallback_lh5,pop out,shadow_shaman,895,2147,fallback_lh5,Мечта.,warlock,1052,1603,fallback_lh5
19435,PGL Wallachia 2026 Season 7,8722413679,YeS,NMSS,YeS,maelle,ursa,2979,4997,fallback_lh5,Какая дрянь.,brewmaster,2048,3615,fallback_lh5,мусор,void_spirit,2322,4063,fallback_lh5,Мечта.,warlock,1070,1754,fallback_lh5,pop out,dark_willow,1169,1789,fallback_lh5,x,primal_beast,2297,4514,fallback_lh5,Pasagdi mag luto!,slardar,2264,3765,fallback_lh5,horndog mindset,sven,1997,3601,fallback_lh5,ty,phoenix,1341,1931,fallback_lh5,Q,muerta,980,1630,fallback_lh5
19435,PGL Wallachia 2026 Season 7,8722402149,PV,Liquid,Liquid,....,muerta,2804,4556,league_roster,Master of my fear,tidehunter,2262,4028,league_roster,"Nah, I'd adapt",batrider,2114,3423,league_roster,Pele,earth_spirit,929,1260,league_roster,"p""4%",bane,994,1469,league_roster,yondaime,windrunner,2602,4265,league_roster,мусор,ember_spirit,2593,4366,league_roster,50centaur,largo,2466,3626,league_roster,Boxi,lion,1171,2101,league_roster,@!,jakiro,964,1625,league_roster
19435,PGL Wallachia 2026 Season 7,8722516483,OG,MOUZ,OG,sonny hayes,templar_assassin,2653,4556,league_roster,Rasmus?,queenofpain,1717,3163,league_roster,0h%,primal_beast,2209,4039,fallback_lh5,BOSSATAN,hoodwink,951,1416,league_roster,mamba24,chen,1235,1876,league_roster,?%,dragon_knight,2327,4271,league_roster,Satoru,tiny,2286,3713,league_roster,Strach,bristleback,2511,4395,league_roster,mid two,jakiro,981,1711,league_roster,Seleri,warlock,756,1404,fallback_lh5
19435,PGL Wallachia 2026 Season 7,8722527581,Liquid,PV,Liquid,yondaime,windrunner,3109,5138,league_roster,мусор,void_spirit,2437,4409,league_roster,50centaur,largo,2368,4097,league_roster,5$,tusk,1138,1421,league_roster,tOfu,jakiro,1084,1865,league_roster,....,faceless_void,2732,4115,league_roster,Master of my fear,tinker,2510,4509,league_roster,m.!,batrider,2115,3150,league_roster,Pele,tiny,1017,1786,league_roster,Dukalis,chen,1355,2328,league_roster
19435,PGL Wallachia 2026 Season 7,8722615864,MOUZ,OG,MOUZ,KITR,templar_assassin,2785,4634,league_roster,Satoru,ember_spirit,2010,3274,league_roster,Strach,dark_seer,2066,4062,league_roster,mid two,tusk,1226,1568,league_roster,Seleri,chen,1054,2073,fallback_lh5,sonny hayes,razor,3146,5728,league_roster,Rasmus?,monkey_king,2884,4628,league_roster,Money for Nothing,bristleback,2014,3351,fallback_lh5,BOSSATAN,hoodwink,1278,1921,league_roster,mamba24,keeper_of_the_light,1351,2056,league_roster
19435,PGL Wallachia 2026 Season 7,8722621723,TSpirit,HEROIC,HEROIC,sui ishida,weaver,2618,4142,league_roster,0%,beastmaster,1774,3424,league_roster,bruno,slardar,2096,3310,league_roster,123,shadow_shaman,988,1300,fallback_lh5,sustain,phoenix,950,1260,league_roster,Yuma,ursa,2436,4369,league_roster,a,viper,2800,4433,league_roster,?,kunkka,2280,4445,league_roster,Rita,jakiro,1296,2195,league_roster,марсианин,warlock,1124,2088,league_roster
19435,PGL Wallachia 2026 Season 7,8722692770,MOUZ,OG,OG,8%,nevermore,2143,3659,league_roster,Satoru,void_spirit,2274,3923,league_roster,8%,slardar,2450,4226,league_roster,mid two,marci,1258,1534,league_roster,Seleri,jakiro,1107,1670,fallback_lh5,sonny hayes,razor,1938,3582,league_roster,Rasmus?,puck,2423,3786,league_roster,Money for Nothing,largo,2417,4002,fallback_lh5,BOSSATAN,hoodwink,1347,1973,league_roster,mamba24,enchantress,1052,1980,league_roster
19435,PGL Wallachia 2026 Season 7,8722703843,HEROIC,TSpirit,TSpirit,`R%,ursa,2534,4475,league_roster,a,viper,2543,3950,league_roster,Wisper,kunkka,2496,5102,league_roster,Rita,tusk,1181,1846,league_roster,марсианин,warlock,1116,1944,league_roster,&,beastmaster,2377,3857,league_roster,попка,invoker,1516,3101,league_roster,&,mars,2285,3728,league_roster,123,shadow_shaman,1271,1982,fallback_lh5,sustain,phoenix,1379,1972,league_roster
19435,PGL Wallachia 2026 Season 7,8722783850,HEROIC,TSpirit,TSpirit,Yuma,windrunner,2259,3925,league_roster,a,primal_beast,2531,3839,league_roster,J{#,tidehunter,1878,3135,league_roster,Rita,shadow_shaman,1143,1709,league_roster,марсианин,shadow_demon,1148,1593,league_roster,sui ishida,luna,2475,4331,league_roster,попка,puck,2451,3603,league_roster,!,pangolier,2024,3480,league_roster,123,jakiro,988,1254,fallback_lh5,sustain,rattletrap,971,1500,league_roster
19435,PGL Wallachia 2026 Season 7,8723196697,BetBoom,YeS,BetBoom,Naruto~,nevermore,2619,4458,league_roster,стать человеком,void_spirit,2513,4105,league_roster,Badwater,doom_bringer,2454,4497,league_roster,P9&,shadow_shaman,1032,1518,league_roster,trimski,bane,1039,1391,league_roster,мусор,puck,2500,3998,fallback_lh5,maelle,medusa,2263,4007,fallback_lh5,Какая дрянь.,mars,1786,2962,fallback_lh5,Мечта.,jakiro,766,1119,fallback_lh5,pop out,dark_willow,1042,1328,fallback_lh5
19435,PGL Wallachia 2026 Season 7,8723196309,PV,TY,PV,....,templar_assassin,2735,4929,league_roster,Master of my fear,beastmaster,2956,4658,league_roster,"Nah, I'd adapt",mars,2011,3670,league_roster,Pele,spirit_breaker,1288,1658,league_roster,Dukalis,ringmaster,992,1539,league_roster,-,kez,3353,5048,league_roster,j4!,puck,2385,4382,league_roster,!!!,bristleback,2329,4229,league_roster,lostreak chicken,tiny,1300,1989,league_roster,Pohn Jork,chen,1294,2266,league_roster
19435,PGL Wallachia 2026 Season 7,8723242140,BetBoom,YeS,BetBoom,Naruto~,muerta,2223,3987,league_roster,стать человеком,huskar,2770,5019,league_roster,Badwater,necrolyte,2611,4381,league_roster,Pain-,tiny,1269,1624,league_roster,@%,jakiro,1311,1594,league_roster,maelle,life_stealer,2423,4128,fallback_lh5,Какая дрянь.,brewmaster,1449,2440,fallback_lh5,мусор,ember_spirit,1977,2701,fallback_lh5,Мечта.,warlock,976,1400,fallback_lh5,&!,dark_willow,643,1377,fallback_lh5
19435,PGL Wallachia 2026 Season 7,8723248847,TY,PV,TY,-,dragon_knight,2941,5303,league_roster,CHIRA_JUNIOR,slardar,2867,5001,league_roster,!!!,kunkka,2470,4167,league_roster,lostreak chicken,shadow_demon,1069,1983,league_roster,Pohn Jork,jakiro,1671,2292,league_roster,$,clinkz,2314,4048,league_roster,Master of my fear,tinker,2574,4536,league_roster,"Nah, I'd adapt",centaur,1694,3202,league_roster,"Pn8G""",shadow_shaman,1232,1846,league_roster,Dukalis,ogre_magi,680,1412,league_roster
19435,PGL Wallachia 2026 Season 7,8723283424,VG,FLCN,FLCN,ZA%,templar_assassin,2850,5121,league_roster,A%,storm_spirit,2756,4798,league_roster,Bach,abyssal_underlord,2078,4340,league_roster,ZA%,dark_willow,990,1840,fallback_lh5,A%,jakiro,908,1372,league_roster,I m Going To Be The Best Carry,ursa,2393,3521,league_roster,精神~,ember_spirit,2264,4212,league_roster,O&,bristleback,2022,3790,league_roster,Cr1t-,shadow_shaman,1144,2006,league_roster,Sneyking,chen,1075,1789,league_roster
19435,PGL Wallachia 2026 Season 7,8723300566,TY,PV,TY,-,windrunner,2357,3972,league_roster,CHIRA_JUNIOR,queenofpain,1718,3061,league_roster,!!!,largo,2582,3659,league_roster,Ռ!,shadow_shaman,1394,2041,league_roster,Pohn Jork,dazzle,1173,1442,league_roster,E&,nevermore,2509,4135,league_roster,Master of my fear,viper,2351,4389,league_roster,"Nah, I'd adapt",slardar,2178,3844,league_roster,X^&,tiny,974,1414,league_roster,Dukalis,jakiro,721,1321,league_roster
19435,PGL Wallachia 2026 Season 7,8723337453,VG,FLCN,VG,`Z&,windrunner,2392,3924,league_roster,Z&,tiny,2612,4164,league_roster,0Z&,mars,2222,4102,league_roster,Z&,grimstroke,1059,2207,fallback_lh5,Z&,jakiro,964,1742,league_roster,I m Going To Be The Best Carry,nevermore,2456,4056,league_roster,.&,storm_spirit,2528,4410,league_roster,Marlin Smurf,pangolier,2064,3857,league_roster,Cr1t-,muerta,966,1418,league_roster,Sneyking,shadow_shaman,1251,1568,league_roster
19435,PGL Wallachia 2026 Season 7,8723375013,XG,Aurora,Aurora,念头通达,terrorblade,3005,4654,league_roster,0/&,puck,2182,3887,league_roster,¿,mars,2373,3600,league_roster,其疾如风,treant,1024,1422,league_roster,lavie,ancient_apparition,716,1307,league_roster,08:08,abaddon,2725,4789,league_roster,River in Flow,void_spirit,2988,4577,league_roster,Shenorita`,bristleback,2196,4360,league_roster,geekin',shadow_shaman,1062,1800,league_roster,tak pohuy,warlock,1064,1675,league_roster
19435,PGL Wallachia 2026 Season 7,8723405985,VG,FLCN,VG,Roselia,terrorblade,2510,3901,league_roster,^,tiny,2204,4359,league_roster,Bach,shredder,1885,3162,league_roster,镜,keeper_of_the_light,1059,1710,fallback_lh5,p#,jakiro,1361,1850,league_roster,=5!,necrolyte,2839,5187,league_roster,精神~,storm_spirit,2862,4722,league_roster,Marlin Smurf,bristleback,2307,4767,league_roster,Cr1t-,shadow_shaman,1388,2055,league_roster,k]&,chen,913,1550,league_roster
19435,PGL Wallachia 2026 Season 7,8723443986,Aurora,XG,XG,08:08,abaddon,2369,4217,league_roster,River in Flow,invoker,2436,3648,league_roster,Shenorita`,mars,2571,4418,league_roster,PQs&,tiny,1041,1497,league_roster,tak pohuy,jakiro,631,1472,league_roster,念头通达,dragon_knight,2766,4737,league_roster,NothingToSay,ember_spirit,2039,3561,league_roster,¿,slardar,1931,3252,league_roster,,shadow_demon,827,1238,league_roster,lavie,ringmaster,1146,1299,league_roster
19435,PGL Wallachia 2026 Season 7,8723481092,OG,Tundra,OG,sonny hayes,clinkz,2873,4660,league_roster,Rasmus?,dragon_knight,2330,4055,league_roster,Money for Nothing,dark_seer,1981,3827,fallback_lh5,BOSSATAN,tiny,1079,1595,league_roster,mamba24,venomancer,1064,1954,league_roster,BURRO,nevermore,3046,5199,fallback_lh5,шапира-,ember_spirit,1746,3747,league_roster,not human (животное),centaur,2580,4241,league_roster,Lyagushka,keeper_of_the_light,802,1614,league_roster,F[&,jakiro,1252,1612,league_roster
19435,PGL Wallachia 2026 Season 7,8723528740,XG,Aurora,Aurora,念头通达,medusa,2516,4315,league_roster,NothingToSay,void_spirit,2869,4473,league_roster,¿,mars,2122,3435,league_roster,g%,lion,844,1385,league_roster,lavie,chen,835,1194,league_roster,08:08,templar_assassin,2676,4676,league_roster,River in Flow,puck,2529,3687,league_roster,Shenorita`,shredder,2377,4614,league_roster,geekin',shadow_demon,1024,1328,league_roster,tak pohuy,jakiro,1144,1789,league_roster
19435,PGL Wallachia 2026 Season 7,8723594304,Tundra,OG,Tundra,BURRO,nevermore,2413,4244,fallback_lh5,%,void_spirit,2403,3945,league_roster,not human (животное),tidehunter,2112,3535,league_roster,Lyagushka,shadow_shaman,1075,1537,league_roster,@%,warlock,895,1089,league_roster,sonny hayes,bristleback,2866,5106,league_roster,Rasmus?,puck,2046,3363,league_roster,Money for Nothing,brewmaster,1919,3578,fallback_lh5,xc&,shadow_demon,729,1106,league_roster,mamba24,keeper_of_the_light,1047,1795,league_roster
19435,PGL Wallachia 2026 Season 7,8723608534,NAVI,HEROIC,HEROIC,Po&,templar_assassin,2330,4596,league_roster,ссс,kez,2719,4657,league_roster,everything i have,dawnbreaker,2210,3659,league_roster,33a9ccc,nyx_assassin,1403,1736,league_roster,Jonny,warlock,1239,1371,league_roster,Yuma,nevermore,2178,4524,league_roster,a,bristleback,2553,4423,league_roster,0}l&,pudge,2238,3106,league_roster,Rita,shadow_shaman,1373,2256,league_roster,марсианин,bane,1079,1641,league_roster
19435,PGL Wallachia 2026 Season 7,8723682107,OG,Tundra,Tundra,sonny hayes,razor,2983,4635,league_roster,Rasmus?,ember_spirit,2461,4277,league_roster,b&,abyssal_underlord,2578,4698,fallback_lh5,BOSSATAN,shadow_demon,996,1846,league_roster,mamba24,jakiro,1207,1763,league_roster,BURRO,morphling,2407,3901,fallback_lh5,P6$,beastmaster,2769,4713,league_roster,not human (животное),shredder,2102,3906,league_roster,Lyagushka,shadow_shaman,1082,2393,league_roster,NongMon,warlock,1268,1632,league_roster
19435,PGL Wallachia 2026 Season 7,8723689693,HEROIC,NAVI,NAVI,Yuma,ursa,3009,4982,league_roster,a,primal_beast,2328,3932,league_roster,Wisper,dark_seer,2450,4915,league_roster,Rita,tiny,1339,1925,league_roster,марсианин,warlock,1155,2010,league_roster,No Mercy,faceless_void,2504,4499,league_roster,ссс,puck,2624,4142,league_roster,everything i have,bristleback,2160,3735,league_roster,33a9ccc,shadow_shaman,1006,1419,league_roster,@;l$,phoenix,1014,1822,league_roster
19435,PGL Wallachia 2026 Season 7,8723788376,HEROIC,NAVI,HEROIC,Yuma,muerta,2833,4320,league_roster,a,viper,2034,3728,league_roster,2&,bristleback,2539,4588,league_roster,Rita,shadow_shaman,1194,1516,league_roster,марсианин,warlock,1066,1410,league_roster,No Mercy,broodmother,2683,4879,league_roster,ссс,kez,1215,2734,league_roster,everything i have,razor,1637,2955,league_roster,33a9ccc,phoenix,772,1472,league_roster,}$$,jakiro,1280,2068,league_roster
19435,PGL Wallachia 2026 Season 7,8724376776,VG,XG,VG,Roselia,windrunner,2528,4633,league_roster,^,slardar,2894,4547,league_roster,Bach,mars,2464,4056,league_roster,1R,faceless_void,1073,1964,fallback_lh5,宇宙にきらめく エメラルド,jakiro,1593,2373,league_roster,1S,nevermore,2706,4750,league_roster,NothingToSay,primal_beast,1650,3125,league_roster,¿,batrider,2625,4151,league_roster,其疾如风,tiny,971,1459,league_roster,|7Q,warlock,1156,1908,league_roster
19435,PGL Wallachia 2026 Season 7,8724410677,XG,VG,XG,念头通达,beastmaster,2839,5106,league_roster,NothingToSay,razor,2453,3911,league_roster,¿,batrider,2459,4378,league_roster,其疾如风,shadow_shaman,1097,1536,league_roster,lavie,phoenix,1079,1985,league_roster,b1S,gyrocopter,2528,3841,league_roster,M~R,sniper,2707,4309,league_roster,Bach,slardar,2298,3273,league_roster,P%A3S,windrunner,988,1605,fallback_lh5,宇宙にきらめく エメラルド,treant,1095,1556,league_roster
19435,PGL Wallachia 2026 Season 7,8724456836,VG,XG,VG,Roselia,nevermore,2408,4593,league_roster,^,beastmaster,2435,4236,league_roster,Bach,dark_seer,1753,2977,league_roster,镜,tiny,902,1408,fallback_lh5,宇宙にきらめく エメラルド,phoenix,784,1818,league_roster,念头通达,kez,2595,4673,league_roster,NothingToSay,ember_spirit,2325,4265,league_roster,¿,bristleback,2390,3873,league_roster,其疾如风,hoodwink,1279,1909,league_roster,lavie,treant,1095,1996,league_roster
19435,PGL Wallachia 2026 Season 7,8724530876,BetBoom,NAVI,BetBoom,Naruto~,ursa,2515,4148,league_roster,освобождение,void_spirit,2689,4978,league_roster,ءS,centaur,2440,4733,league_roster,Pain-,ringmaster,1331,2519,league_roster,trimski,jakiro,768,1322,league_roster,No Mercy,sven,2415,4098,league_roster,ссс,puck,2106,3803,league_roster,everything i have,mars,1999,3220,league_roster,33a9ccc,earth_spirit,866,1535,league_roster,iS,ancient_apparition,747,870,league_roster
19435,PGL Wallachia 2026 Season 7,8724596548,BetBoom,NAVI,BetBoom,Naruto~,ursa,2053,4239,league_roster,освобождение,ember_spirit,2531,4430,league_roster,Badwater,slardar,1922,3168,league_roster,Pain-,shadow_demon,985,1993,league_roster,[JQ,warlock,1132,1966,league_roster,No Mercy,troll_warlord,2469,4282,league_roster,?JQ,storm_spirit,2510,4559,league_roster,everything i have,mars,1739,2721,league_roster,33a9ccc,nyx_assassin,1111,1304,league_roster,Jonny,jakiro,1273,1938,league_roster
19435,PGL Wallachia 2026 Season 7,8724677097,Tundra,PV,PV,BURRO,faceless_void,2004,3233,fallback_lh5,шапира-,beastmaster,2388,4653,league_roster,not human (животное),shredder,2037,3505,league_roster,Lyagushka,tiny,933,1587,league_roster,NongMon,phoenix,678,1043,league_roster,....,weaver,2346,4344,league_roster,fTT,tinker,1614,3179,league_roster,"Nah, I'd adapt",doom_bringer,2495,4074,league_roster,Pele,ringmaster,913,1521,league_roster,Dukalis,treant,1211,1691,league_roster
19435,PGL Wallachia 2026 Season 7,8724788453,PV,Tundra,Tundra,@Of*T,clinkz,3043,4534,league_roster,ǇT,slardar,2370,4077,league_roster,f*T,bristleback,2419,4686,league_roster,@&T,ringmaster,1382,2031,league_roster,Dukalis,treant,1342,2063,league_roster,BURRO,muerta,2438,4203,fallback_lh5,шапира-,invoker,2300,3324,league_roster,not human (животное),tidehunter,1702,2671,league_roster,Lyagushka,shadow_shaman,941,1050,league_roster,NongMon,warlock,1217,1745,league_roster
19435,PGL Wallachia 2026 Season 7,8724909631,Tundra,PV,Tundra,BURRO,templar_assassin,2380,4980,fallback_lh5,шапира-,earthshaker,2535,3901,league_roster,not human (животное),shredder,1882,3189,league_roster,Lyagushka,shadow_demon,1116,1420,league_roster,NongMon,jakiro,743,1290,league_roster,B}S,luna,2728,4794,league_roster,Master of my fear,tiny,2496,3835,league_roster,"Nah, I'd adapt",abyssal_underlord,2562,4518,league_roster,Pele,keeper_of_the_light,908,1275,league_roster,Dukalis,shadow_shaman,1165,2191,league_roster
19435,PGL Wallachia 2026 Season 7,8725587289,BetBoom,HEROIC,BetBoom,q2,nevermore,2585,3800,league_roster,`V,ember_spirit,2203,3835,league_roster,`,marci,1904,2970,league_roster,-,shadow_demon,2021,2984,league_roster,trimski,treant,1088,1927,league_roster,"""a",gyrocopter,2460,4675,league_roster,a,razor,2245,4045,league_roster,Wisper,pudge,2520,3583,league_roster,Rita,shadow_shaman,1137,1989,league_roster,"Л,",dazzle,1368,1917,league_roster
19435,PGL Wallachia 2026 Season 7,8725631999,BetBoom,HEROIC,BetBoom,Naruto~,marci,2808,5564,league_roster,М,beastmaster,2816,4905,league_roster,Badwater,centaur,2189,3602,league_roster,pw,shadow_shaman,1340,2173,league_roster,},wisp,1064,1974,league_roster,"0,",gyrocopter,2775,5004,league_roster,a,ember_spirit,2016,3826,league_roster,Wisper,largo,1961,2507,league_roster,Rita,dark_willow,1035,1615,league_roster,[|,tusk,1041,1486,league_roster
19435,PGL Wallachia 2026 Season 7,8725691886,VG,TSpirit,TSpirit,Roselia,sven,1849,3377,league_roster,^,sniper,3069,4641,league_roster,Bach,mars,2430,4575,league_roster,镜,shadow_shaman,1030,1808,fallback_lh5,宇宙にきらめく エメラルド,phoenix,1004,1639,league_roster,sui ishida,nevermore,2304,4070,league_roster,попка,tiny,2619,4702,league_roster,bruno,pangolier,2443,4527,league_roster,+,hoodwink,877,1740,fallback_lh5,sustain,naga_siren,906,2100,league_roster
19435,PGL Wallachia 2026 Season 7,8725754719,VG,TSpirit,TSpirit,Roselia,dragon_knight,2560,4099,league_roster,^,ember_spirit,2483,4158,league_roster,`~݃,mars,2067,3659,league_roster,镜,ringmaster,848,1434,fallback_lh5,,warlock,1450,2096,league_roster,sui ishida,nevermore,2796,5769,league_roster,попка,puck,2482,4532,league_roster,bruno,slardar,2120,3316,league_roster,123,tiny,1252,1668,fallback_lh5,sustain,hoodwink,976,1553,league_roster
19435,PGL Wallachia 2026 Season 7,8725859222,Aurora,TY,TY,08:08,abaddon,2905,4469,league_roster,River in Flow,void_spirit,2298,3446,league_roster,Shenorita`,viper,2008,3444,league_roster,B,tiny,1032,1348,league_roster,tak pohuy,shadow_demon,1021,1333,league_roster,#=,templar_assassin,3044,4875,league_roster,CHIRA_JUNIOR,slardar,2920,4837,league_roster,!!!,brewmaster,1814,3098,league_roster,lostreak chicken,shadow_shaman,1216,1660,league_roster,#,treant,1630,2182,league_roster
19435,PGL Wallachia 2026 Season 7,8725948543,Aurora,TY,Aurora,08:08,luna,2868,4890,league_roster,River in Flow,puck,2640,4642,league_roster,Shenorita`,mars,2382,4016,league_roster,0~z,shadow_demon,908,1832,league_roster,tak pohuy,pugna,805,1427,league_roster,-,beastmaster,2849,4935,league_roster,CHIRA_JUNIOR,slardar,2480,4174,league_roster,K,brewmaster,1926,4459,league_roster,P^4,tusk,1042,1798,league_roster,Pohn Jork,jakiro,959,2099,league_roster
19435,PGL Wallachia 2026 Season 7,8726072029,Aurora,TY,TY,08:08,templar_assassin,2953,5284,league_roster,River in Flow,storm_spirit,2396,4203,league_roster,Shenorita`,tidehunter,1870,2812,league_roster,geekin',lion,797,1306,league_roster,tak pohuy,warlock,523,1168,league_roster,-,medusa,2909,5353,league_roster,CHIRA_JUNIOR,invoker,2577,4371,league_roster,0,centaur,2222,3477,league_roster,lostreak chicken,shadow_demon,913,1533,league_roster,Pohn Jork,treant,1664,2181,league_roster
19435,PGL Wallachia 2026 Season 7,8726165528,Tundra,Liquid,Tundra,BURRO,meepo,2085,4365,fallback_lh5,@,tiny,2630,4238,league_roster,not human (животное),doom_bringer,2302,3586,league_roster,Lyagushka,keeper_of_the_light,1470,2272,league_roster,NongMon,treant,965,1354,league_roster,I?,bristleback,2105,3365,league_roster,мусор,ember_spirit,1895,2990,league_roster,50centaur,mars,2470,4268,league_roster,Boxi,shadow_shaman,804,1066,league_roster,tOfu,mirana,839,1087,league_roster
19435,PGL Wallachia 2026 Season 7,8726240884,Tundra,Liquid,Liquid,BURRO,gyrocopter,2322,3536,fallback_lh5,L,huskar,2692,4425,league_roster,not human (животное),tidehunter,1812,3388,league_roster,Lyagushka,shadow_shaman,1121,1544,league_roster,Pi,warlock,909,1057,league_roster,yondaime,monkey_king,2895,5020,league_roster,мусор,tiny,1810,3370,league_roster,50centaur,bristleback,2711,4557,league_roster,,marci,1109,1551,league_roster,*,jakiro,1071,2016,league_roster
19435,PGL Wallachia 2026 Season 7,8726310679,Tundra,Liquid,Liquid,BURRO,bristleback,2541,4008,fallback_lh5,шапира-,void_spirit,2231,3441,league_roster,not human (животное),batrider,1993,3471,league_roster,Lyagushka,keeper_of_the_light,1070,2111,league_roster,NongMon,bane,787,1083,league_roster,yondaime,windrunner,2975,5298,league_roster,мусор,storm_spirit,2888,4354,league_roster,50centaur,mars,2169,3677,league_roster,Boxi,shadow_demon,1168,1783,league_roster,(z,oracle,1380,1794,league_roster
19435,PGL Wallachia 2026 Season 7,8726823865,VG,HEROIC,HEROIC,Roselia,beastmaster,2351,4055,league_roster,^,storm_spirit,2252,3994,league_roster,/go,mars,1931,3009,league_roster,镜,ancient_apparition,764,1182,fallback_lh5,宇宙にきらめく エメラルド,jakiro,853,1324,league_roster,Yuma,ursa,2643,4959,league_roster,a,bristleback,3254,5179,league_roster,Wisper,dark_seer,2965,5465,league_roster,Rita,shadow_shaman,1249,2635,league_roster,марсианин,treant,1375,2132,league_roster
19435,PGL Wallachia 2026 Season 7,8726866965,VG,HEROIC,VG,Roselia,templar_assassin,2627,4656,league_roster,Po,puck,2469,4193,league_roster,Bach,mars,1695,3155,league_roster,镜,faceless_void,1358,2093,fallback_lh5,peo,jakiro,1217,1780,league_roster,Yuma,nevermore,2344,4145,league_roster,a,void_spirit,2240,3582,league_roster,ྞp,beastmaster,2714,4925,league_roster,Rita,shadow_shaman,1115,1931,league_roster,марсианин,warlock,1066,2142,league_roster
19435,PGL Wallachia 2026 Season 7,8726925455,VG,HEROIC,HEROIC,`n,windrunner,2211,3841,league_roster,˸n,tiny,2293,4212,league_roster,66q,brewmaster,2588,4171,league_roster,p,phoenix,1186,1750,fallback_lh5,`n,jakiro,1006,1330,league_roster,0$Bq,nevermore,2851,4765,league_roster,a,beastmaster,2723,4566,league_roster,Wisper,shredder,2227,3539,league_roster,Rita,shadow_shaman,1114,1955,league_roster,@$Bq,shadow_demon,956,1626,league_roster
19435,PGL Wallachia 2026 Season 7,8727000120,Tundra,Aurora,Aurora,BURRO,luna,2454,4221,fallback_lh5,P|o,invoker,2047,3349,league_roster,Ё<q,tidehunter,2461,4509,league_roster,Lyagushka,shadow_shaman,747,1213,league_roster,mOp,warlock,1001,1495,league_roster,08:08,windrunner,2457,4178,league_roster,River in Flow,void_spirit,2699,4418,league_roster,@գn,brewmaster,1893,4083,league_roster,geekin',shadow_demon,904,1383,league_roster,tak pohuy,jakiro,902,1333,league_roster
19435,PGL Wallachia 2026 Season 7,8727085868,Aurora,Tundra,Tundra,08:08,windrunner,2772,4213,league_roster,River in Flow,ember_spirit,2150,3469,league_roster,Shenorita`,shredder,2365,4308,league_roster,geekin',tiny,1083,1267,league_roster,tak pohuy,phoenix,800,1481,league_roster,BURRO,morphling,2604,4403,fallback_lh5,шапира-,batrider,2697,4330,league_roster,rio,doom_bringer,2197,3679,league_roster,Lyagushka,shadow_shaman,1052,1807,league_roster,NongMon,treant,1037,1278,league_roster
19435,PGL Wallachia 2026 Season 7,8727184011,Aurora,Tundra,Tundra,08:08,abaddon,3131,4989,league_roster,River in Flow,monkey_king,2756,4182,league_roster,Shenorita`,shredder,2445,4274,league_roster,geekin',shadow_shaman,955,1296,league_roster,tak pohuy,phoenix,1372,1712,league_roster,BURRO,medusa,2381,3960,fallback_lh5,Tn,ember_spirit,2082,3054,league_roster,not human (животное),batrider,2901,4325,league_roster,Lyagushka,keeper_of_the_light,1391,1879,league_roster,NongMon,treant,1013,1414,league_roster
19435,PGL Wallachia 2026 Season 7,8727291568,BetBoom,TSpirit,BetBoom,Naruto~,medusa,2209,3974,league_roster,΀q,storm_spirit,2172,4426,league_roster,1Pr,largo,2349,4028,league_roster,Pain-,ringmaster,1206,1695,league_roster,trimski,bane,959,1347,league_roster,mitaka,templar_assassin,2083,4528,league_roster,попка,leshrac,2316,4035,league_roster,@@$p,slardar,2406,3965,league_roster,123,nyx_assassin,1049,1579,fallback_lh5,sustain,jakiro,665,1079,league_roster
19435,PGL Wallachia 2026 Season 7,8727388391,BetBoom,TSpirit,TSpirit,Naruto~,muerta,2227,4300,league_roster,ALr,tiny,2623,4287,league_roster,Badwater,necrolyte,2684,4327,league_roster,Pain-,keeper_of_the_light,1245,1688,league_roster,trimski,jakiro,1042,1415,league_roster,mitaka,beastmaster,2400,4891,league_roster,попка,invoker,1933,3668,league_roster,bruno,primal_beast,2122,3186,league_roster,123,shadow_shaman,1394,1509,fallback_lh5,sustain,warlock,907,1344,league_roster
19435,PGL Wallachia 2026 Season 7,8727470530,BetBoom,TSpirit,BetBoom,Naruto~,faceless_void,2259,4003,league_roster,освобождение,void_spirit,2326,4215,league_roster,Badwater,mars,1772,2880,league_roster,0_r,ringmaster,962,1660,league_roster,.q,oracle,1460,1768,league_roster,mitaka,morphling,2504,4527,league_roster,попка,puck,2196,3865,league_roster,bruno,batrider,2075,3689,league_roster,123,tiny,1324,1738,fallback_lh5,sustain,jakiro,719,962,league_roster
19435,PGL Wallachia 2026 Season 7,8727561000,TY,Liquid,TY,-,kez,2688,4083,league_roster,CHIRA_JUNIOR,invoker,2404,4853,league_roster,!!!,batrider,2408,3548,league_roster,lostreak chicken,shadow_shaman,1293,1868,league_roster,Pohn Jork,phoenix,879,1561,league_roster,+Hr,muerta,2347,3799,league_roster,mQr,storm_spirit,2583,3994,league_roster,50centaur,mars,2300,3692,league_roster,Boxi,tusk,907,1443,league_roster,tOfu,warlock,1028,1376,league_roster
19435,PGL Wallachia 2026 Season 7,8727651209,TY,Liquid,TY,-,luna,2808,5501,league_roster,CHIRA_JUNIOR,puck,2724,4410,league_roster,(q,centaur,2449,4636,league_roster,lostreak chicken,tusk,1497,2097,league_roster,Pohn Jork,jakiro,1153,2113,league_roster,@bp,dragon_knight,2514,4471,league_roster,мусор,void_spirit,2407,4229,league_roster,50centaur,tidehunter,1609,3090,league_roster,Boxi,shadow_demon,852,1242,league_roster,tOfu,warlock,1108,1423,league_roster
19435,PGL Wallachia 2026 Season 7,8728226716,Tundra,TSpirit,TSpirit,BURRO,morphling,2119,3662,fallback_lh5,шапира-,beastmaster,2965,4434,league_roster,not human (животное),shredder,1809,3417,league_roster,Lyagushka,shadow_shaman,942,1262,league_roster,NongMon,phoenix,711,1361,league_roster,mitaka,clinkz,3441,5168,league_roster,попка,batrider,1897,3787,league_roster,bruno,doom_bringer,2730,5260,league_roster,123,hoodwink,1576,2644,fallback_lh5,sustain,tusk,1034,1694,league_roster
19435,PGL Wallachia 2026 Season 7,8728298716,TSpirit,Tundra,TSpirit,mitaka,weaver,2452,4562,league_roster,попка,sand_king,2462,4660,league_roster,bruno,pangolier,2177,3792,league_roster,123,ringmaster,1048,2244,fallback_lh5,sustain,treant,1195,2188,league_roster,BURRO,medusa,2489,4457,fallback_lh5,шапира-,batrider,2796,4083,league_roster,dl~r,beastmaster,2552,3968,league_roster,Lyagushka,keeper_of_the_light,1167,1934,league_roster,NongMon,jakiro,1105,1713,league_roster
19435,PGL Wallachia 2026 Season 7,8728374991,HEROIC,Liquid,Liquid,иXq,luna,2842,5205,league_roster,a,viper,1855,3705,league_roster,Wisper,batrider,1441,2358,league_roster,Rita,tusk,1080,1755,league_roster,марсианин,warlock,1097,1497,league_roster,yondaime,nevermore,2454,4654,league_roster,мусор,lina,2548,4823,league_roster,50centaur,tidehunter,1847,3807,league_roster,Boxi,tiny,1306,2132,league_roster,tOfu,bane,1550,2007,league_roster
19435,PGL Wallachia 2026 Season 7,8728480115,Liquid,HEROIC,Liquid,yondaime,weaver,2277,3998,league_roster,мусор,storm_spirit,1977,3787,league_roster,50centaur,bristleback,2556,4027,league_roster,Boxi,hoodwink,915,1425,league_roster,tOfu,treant,1061,1797,league_roster,q,ursa,2226,4334,league_roster,a,beastmaster,2618,4368,league_roster,s,batrider,2495,3890,league_roster,Rita,jakiro,1563,2367,league_roster,марсианин,bane,768,1637,league_roster
19435,PGL Wallachia 2026 Season 7,8728655795,BetBoom,TY,TY,Naruto~,gyrocopter,2162,4120,league_roster,освобождение,huskar,2562,4403,league_roster,Badwater,slardar,2186,3699,league_roster,Pain-,shadow_demon,1221,1590,league_roster,trimski,tusk,987,1276,league_roster,-,templar_assassin,2635,5007,league_roster,CHIRA_JUNIOR,storm_spirit,2093,3525,league_roster,!!!,abyssal_underlord,2346,3898,league_roster,lostreak chicken,tiny,1462,1937,league_roster,^gq,warlock,1056,1971,league_roster
19435,PGL Wallachia 2026 Season 7,8728797116,BetBoom,TY,TY,Naruto~,nevermore,1778,2847,league_roster,освобождение,storm_spirit,2091,3408,league_roster,Badwater,bristleback,2151,4442,league_roster,tr,dark_willow,911,1653,league_roster,trimski,marci,938,1241,league_roster,-,windrunner,2891,4662,league_roster,CHIRA_JUNIOR,viper,2501,4253,league_roster,!!!,centaur,2940,4658,league_roster,lostreak chicken,shadow_demon,1228,1922,league_roster,Pohn Jork,tusk,1166,1788,league_roster
19435,PGL Wallachia 2026 Season 7,8728917217,Liquid,TSpirit,Liquid,0Bs,morphling,2551,4371,league_roster,мусор,tiny,2379,3843,league_roster,50centaur,mars,2146,4126,league_roster,m.q,batrider,1090,1940,league_roster,tOfu,warlock,899,1344,league_roster,0q,faceless_void,2586,4146,league_roster,попка,slardar,2603,3772,league_roster,bruno,tidehunter,2654,4770,league_roster,123,windrunner,1127,1613,fallback_lh5,sustain,jakiro,1533,1603,league_roster
19435,PGL Wallachia 2026 Season 7,8729016192,TSpirit,Liquid,TSpirit,mitaka,kez,3070,5092,league_roster,PpuQs,storm_spirit,2437,4005,league_roster,As,largo,2042,3779,league_roster,q,lion,1310,2308,fallback_lh5,sustain,warlock,862,1680,league_roster,yondaime,nevermore,2309,4256,league_roster,W^q,invoker,2417,4184,league_roster,50centaur,mars,1648,2939,league_roster,Boxi,marci,1025,1658,league_roster,tOfu,jakiro,1340,1678,league_roster
19435,PGL Wallachia 2026 Season 7,8729115809,Liquid,TSpirit,Liquid,yondaime,windrunner,2997,4930,league_roster,мусор,storm_spirit,2828,4575,league_roster,50centaur,tidehunter,2194,3103,league_roster,Boxi,tiny,1218,1722,league_roster,tOfu,oracle,1396,2124,league_roster,mitaka,kez,2424,4120,league_roster,попка,invoker,2496,3868,league_roster,0<~n,mars,1876,3119,league_roster,123,batrider,1189,1520,fallback_lh5,sustain,phoenix,968,1381,league_roster
19435,PGL Wallachia 2026 Season 7,8729846134,BetBoom,Liquid,Liquid,Naruto~,nevermore,2085,3995,league_roster,освобождение,invoker,2251,3620,league_roster,Badwater,centaur,2435,4141,league_roster,2q,ringmaster,837,1543,league_roster,trimski,jakiro,1283,2289,league_roster,yondaime,templar_assassin,2688,5161,league_roster,мусор,tiny,2594,4019,league_roster,50centaur,abyssal_underlord,2613,3999,league_roster,Boxi,dark_willow,1548,1971,league_roster,'q,warlock,686,1467,league_roster
19435,PGL Wallachia 2026 Season 7,8729970931,BetBoom,Liquid,BetBoom,Naruto~,kez,2607,4540,league_roster,освобождение,invoker,2446,4159,league_roster,Badwater,slardar,1785,2484,league_roster,Pain-,windrunner,1049,1696,league_roster,trimski,warlock,977,1634,league_roster,yondaime,monkey_king,2761,4588,league_roster,мусор,tinker,2694,5149,league_roster,50centaur,centaur,2077,3194,league_roster,Boxi,tiny,1099,1444,league_roster,Pt,jakiro,1246,2158,league_roster
19435,PGL Wallachia 2026 Season 7,8730121026,BetBoom,Liquid,Liquid,Naruto~,templar_assassin,2456,4198,league_roster,освобождение,ember_spirit,1999,3706,league_roster,Badwater,brewmaster,2011,3199,league_roster,Pain-,ringmaster,1250,1557,league_roster,trimski,oracle,970,1538,league_roster,yondaime,kez,2575,5236,league_roster,мусор,storm_spirit,2701,4852,league_roster,̸n,abyssal_underlord,3062,5417,league_roster,Boxi,tusk,1114,1676,league_roster,tOfu,warlock,1454,2219,league_roster
19435,PGL Wallachia 2026 Season 7,8730359353,TY,Liquid,TY,-,beastmaster,2727,4614,league_roster,&o,ember_spirit,2806,4434,league_roster,!!!,largo,2631,3773,league_roster,lostreak chicken,shadow_shaman,1415,1720,league_roster,Pohn Jork,warlock,1092,1627,league_roster,@ϥt,marci,2621,4709,league_roster,мусор,tinker,2007,3708,league_roster,50centaur,centaur,1739,2989,league_roster,Boxi,tiny,1193,1691,league_roster,tOfu,hoodwink,1289,2200,league_roster
19435,PGL Wallachia 2026 Season 7,8730464256,TY,Liquid,TY,-,ursa,2480,4986,league_roster,F}t,monkey_king,2731,4256,league_roster,!!!,phoenix,2055,4048,league_roster,lostreak chicken,tiny,1361,2338,league_roster,Pohn Jork,jakiro,1031,1920,league_roster,yondaime,nevermore,2355,4178,league_roster,мусор,ember_spirit,2089,3521,league_roster,50centaur,bristleback,2426,3279,league_roster,Boxi,tusk,836,1233,league_roster,tOfu,ringmaster,1003,1488,league_roster
19435,PGL Wallachia 2026 Season 7,8730561637,TY,Liquid,Liquid,-,nevermore,2772,4703,league_roster,pJr,invoker,1848,3671,league_roster,!!!,phoenix,2153,3721,league_roster,`xOZr,tiny,1091,1553,league_roster,Pohn Jork,jakiro,1043,1876,league_roster,yondaime,windrunner,2716,4208,league_roster,мусор,beastmaster,2462,4383,league_roster,50centaur,brewmaster,1987,3462,league_roster,Boxi,ringmaster,989,1462,league_roster,tOfu,warlock,975,1653,league_roster
19435,PGL Wallachia 2026 Season 7,8730713168,TY,Liquid,Liquid,-,clinkz,2824,4815,league_roster,CHIRA_JUNIOR,puck,2508,4077,league_roster,!!!,centaur,1768,2689,league_roster,lostreak chicken,muerta,1432,2234,league_roster,Pohn Jork,oracle,1197,1689,league_roster,yondaime,windrunner,2864,5095,league_roster,мусор,huskar,2303,4088,league_roster,50centaur,abyssal_underlord,2320,3843,league_roster,4r,tiny,958,1482,league_roster,FCas,tinker,1998,2866,league_roster
19435,PGL Wallachia 2026 Season 7,8730786393,TY,Liquid,TY,-,luna,2695,5027,league_roster,CHIRA_JUNIOR,invoker,2555,4110,league_roster,!!!,bristleback,2657,4321,league_roster,lostreak chicken,shadow_demon,903,1627,league_roster,Pohn Jork,jakiro,1401,2361,league_roster,yondaime,nevermore,2392,4283,league_roster,s,void_spirit,2268,3873,league_roster,50centaur,tidehunter,1976,3469,league_roster,Boxi,tiny,1248,1769,league_roster,tOfu,warlock,1102,1506,league_roster
19543,PGL Wallachia 2026 Season 8,8775954955,TSpirit,VG,VG,我讨厌这个世界,monkey_king,2619,4217,league_roster,i love social media,invoker,1587,2976,league_roster,GAMBOT-PARIS,void_spirit,2413,3571,league_roster,123,hoodwink,1390,2024,fallback_lh5,-,pugna,1242,1697,league_roster,綢,muerta,2422,4205,league_roster,^,viper,2213,4522,league_roster,@e,slardar,2460,4154,league_roster,烟弹漏油,rubick,1242,2085,league_roster,宇宙にきらめく エメラルド,treant,1438,2075,league_roster
19543,PGL Wallachia 2026 Season 8,8775954888,XG,NAVI,XG,y,monkey_king,2962,4181,league_roster,NothingToSay,ember_spirit,2508,3932,league_roster,P$,magnataur,2472,4158,league_roster,其疾如风,shadow_demon,1221,1556,league_roster,lavie,mirana,1162,1430,league_roster,"pA,",tiny,1972,3649,league_roster,I,sand_king,2897,4037,league_roster,whaler,lycan,2159,4032,league_roster,`e,tusk,1030,1837,league_roster,reverie,grimstroke,1008,1972,league_roster
19543,PGL Wallachia 2026 Season 8,8776019262,XG,NAVI,XG,0,tiny,2576,4641,league_roster,NothingToSay,ember_spirit,2814,4522,league_roster,`yv,doom_bringer,2864,4962,league_roster,`,batrider,1504,2402,league_roster,lavie,rubick,835,1131,league_roster,rejected,medusa,2607,4105,league_roster,ЊΤ,sand_king,2793,4342,league_roster,whaler,mars,2007,3625,league_roster,@|,hoodwink,1094,1495,league_roster,reverie,treant,1282,1736,league_roster
19543,PGL Wallachia 2026 Season 8,8776009613,VG,TSpirit,TSpirit,Roselia,windrunner,2888,4144,league_roster,^,ember_spirit,2685,4523,league_roster,Bach,abyssal_underlord,2275,4269,league_roster,p^#,rubick,1154,1548,league_roster,宇宙にきらめく エメラルド,disruptor,975,1260,league_roster,我讨厌这个世界,tiny,2640,4403,league_roster,i love social media,queenofpain,2608,4300,league_roster,GAMBOT-PARIS,largo,2459,3910,league_roster,123,batrider,1045,1970,fallback_lh5,pţ,enchantress,933,1239,league_roster
19543,PGL Wallachia 2026 Season 8,8776077999,GL,Liquid,Liquid,鬼,viper,2880,5357,league_roster,)),queenofpain,2028,3869,league_roster,помойка,tidehunter,1861,3508,league_roster,yo,hoodwink,1075,1891,league_roster,S8,venomancer,1510,2022,league_roster,yondaime,lone_druid,2811,4804,league_roster,мусор,ember_spirit,1873,3477,league_roster,50centaur,bristleback,2566,3858,league_roster,Valley of Voices,tusk,1534,2377,league_roster,tOfu,death_prophet,1273,2043,league_roster
19543,PGL Wallachia 2026 Season 8,8776094912,TSpirit,VG,TSpirit,我讨厌这个世界,terrorblade,2984,4654,league_roster,i love social media,tiny,2127,3963,league_roster,GAMBOT-PARIS,tidehunter,2429,3734,league_roster,123,muerta,896,1448,fallback_lh5,-,hoodwink,1319,1622,league_roster,,beastmaster,2396,4772,league_roster,^,viper,2530,4061,league_roster,Bach,doom_bringer,1684,3435,league_roster,,techies,900,1969,league_roster,宇宙にきらめく エメラルド,ancient_apparition,776,1561,league_roster
19543,PGL Wallachia 2026 Season 8,8776157596,Liquid,GL,GL,yondaime,luna,2647,3992,league_roster,@w=4,ember_spirit,2376,3495,league_roster,50centaur,pangolier,1935,2872,league_roster,Valley of Voices,rubick,1119,1551,league_roster,tOfu,marci,1107,1573,league_roster,p|,muerta,2380,4586,league_roster,p8,storm_spirit,2343,4139,league_roster,помойка,beastmaster,2605,4428,league_roster,yo,tusk,841,1408,league_roster,P,phoenix,1249,1724,league_roster
19543,PGL Wallachia 2026 Season 8,8776170934,SAR,Aurora,Aurora,VE,muerta,2785,4663,league_roster,Azul,ember_spirit,2289,4301,league_roster,^,abyssal_underlord,1724,3430,league_roster,Vigoss,grimstroke,1306,2156,league_roster,Cat,hoodwink,962,1575,league_roster,bored,lone_druid,3040,5184,league_roster,River in Flow,pangolier,2689,4452,league_roster,Shenorita`,slardar,2551,4156,league_roster,geekin',shadow_demon,999,1369,league_roster,pipsqueak,jakiro,1208,1923,league_roster
19543,PGL Wallachia 2026 Season 8,8776238601,SAR,Aurora,SAR,VE,monkey_king,2595,4421,league_roster,Azul,ember_spirit,2082,4015,league_roster,^,slardar,1504,2535,league_roster,Vigoss,grimstroke,1360,1768,league_roster,Cat,shadow_demon,1168,1681,league_roster,`&,tiny,2728,4740,league_roster,River in Flow,storm_spirit,2623,3574,league_roster,Shenorita`,pangolier,1989,3173,league_roster,geekin',rubick,1379,2216,league_roster,pipsqueak,jakiro,907,1446,league_roster
19543,PGL Wallachia 2026 Season 8,8776236178,GL,Liquid,Liquid,鬼,muerta,2622,4610,league_roster,+!,queenofpain,2308,3858,league_roster,помойка,night_stalker,2692,4669,league_roster,yo,hoodwink,909,1415,league_roster,Speeed,rattletrap,1015,1371,league_roster,a,tiny,1971,3639,league_roster,мусор,beastmaster,2534,4707,league_roster,50centaur,abyssal_underlord,2396,3719,league_roster,2,keeper_of_the_light,986,1563,league_roster,tOfu,grimstroke,955,1496,league_roster
19543,PGL Wallachia 2026 Season 8,8776302295,SAR,Aurora,Aurora,VE,windrunner,2047,3560,league_roster,Azul,kunkka,1985,3830,league_roster,^,abyssal_underlord,2715,3877,league_roster,Vigoss,grimstroke,1210,1861,league_roster,Cat,shadow_demon,1129,1484,league_roster,bored,ursa,2666,4735,league_roster,River in Flow,monkey_king,2477,5032,league_roster,Shenorita`,pangolier,3030,4652,league_roster,geekin',hoodwink,1415,1981,league_roster,pipsqueak,enchantress,1040,1724,league_roster
19543,PGL Wallachia 2026 Season 8,8776345901,PV,MOUZ,PV,.....,kez,3103,5324,league_roster,Have fun,leshrac,2065,3794,league_roster,"Nah, I'd adapt",slardar,2562,5002,league_roster,L,monkey_king,1295,2160,league_roster,Dukalis,mirana,1155,2126,league_roster,KITR,phantom_lancer,2455,3871,league_roster,精神~,viper,1952,3543,league_roster,>,sand_king,1649,2883,league_roster,mid two,rattletrap,1138,1292,league_roster,deftones.,phoenix,910,1441,league_roster
19543,PGL Wallachia 2026 Season 8,8776380784,BetBoom,VP,BetBoom,Naruto~,tiny,2622,4163,league_roster,negative behavior,pangolier,2830,4045,league_roster,17 mind,axe,3099,5247,league_roster,|G,rubick,1297,2300,league_roster,hell of a life,lich,1044,1836,league_roster,nokia,muerta,2642,4815,league_roster,hamilton,void_spirit,2410,3786,league_roster,PE(,primal_beast,1994,3745,league_roster,Hellscream,grimstroke,759,1322,league_roster,T2,treant,1027,1776,league_roster
19543,PGL Wallachia 2026 Season 8,8776432038,PV,MOUZ,PV,.....,monkey_king,2820,5087,league_roster,Have fun,invoker,1632,3666,league_roster,lD,tidehunter,2367,4100,league_roster,Pele,enchantress,1186,1854,league_roster,Dukalis,phoenix,1286,1686,league_roster,k(,muerta,2698,4515,league_roster,精神~,viper,3330,4622,league_roster,D3,slardar,1600,2692,league_roster,mid two,lion,994,1250,league_roster,deftones.,venomancer,805,1423,league_roster
19543,PGL Wallachia 2026 Season 8,8776484403,BetBoom,VP,BetBoom,`5E,life_stealer,2721,4246,league_roster,j4,pangolier,2441,3992,league_roster,17 mind,abyssal_underlord,2510,4627,league_roster,gdc&n,rubick,1257,2477,league_roster,hell of a life,lich,811,1207,league_roster,nokia,muerta,2719,4858,league_roster,hamilton,sand_king,2631,4152,league_roster,granny got hit by a bazooka,night_stalker,2095,2759,league_roster,Hellscream,grimstroke,1319,1749,league_roster,T2,chen,1357,2647,league_roster
19543,PGL Wallachia 2026 Season 8,8776543835,FLCN,TY,FLCN,I m Going To Be The Best Carry,tiny,2718,4745,league_roster,Q,queenofpain,2629,4970,league_roster,YeS signature player,tidehunter,2526,4482,league_roster,Cr1t-,hoodwink,1011,1670,league_roster,@0,venomancer,967,1930,league_roster,1000-7,alchemist,2497,5031,league_roster,CHIRA_JUNIOR,invoker,2312,3063,league_roster,!!!,largo,2352,3797,league_roster,lostreak chicken,batrider,1194,2382,league_roster,Pohn Jork,jakiro,1151,1736,league_roster
19543,PGL Wallachia 2026 Season 8,8776583882,HEROIC,Tundra,HEROIC,Yuma,tiny,2525,3880,league_roster,a,viper,2644,4767,league_roster,E.,bristleback,3350,6154,league_roster,Rita,hoodwink,1030,1609,league_roster,марсианин,enchantress,911,1783,league_roster,1+1=11,phantom_assassin,2896,4278,league_roster,insects,beastmaster,2518,4584,league_roster,not human (животное),largo,1926,3843,league_roster,Chestnut,spirit_breaker,844,1318,league_roster,NongMon,wisp,1228,1986,league_roster
19543,PGL Wallachia 2026 Season 8,8776664516,TY,FLCN,FLCN,PW<,alchemist,2465,5007,league_roster,0^,pangolier,2630,4292,league_roster,!!!,centaur,2063,3921,league_roster,A&O,shadow_demon,930,1496,league_roster,Pohn Jork,jakiro,968,1736,league_roster,I m Going To Be The Best Carry,lone_druid,3066,5456,league_roster,...,sand_king,2546,4696,league_roster,Pv,bristleback,3021,5562,league_roster,Cr1t-,rubick,1187,1685,league_roster,Sneyking,phoenix,1061,1832,league_roster
19543,PGL Wallachia 2026 Season 8,8776679266,Tundra,HEROIC,Tundra,1+1=11,muerta,2414,3781,league_roster,insects,beastmaster,2509,4344,league_roster,not human (животное),largo,2163,3308,league_roster,Chestnut,rubick,829,1566,league_roster,NongMon,treant,965,1752,league_roster,Yuma,gyrocopter,2475,3903,league_roster,a,pangolier,1908,3760,league_roster,Wisper,dark_seer,2136,5032,league_roster,Rita,tusk,1166,1707,league_roster,K<ʠ,dawnbreaker,727,1504,league_roster
19543,PGL Wallachia 2026 Season 8,8776815882,Tundra,HEROIC,HEROIC,1+1=11,gyrocopter,2981,5478,league_roster,insects,earthshaker,2187,3895,league_roster,not human (животное),largo,2710,4490,league_roster,Chestnut,marci,1283,1821,league_roster,NongMon,wisp,882,1766,league_roster,@,tiny,2330,4364,league_roster,a,puck,2362,3917,league_roster,Wisper,pangolier,1920,2760,league_roster,Rita,hoodwink,703,1107,league_roster,`@,ancient_apparition,676,1398,league_roster
19543,PGL Wallachia 2026 Season 8,8777439091,VG,NAVI,NAVI,Roselia,gyrocopter,2302,3941,league_roster,^,razor,2347,3347,league_roster,Pq,pangolier,2334,3381,league_roster,烟弹漏油,wisp,1031,1664,league_roster,宇宙にきらめく エメラルド,disruptor,770,986,league_roster,rejected,doom_bringer,2522,4768,league_roster,xx,kez,2532,4457,league_roster,lole,abyssal_underlord,3046,4674,league_roster,ww type life,tusk,1228,1636,league_roster,,phoenix,1082,2092,league_roster
19543,PGL Wallachia 2026 Season 8,8777432261,XG,Aurora,XG,ZmjjKK,weaver,2267,4205,league_roster,NothingToSay,sand_king,2618,4526,league_roster,¿,abyssal_underlord,2383,4605,league_roster,,hoodwink,1653,2599,league_roster,lavie,enchantress,1360,1990,league_roster,bored,lone_druid,1997,3930,league_roster,River in Flow,ember_spirit,2711,4549,league_roster,Shenorita`,pangolier,2332,3644,league_roster,Ln,batrider,800,1721,league_roster,pipsqueak,venomancer,604,1404,league_roster
19543,PGL Wallachia 2026 Season 8,8777495739,Aurora,XG,Aurora,bored,lone_druid,2339,4419,league_roster,River in Flow,puck,2787,4620,league_roster,,abyssal_underlord,3215,4903,league_roster,geekin',hoodwink,1137,1753,league_roster,pipsqueak,warlock,1310,1806,league_roster,ZmjjKK,beastmaster,2004,3704,league_roster,NothingToSay,sand_king,3264,5016,league_roster,¿,bristleback,1705,3688,league_roster,其疾如风,shadow_demon,894,1524,league_roster,lavie,ringmaster,670,1088,league_roster
19543,PGL Wallachia 2026 Season 8,8777492128,NAVI,VG,VG,rejected,gyrocopter,2840,4867,league_roster,Pi,pangolier,2646,4022,league_roster,i,bristleback,2259,3755,league_roster,ww type life,hoodwink,879,1450,league_roster,reverie,warlock,1751,2279,league_roster,P,monkey_king,2651,4443,league_roster,^,storm_spirit,2780,4827,league_roster,Bach,beastmaster,1962,3785,league_roster,,keeper_of_the_light,1323,2068,league_roster,宇宙にきらめく エメラルド,dazzle,1085,1602,league_roster
19543,PGL Wallachia 2026 Season 8,8777560892,XG,Aurora,Aurora,ZmjjKK,weaver,2171,3799,league_roster,NothingToSay,sand_king,2779,4698,league_roster,¿,primal_beast,2179,4227,league_roster,其疾如风,techies,912,1881,league_roster,lavie,rubick,795,1365,league_roster,pf,lone_druid,3074,5308,league_roster,River in Flow,ember_spirit,2679,4392,league_roster,Shenorita`,centaur,2339,3905,league_roster,@,hoodwink,722,1053,league_roster,pipsqueak,warlock,1065,1505,league_roster
19543,PGL Wallachia 2026 Season 8,8777570720,VG,NAVI,VG,;ȴ,tiny,2724,4859,league_roster,ȴ,queenofpain,2388,4176,league_roster,"0""",batrider,2105,3923,league_roster,烟弹漏油,earthshaker,1181,1719,league_roster,宇宙にきらめく エメラルド,enchantress,1188,1621,league_roster,rejected,beastmaster,2794,4506,league_roster,DF,ember_spirit,2151,3706,league_roster,lole,centaur,2312,3970,league_roster,ww type life,keeper_of_the_light,1116,2011,league_roster,reverie,grimstroke,1132,1554,league_roster
19543,PGL Wallachia 2026 Season 8,8777630244,Liquid,BetBoom,BetBoom,yondaime,windrunner,3063,4820,league_roster,мусор,slardar,2382,4711,league_roster,50centaur,brewmaster,1645,3070,league_roster,Valley of Voices,hoodwink,719,1187,league_roster,tOfu,lich,1053,1631,league_roster,Naruto~,monkey_king,2649,4282,league_roster,negative behavior,ember_spirit,2517,3672,league_roster,17 mind,axe,1962,3820,league_roster,gdc&n,rubick,1128,1636,league_roster,hell of a life,winter_wyvern,1062,1338,league_roster
19543,PGL Wallachia 2026 Season 8,8777652578,GL,MOUZ,GL,鬼,necrolyte,2387,4697,league_roster,)),beastmaster,2649,4779,league_roster,помойка,doom_bringer,2578,4306,league_roster,yo,rubick,975,1661,league_roster,Я,venomancer,1040,1549,league_roster,,tiny,2066,3125,league_roster,精神~,pangolier,1787,3471,league_roster,TAXMAN,slardar,2363,3621,league_roster,mid two,wisp,1005,1777,league_roster,deftones.,phoenix,594,1193,league_roster
19543,PGL Wallachia 2026 Season 8,8777714725,BetBoom,Liquid,BetBoom,Naruto~,kez,2574,4848,league_roster,negative behavior,queenofpain,2099,3350,league_roster,17 mind,dawnbreaker,2025,3378,league_roster,gdc&n,rubick,1371,2394,league_roster,hell of a life,silencer,1262,2129,league_roster,yondaime,tiny,2224,4102,league_roster,мусор,ember_spirit,1914,3063,league_roster,7,lycan,2107,3254,league_roster,Valley of Voices,keeper_of_the_light,1606,2384,league_roster,tOfu,phoenix,1161,2159,league_roster
19543,PGL Wallachia 2026 Season 8,8777738576,GL,MOUZ,GL,鬼,muerta,2615,4570,league_roster,)),huskar,2682,4701,league_roster,помойка,slardar,2567,4251,league_roster,Pơ,hoodwink,956,1755,league_roster,Speeed,phoenix,1051,1872,league_roster,KITR,windrunner,2576,4393,league_roster,`,puck,2193,4213,league_roster,TAXMAN,abyssal_underlord,2684,3918,league_roster,mid two,rubick,1107,1635,league_roster,deftones.,ringmaster,821,977,league_roster
19543,PGL Wallachia 2026 Season 8,8777800049,TSpirit,FLCN,TSpirit,我讨厌这个世界,terrorblade,2251,4069,league_roster,i love social media,queenofpain,2097,3889,league_roster,GAMBOT-PARIS,slardar,2618,4597,league_roster,123,techies,1312,1880,fallback_lh5,-,treant,1280,2005,league_roster,I m Going To Be The Best Carry,alchemist,2244,3957,league_roster,...,death_prophet,2409,4177,league_roster,pǠ,shredder,2162,4381,league_roster,Cr1t-,hoodwink,1124,1580,league_roster,09,enchantress,1011,1658,league_roster
19543,PGL Wallachia 2026 Season 8,8777838108,TY,SAR,SAR,arima-,beastmaster,2673,4970,league_roster,R,void_spirit,2465,4200,league_roster,!!!,bristleback,2230,3900,league_roster,lostreak chicken,hoodwink,1341,2265,league_roster,Pohn Jork,silencer,1627,2266,league_roster,VE,necrolyte,2575,4832,league_roster,Azul,kunkka,2414,3990,league_roster,^,slardar,1696,2810,league_roster,Vigoss,rattletrap,1042,1748,league_roster,Cat,phoenix,1067,1676,league_roster
19543,PGL Wallachia 2026 Season 8,8777936470,FLCN,TSpirit,FLCN,I m Going To Be The Best Carry,alchemist,2967,5834,league_roster,...,primal_beast,2855,4502,league_roster,Yͣ,tidehunter,2738,5003,league_roster,Cr1t-,rubick,1224,2289,league_roster,xvi,silencer,864,1633,league_roster,我讨厌这个世界,tiny,2262,3650,league_roster,0',keeper_of_the_light,2522,3478,league_roster,GAMBOT-PARIS,bristleback,2404,4564,league_roster,m,techies,931,1730,fallback_lh5,-,phoenix,708,1430,league_roster
19543,PGL Wallachia 2026 Season 8,8777955132,SAR,TY,SAR,VE,tiny,2364,4269,league_roster,Azul,ember_spirit,2392,4336,league_roster,^,beastmaster,2244,4047,league_roster,Vigoss,hoodwink,867,1666,league_roster,Cat,enchantress,961,1631,league_roster,arima-,lone_druid,2692,4669,league_roster,CHIRA_JUNIOR,queenofpain,2370,3676,league_roster,!!!,centaur,2768,4925,league_roster,lostreak chicken,tusk,999,1908,league_roster,q\,silencer,1213,1712,league_roster
19543,PGL Wallachia 2026 Season 8,8778045350,FLCN,TSpirit,FLCN,!U,weaver,2725,4729,league_roster,...,sand_king,2673,4532,league_roster,YeS signature player,bristleback,2378,4439,league_roster,Cr1t-,hoodwink,746,1767,league_roster,Sneyking,chen,1138,2217,league_roster,我讨厌这个世界,monkey_king,2440,4054,league_roster,{],storm_spirit,3026,5011,league_roster,GAMBOT-PARIS,pangolier,2128,3575,league_roster,123,ringmaster,981,1884,fallback_lh5,-,techies,896,1573,league_roster
19543,PGL Wallachia 2026 Season 8,8778074211,Tundra,VP,VP,1+1=11,life_stealer,2616,3951,league_roster,insects,ember_spirit,1934,3928,league_roster,not human (животное),shredder,2365,4661,league_roster,Chestnut,hoodwink,1205,2134,league_roster,NongMon,enchantress,1048,1567,league_roster,nokia,alchemist,2219,4707,league_roster,hamilton,void_spirit,2884,4919,league_roster,granny got hit by a bazooka,enigma,2369,4571,league_roster,Hellscream,rubick,1701,2518,league_roster,T2,crystal_maiden,925,1832,league_roster
19543,PGL Wallachia 2026 Season 8,8778168822,VP,Tundra,Tundra,nokia,faceless_void,2380,4227,league_roster,hamilton,void_spirit,2383,4645,league_roster,granny got hit by a bazooka,primal_beast,1872,3403,league_roster,Hellscream,rubick,1021,1641,league_roster,T2,lich,840,2088,league_roster,1+1=11,lone_druid,2773,4243,league_roster,insects,invoker,2654,3312,league_roster,not human (животное),sand_king,2250,3722,league_roster,Chestnut,grimstroke,1423,1996,league_roster,NongMon,tusk,968,1044,league_roster
19543,PGL Wallachia 2026 Season 8,8778162915,PV,HEROIC,PV,.....,phantom_lancer,2267,3739,league_roster,Have fun,ember_spirit,2498,4318,league_roster,"Nah, I'd adapt",night_stalker,2473,4695,league_roster,Pele,rubick,1362,2053,league_roster,B,phoenix,863,1901,league_roster,Yuma,luna,2477,3841,league_roster,a,puck,1998,3782,league_roster,*,shredder,2237,4129,league_roster,Rita,hoodwink,1568,2181,league_roster,марсианин,enchantress,955,1558,league_roster
19543,PGL Wallachia 2026 Season 8,8778254726,PV,HEROIC,PV,.....,kez,2593,4702,league_roster,Have fun,invoker,2760,4638,league_roster,"Nah, I'd adapt",slardar,3170,4876,league_roster,Pele,leshrac,1023,1947,league_roster,Dukalis,mirana,1005,1625,league_roster,Yuma,monkey_king,1836,3292,league_roster,a,bristleback,2580,4723,league_roster,Wisper,magnataur,2319,3675,league_roster,Rita,hoodwink,918,1533,league_roster,марсианин,shadow_demon,647,868,league_roster
19543,PGL Wallachia 2026 Season 8,8778252071,Tundra,VP,VP,1+1=11,tiny,2900,5255,league_roster,insects,invoker,2169,3505,league_roster,not human (животное),abyssal_underlord,2217,3404,league_roster,Chestnut,hoodwink,1231,2180,league_roster,%Ja,grimstroke,1141,1702,league_roster,nokia,windrunner,2721,4910,league_roster,hamilton,void_spirit,2857,4566,league_roster,granny got hit by a bazooka,dawnbreaker,1601,2885,league_roster,Hellscream,tusk,931,1822,league_roster,T2,venomancer,1248,2328,league_roster
19543,PGL Wallachia 2026 Season 8,8778849866,GL,TSpirit,GL,鬼,lone_druid,3651,5638,league_roster,)),huskar,2146,3911,league_roster,помойка,sand_king,2272,4342,league_roster,`N,grimstroke,1154,2084,league_roster,HN,venomancer,1201,2174,league_roster,我讨厌这个世界,luna,2456,4566,league_roster,i love social media,queenofpain,1440,3178,league_roster,GAMBOT-PARIS,tidehunter,1743,2889,league_roster,5䡦,rubick,1005,1766,fallback_lh5,Q,treant,1088,1980,league_roster
19543,PGL Wallachia 2026 Season 8,8778849893,Liquid,VG,VG,yondaime,bristleback,2658,4566,league_roster,мусор,queenofpain,2549,3835,league_roster,50centaur,pangolier,2543,4182,league_roster,[D%,hoodwink,1448,1793,league_roster,tOfu,oracle,893,1607,league_roster,Ph,tiny,2027,4026,league_roster,^,ember_spirit,2423,4188,league_roster,Ph,night_stalker,2280,3724,league_roster,烟弹漏油,batrider,1274,2764,league_roster,T,ancient_apparition,918,1698,league_roster
19543,PGL Wallachia 2026 Season 8,8778896415,TSpirit,GL,GL,f,muerta,2208,4026,league_roster,i love social media,sand_king,2106,3905,league_roster,GAMBOT-PARIS,largo,2472,3767,league_roster,123,hoodwink,992,1901,fallback_lh5,-,tusk,823,1532,league_roster,鬼,tiny,2343,4323,league_roster,/,kez,2702,4406,league_roster,помойка,slardar,2480,4065,league_roster,yo,rubick,1476,2090,league_roster,Speeed,venomancer,903,2007,league_roster
19543,PGL Wallachia 2026 Season 8,8778912772,VG,Liquid,Liquid,Roselia,monkey_king,2331,3914,league_roster,^,viper,2259,3727,league_roster,Bach,sand_king,2314,3516,league_roster,烟弹漏油,leshrac,1384,1855,league_roster,宇宙にきらめく エメラルド,enchantress,903,1442,league_roster,TC,kez,2576,4505,league_roster,мусор,beastmaster,2577,4838,league_roster,50centaur,bristleback,2326,4109,league_roster,Valley of Voices,hoodwink,954,2300,league_roster,`,venomancer,1169,2148,league_roster
19543,PGL Wallachia 2026 Season 8,8778960929,Liquid,VG,Liquid,yondaime,windrunner,2803,4782,league_roster,мусор,void_spirit,2313,4290,league_roster,50centaur,pangolier,2642,4878,league_roster,Valley of Voices,wisp,1292,2105,league_roster,tOfu,techies,1017,1936,league_roster,Roselia,tiny,2358,3984,league_roster,^,queenofpain,2489,3825,league_roster,Bach,bristleback,1928,3357,league_roster,烟弹漏油,grimstroke,933,1378,league_roster,宇宙にきらめく エメラルド,phoenix,1388,1916,league_roster
19543,PGL Wallachia 2026 Season 8,8778945001,HEROIC,VP,HEROIC,Yuma,life_stealer,2781,4760,league_roster,a,keeper_of_the_light,3271,5589,league_roster,Wisper,tidehunter,2648,3960,league_roster,Rita,hoodwink,1093,2087,league_roster,ѡ,zuus,1177,1992,league_roster,nokia,tiny,2274,4006,league_roster,hamilton,sand_king,2859,4429,league_roster,granny got hit by a bazooka,slardar,1869,2439,league_roster,Hellscream,grimstroke,1080,1533,league_roster,T2,phoenix,683,1105,league_roster
19543,PGL Wallachia 2026 Season 8,8779004984,SAR,XG,SAR,VE,alchemist,2151,4786,league_roster,Azul,kunkka,2707,5251,league_roster,^,viper,2344,3966,league_roster,Vigoss,nyx_assassin,1201,1926,league_roster,Cat,batrider,1222,1713,league_roster,ZmjjKK,lone_druid,2763,5094,league_roster,NothingToSay,void_spirit,1954,3452,league_roster,¿,bristleback,1939,3416,league_roster,其疾如风,rubick,1467,1902,league_roster,lavie,enchantress,1431,2063,league_roster
19543,PGL Wallachia 2026 Season 8,8779006190,HEROIC,VP,HEROIC,Yuma,tiny,2392,4054,league_roster,a,sand_king,2469,3916,league_roster,zr,batrider,2483,5010,league_roster,Rita,grimstroke,919,1639,league_roster,марсианин,rubick,645,1165,league_roster,nokia,gyrocopter,2181,3977,league_roster,hamilton,ember_spirit,2062,3471,league_roster,granny got hit by a bazooka,pangolier,2246,3890,league_roster,Hellscream,hoodwink,1198,2074,league_roster,T2,venomancer,1144,1781,league_roster
19543,PGL Wallachia 2026 Season 8,8779057857,SAR,XG,XG,VE,beastmaster,2277,3875,league_roster,Azul,kunkka,2610,4168,league_roster,^,doom_bringer,1775,3591,league_roster,Vigoss,grimstroke,1248,1666,league_roster,Cat,hoodwink,950,1592,league_roster,ZmjjKK,lone_druid,3224,5474,league_roster,,ember_spirit,2490,4445,league_roster,¿,slardar,2462,4976,league_roster,其疾如风,techies,1281,1871,league_roster,lavie,treant,1532,2075,league_roster
19543,PGL Wallachia 2026 Season 8,8779067796,BetBoom,FLCN,FLCN,Naruto~,alchemist,2656,4812,league_roster,negative behavior,ember_spirit,2723,4783,league_roster,17 mind,undying,2718,4563,league_roster,gdc&n,lion,1442,2246,league_roster,hell of a life,bane,1098,1672,league_roster,00,lone_druid,2660,4152,league_roster,...,queenofpain,2329,3616,league_roster,YeS signature player,tidehunter,2496,5055,league_roster,Cr1t-,shadow_shaman,1323,1781,league_roster,Sneyking,phoenix,936,2007,league_roster
19543,PGL Wallachia 2026 Season 8,8779123262,SAR,XG,SAR,VE,beastmaster,2520,4677,league_roster,Azul,death_prophet,2957,5456,league_roster,^,enigma,2588,4580,league_roster,Vigoss,rattletrap,1236,2054,league_roster,Cat,enchantress,1042,2216,league_roster,ZmjjKK,monkey_king,1835,2547,league_roster,NothingToSay,sand_king,1805,2631,league_roster,¿,abyssal_underlord,1992,4129,league_roster,其疾如风,tusk,1100,1658,league_roster,lavie,crystal_maiden,826,1134,league_roster
19543,PGL Wallachia 2026 Season 8,8779155491,FLCN,BetBoom,BetBoom,I m Going To Be The Best Carry,lone_druid,2594,4246,league_roster,...,queenofpain,2445,3706,league_roster,YeS signature player,abyssal_underlord,2426,4118,league_roster,Cr1t-,rubick,938,1447,league_roster,Sneyking,enchantress,1083,1849,league_roster,Naruto~,alchemist,2556,5044,league_roster,negative behavior,void_spirit,2216,3892,league_roster,17 mind,dawnbreaker,2096,3966,league_roster,gdc&n,hoodwink,1233,1960,league_roster,hell of a life,crystal_maiden,1123,1635,league_roster
19543,PGL Wallachia 2026 Season 8,8779214847,TY,NAVI,TY,arima-,weaver,2101,4231,league_roster,CHIRA_JUNIOR,death_prophet,2786,5062,league_roster,!!!,abyssal_underlord,2549,4312,league_roster,lostreak chicken,hoodwink,1047,1925,league_roster,Pohn Jork,treant,1135,2479,league_roster,rejected,monkey_king,2212,4003,league_roster,xx,lone_druid,1864,3434,league_roster,cat/dog,tidehunter,2464,3804,league_roster,ww type life,shadow_demon,968,1411,league_roster,reverie,grimstroke,1037,1473,league_roster
19543,PGL Wallachia 2026 Season 8,8779265864,BetBoom,FLCN,BetBoom,t,tiny,2926,4555,league_roster,negative behavior,pangolier,2956,4808,league_roster,17 mind,dawnbreaker,2248,3908,league_roster,gdc&n,lion,1342,1641,league_roster,hell of a life,silencer,849,1487,league_roster,`ܤ,lone_druid,2525,4224,league_roster,Pt,primal_beast,2418,3607,league_roster,YeS signature player,abyssal_underlord,2192,3943,league_roster,Cr1t-,rattletrap,1008,1361,league_roster,Sneyking,phoenix,1322,1809,league_roster
19543,PGL Wallachia 2026 Season 8,8779297009,NAVI,TY,NAVI,rejected,ursa,2294,4040,league_roster,xx,night_stalker,2678,4399,league_roster,cat/dog,sand_king,2014,3110,league_roster,ww type life,shadow_demon,1190,1929,league_roster,reverie,warlock,993,1613,league_roster,arima-,lone_druid,3076,4751,league_roster,@c,puck,2357,3438,league_roster,!!!,abyssal_underlord,2564,3394,league_roster,lostreak chicken,muerta,1071,1651,league_roster,Pohn Jork,treant,915,1093,league_roster
19543,PGL Wallachia 2026 Season 8,8779372774,PV,Aurora,Aurora,.....,phantom_lancer,2652,4607,league_roster,`˦,tidehunter,2918,5278,league_roster,"Nah, I'd adapt",axe,2895,4232,league_roster,Pele,leshrac,1189,1570,league_roster,Dukalis,mirana,668,1223,league_roster,Lۦ,windrunner,2196,3916,league_roster,River in Flow,puck,2796,4867,league_roster,0Oţ,slardar,2263,3618,league_roster,hǤ,hoodwink,1183,1859,league_roster,pipsqueak,jakiro,726,1404,league_roster
19543,PGL Wallachia 2026 Season 8,8779396380,NAVI,TY,NAVI,rejected,broodmother,1934,3717,league_roster,xx,invoker,1858,2925,league_roster,cat/dog,slardar,2194,3993,league_roster,ww type life,rubick,1096,1813,league_roster,reverie,venomancer,883,1619,league_roster,arima-,terrorblade,2438,4483,league_roster,CHIRA_JUNIOR,kunkka,2496,4854,league_roster,!!!,brewmaster,2295,3687,league_roster,lostreak chicken,hoodwink,1298,1942,league_roster,Pohn Jork,enchantress,1155,2447,league_roster
19543,PGL Wallachia 2026 Season 8,8779491334,MOUZ,Tundra,MOUZ,KITR,lone_druid,3318,5212,league_roster,精神~,ember_spirit,2126,4291,league_roster,TAXMAN,shredder,2173,4170,league_roster,mid two,rattletrap,962,1890,league_roster,deftones.,venomancer,1230,1967,league_roster,1+1=11,tiny,2390,4170,league_roster,arixjj,storm_spirit,2305,3388,league_roster,not human (животное),abyssal_underlord,1897,3215,league_roster,Chestnut,tusk,1157,1592,league_roster,NongMon,silencer,715,1252,league_roster
19543,PGL Wallachia 2026 Season 8,8779478244,PV,Aurora,PV,.....,kez,2780,4633,league_roster,Have fun,invoker,2592,4443,league_roster,"Nah, I'd adapt",slardar,1919,3797,league_roster,Pele,leshrac,1287,1970,league_roster,Dukalis,chen,1386,2280,league_roster,bored,windrunner,2858,4649,league_roster,River in Flow,queenofpain,2685,4853,league_roster,Shenorita`,shredder,2846,4486,league_roster,geekin',hoodwink,858,1635,league_roster,pipsqueak,phoenix,1101,1846,league_roster
19543,PGL Wallachia 2026 Season 8,8779574003,MOUZ,Tundra,Tundra,KITR,alchemist,2186,4494,league_roster,精神~,storm_spirit,2883,4364,league_roster,TAXMAN,tidehunter,2206,4156,league_roster,mid two,tusk,1216,1443,league_roster,deftones.,jakiro,621,1331,league_roster,1+1=11,lone_druid,2791,4706,league_roster,arixjj,sand_king,2606,3822,league_roster,not human (животное),shredder,2248,3772,league_roster,Chestnut,rubick,800,1011,league_roster,NongMon,grimstroke,998,1270,league_roster
19543,PGL Wallachia 2026 Season 8,8779581832,PV,Aurora,Aurora,.....,terrorblade,2487,4143,league_roster,Have fun,void_spirit,2108,3905,league_roster,"Nah, I'd adapt",tidehunter,2365,4478,league_roster,Pele,keeper_of_the_light,1181,2075,league_roster,Dukalis,mirana,670,1328,league_roster,bored,faceless_void,2381,4343,league_roster,River in Flow,storm_spirit,2831,4715,league_roster,Shenorita`,slardar,2102,4652,league_roster,geekin',hoodwink,1340,1994,league_roster,pipsqueak,jakiro,923,1720,league_roster
19543,PGL Wallachia 2026 Season 8,8779658823,MOUZ,Tundra,MOUZ,KITR,medusa,2657,4430,league_roster,精神~,ember_spirit,2502,3747,league_roster,TAXMAN,pangolier,2507,4293,league_roster,mid two,grimstroke,1160,1486,league_roster,deftones.,techies,862,1321,league_roster,1+1=11,life_stealer,2675,4451,league_roster,arixjj,void_spirit,1978,3212,league_roster,not human (животное),doom_bringer,2125,4305,league_roster,Chestnut,rubick,935,1905,league_roster,ݦ,phoenix,882,969,league_roster
19543,PGL Wallachia 2026 Season 8,8780072753,TSpirit,NAVI,NAVI,wuy72456敏捷,alchemist,2297,4061,league_roster,i love social media,beastmaster,2758,4997,league_roster,GAMBOT-PARIS,pangolier,2235,3813,league_roster,,batrider,1152,2059,fallback_lh5,-,silencer,991,1318,league_roster,rejected,doom_bringer,2923,5252,league_roster,xx,huskar,2958,5161,league_roster,cat/dog,abyssal_underlord,2636,5484,league_roster,ww type life,rubick,1060,1662,league_roster,reverie,phoenix,1107,2193,league_roster
19543,PGL Wallachia 2026 Season 8,8780072726,Liquid,HEROIC,Liquid,yondaime,kez,2794,4792,league_roster,мусор,furion,2435,4982,league_roster,50centaur,slardar,2351,3698,league_roster,@BѦ,wisp,1053,2325,league_roster,tOfu,techies,1211,2454,league_roster,`Vh5,tiny,2206,3929,league_roster,a,viper,2391,4308,league_roster,0W,enigma,2421,3684,league_roster,Rita,tusk,977,1334,league_roster,марсианин,phoenix,1388,1883,league_roster
19543,PGL Wallachia 2026 Season 8,8780111494,HEROIC,Liquid,Liquid,Yuma,alchemist,3176,5574,league_roster,a,bristleback,2419,3827,league_roster,˦,undying,2600,4258,league_roster,Rita,lion,955,1655,league_roster,марсианин,venomancer,1124,1894,league_roster,1¢,tiny,2360,4417,league_roster,мусор,ember_spirit,2205,3295,league_roster,50centaur,batrider,2480,4075,league_roster,Valley of Voices⁷,rubick,1325,2205,league_roster,tOfu,phoenix,1022,2202,league_roster
19543,PGL Wallachia 2026 Season 8,8780111466,TSpirit,NAVI,TSpirit,wuy72456敏捷,lone_druid,3650,5913,league_roster,i love social media,storm_spirit,2679,4227,league_roster,GAMBOT-PARIS,kunkka,2762,4058,league_roster,123,rubick,972,1765,fallback_lh5,,silencer,1493,2583,league_roster,rejected,ursa,2089,4069,league_roster,xx,sand_king,2379,4300,league_roster,cat/dog,lycan,1913,3138,league_roster,0!,shadow_demon,1260,2280,league_roster,reverie,grimstroke,1279,2166,league_roster
19543,PGL Wallachia 2026 Season 8,8780164509,NAVI,TSpirit,TSpirit,rejected,doom_bringer,2201,3826,league_roster,"pr,",queenofpain,2162,3923,league_roster,cat/dog,lycan,1896,3428,league_roster,V2,rubick,1645,2518,league_roster,reverie,disruptor,1192,1835,league_roster,wuy72456敏捷,monkey_king,2745,4809,league_roster,i love social media,puck,1954,3906,league_roster,GAMBOT-PARIS,kunkka,2729,4965,league_roster,123,hoodwink,879,1329,fallback_lh5,-,silencer,997,2136,league_roster
19543,PGL Wallachia 2026 Season 8,8780159415,GL,FLCN,FLCN,`K,alchemist,2687,5112,league_roster,)),beastmaster,2740,4157,league_roster,помойка,sand_king,1860,3815,league_roster,yo,techies,810,1643,league_roster,Speeed,chen,1232,1796,league_roster,I m Going To Be The Best Carry,weaver,3009,4857,league_roster,...,void_spirit,2190,3937,league_roster,YeS signature player,bristleback,2533,4071,league_roster,Cr1t-,hoodwink,1146,1919,league_roster,Sneyking,phoenix,850,1502,league_roster
19543,PGL Wallachia 2026 Season 8,8780212309,VG,XG,XG,7,alchemist,2121,4173,league_roster,^,monkey_king,2768,3914,league_roster,Bach,beastmaster,1650,2945,league_roster,烟弹漏油,rubick,1111,1882,league_roster,宇宙にきらめく エメラルド,dazzle,942,1332,league_roster,ZmjjKK,phantom_assassin,3205,4968,league_roster,NothingToSay,ember_spirit,2343,4178,league_roster,¿,axe,2364,4261,league_roster,其疾如风,hoodwink,1561,2045,league_roster,lavie,warlock,1011,1668,league_roster
19543,PGL Wallachia 2026 Season 8,8780224945,GL,FLCN,FLCN,鬼,lone_druid,2548,3416,league_roster,)),sand_king,2599,4453,league_roster,помойка,doom_bringer,2218,4047,league_roster,yo,rubick,1180,2077,league_roster,&7,silencer,1171,2162,league_roster,PrK,tiny,2374,3851,league_roster,...,pangolier,2607,3811,league_roster,YeS signature player,bristleback,2456,4659,league_roster,Cr1t-,hoodwink,1364,2639,league_roster,Py,phoenix,894,1614,league_roster
19543,PGL Wallachia 2026 Season 8,8780270320,XG,VG,XG,ZmjjKK,faceless_void,3064,5269,league_roster,NothingToSay,ember_spirit,2634,4287,league_roster,¿,doom_bringer,2623,4659,league_roster,其疾如风,dark_willow,1263,2298,league_roster,lavie,venomancer,1304,2137,league_roster,Roselia,windrunner,2463,4474,league_roster,^,storm_spirit,2322,3848,league_roster,Bach,alchemist,2018,4044,league_roster,烟弹漏油,rubick,863,1591,league_roster,宇宙にきらめく エメラルド,wisp,1170,1729,league_roster
19543,PGL Wallachia 2026 Season 8,8780302268,SAR,PV,SAR,VE,alchemist,2165,4782,league_roster,Azul,ember_spirit,3126,5271,league_roster,^,viper,2244,4285,league_roster,Vigoss,nyx_assassin,1458,2292,league_roster,Cat,enchantress,999,1909,league_roster,.....,kez,2313,4135,league_roster,Have fun,sand_king,2348,4390,league_roster,"Nah, I'd adapt",shredder,2395,3568,league_roster,Pele,lone_druid,1065,2388,league_roster,Dukalis,grimstroke,1311,1622,league_roster
19543,PGL Wallachia 2026 Season 8,8780342142,MOUZ,VP,VP,^I,dragon_knight,2380,3944,league_roster,精神~,ember_spirit,2178,3566,league_roster,[K,brewmaster,1869,3174,league_roster,mid two,grimstroke,1583,2172,league_roster,deftones.,dazzle,952,1632,league_roster,nokia,luna,2516,4594,league_roster,hamilton,puck,2294,4015,league_roster,granny got hit by a bazooka,dawnbreaker,1983,3531,league_roster,Hellscream,hoodwink,911,1459,league_roster,T2,silencer,1417,2067,league_roster
19543,PGL Wallachia 2026 Season 8,8780381253,PV,SAR,PV,g[,kez,2461,4371,league_roster,Have fun,void_spirit,2631,4385,league_roster,"Nah, I'd adapt",beastmaster,2566,4874,league_roster,Pele,enchantress,1673,2629,league_roster,Dukalis,phoenix,1235,2046,league_roster,VE,windrunner,2079,3325,league_roster,Azul,queenofpain,2321,3792,league_roster,^,bristleback,2568,4078,league_roster,Vigoss,nyx_assassin,1015,1540,league_roster,Cat,venomancer,1362,1728,league_roster
19543,PGL Wallachia 2026 Season 8,8780428772,MOUZ,VP,MOUZ,KITR,tiny,2268,4055,league_roster,精神~,beastmaster,2850,4541,league_roster,TAXMAN,dark_seer,2117,3964,league_roster,mid two,pudge,1392,1946,league_roster,deftones.,phoenix,1126,1989,league_roster,nokia,windrunner,2491,4459,league_roster,hamilton,puck,2075,3575,league_roster,granny got hit by a bazooka,abyssal_underlord,1937,3181,league_roster,Hellscream,hoodwink,1021,1439,league_roster,T2,enchantress,913,1834,league_roster
19543,PGL Wallachia 2026 Season 8,8780454747,SAR,PV,PV,VE,necrolyte,2778,4068,league_roster,Azul,ember_spirit,2636,4888,league_roster,^,dark_seer,1629,3157,league_roster,Vigoss,nyx_assassin,1686,2606,league_roster,Cat,enchantress,1107,1733,league_roster,.....,kez,3050,5269,league_roster,Have fun,pangolier,3113,5440,league_roster,"Nah, I'd adapt",largo,1782,3479,league_roster,Pele,keeper_of_the_light,1416,2466,league_roster,Dukalis,phoenix,1463,2413,league_roster
19543,PGL Wallachia 2026 Season 8,8780527869,MOUZ,VP,MOUZ,KITR,lone_druid,2680,4118,league_roster,精神~,storm_spirit,2347,3933,league_roster,tV,tidehunter,2594,4545,league_roster,mid two,rattletrap,1226,1658,league_roster,deftones.,venomancer,1092,1802,league_roster,nokia,tiny,2495,3966,league_roster,hamilton,invoker,2782,4259,league_roster,granny got hit by a bazooka,primal_beast,1759,3234,league_roster,Hellscream,rubick,945,1400,league_roster,T2,phoenix,815,1190,league_roster
19543,PGL Wallachia 2026 Season 8,8781318601,GL,HEROIC,HEROIC,`P,tiny,2563,4480,league_roster,PV,storm_spirit,1781,3756,league_roster,P,abyssal_underlord,2344,3671,league_roster,`P,shadow_demon,1454,1983,league_roster,PP,phoenix,961,1890,league_roster,pY,life_stealer,2628,4331,league_roster,a,beastmaster,2584,4227,league_roster,Wisper,doom_bringer,2343,4086,league_roster,Rita,grimstroke,1090,1699,league_roster,",",zuus,786,1842,league_roster
19543,PGL Wallachia 2026 Season 8,8781366014,HEROIC,GL,HEROIC,Yuma,tiny,2493,4284,league_roster,a,sand_king,2640,4647,league_roster,Wisper,kunkka,2459,3765,league_roster,Rita,grimstroke,1000,1628,league_roster,ю,rubick,1186,1622,league_roster,!o,doom_bringer,2223,3584,league_roster,)),queenofpain,2378,4133,league_roster,помойка,beastmaster,2481,4557,league_roster,HF,tusk,987,1711,league_roster,o,phoenix,926,1326,league_roster
19543,PGL Wallachia 2026 Season 8,8781428124,SAR,MOUZ,SAR,VE,windrunner,2692,5164,league_roster,Azul,kunkka,2857,5203,league_roster,^,doom_bringer,2255,4196,league_roster,#,grimstroke,1554,2849,league_roster,Cat,rattletrap,1602,2047,league_roster,KITR,tiny,2211,3483,league_roster,精神~,ember_spirit,2152,3339,league_roster,`M!,pangolier,1952,3123,league_roster,mid two,pudge,1084,1713,league_roster,deftones.,phoenix,1003,1369,league_roster
19543,PGL Wallachia 2026 Season 8,8781484100,SAR,MOUZ,MOUZ,VE,kez,1876,2925,league_roster,Azul,pangolier,2659,4567,league_roster,^,slardar,2720,4634,league_roster,FQ,grimstroke,1257,2199,league_roster,Cat,crystal_maiden,1400,2149,league_roster,KITR,alchemist,2841,5226,league_roster,ྒྷ,viper,2012,4132,league_roster,0,largo,2776,3928,league_roster,mid two,hoodwink,1265,2271,league_roster,deftones.,batrider,1500,2355,league_roster
19543,PGL Wallachia 2026 Season 8,8781560526,MOUZ,SAR,SAR,0dj,ursa,2238,3268,league_roster,精神~,ember_spirit,2673,4412,league_roster,TAXMAN,dark_seer,2323,3870,league_roster,mid two,tusk,929,1616,league_roster,deftones.,batrider,1053,1925,league_roster,VE,doom_bringer,2974,4326,league_roster,Azul,kunkka,2357,4126,league_roster,^,enigma,2416,3944,league_roster,Vigoss,hoodwink,1154,1671,league_roster,Cat,crystal_maiden,1239,1527,league_roster
19543,PGL Wallachia 2026 Season 8,8781669218,XG,TSpirit,TSpirit,m,tiny,2249,3877,league_roster,NothingToSay,tinker,2604,4730,league_roster,¿,tidehunter,2719,4666,league_roster,其疾如风,hoodwink,1151,1488,league_roster,Pb,phoenix,893,1243,league_roster,-b,lone_druid,2329,4243,league_roster,x,primal_beast,1931,4276,league_roster,GAMBOT-PARIS,shredder,2145,4445,league_roster,123,ringmaster,1230,1765,fallback_lh5,-,silencer,752,1456,league_roster
19543,PGL Wallachia 2026 Season 8,8781808385,TSpirit,XG,TSpirit,wuy72456敏捷,faceless_void,2646,4553,league_roster,,beastmaster,2428,3829,league_roster,GAMBOT-PARIS,batrider,1972,2990,league_roster,123,techies,1302,1694,fallback_lh5,-,silencer,850,1255,league_roster,_,phantom_lancer,2500,4475,league_roster,0G],ember_spirit,2249,3952,league_roster,¿,pangolier,2355,3760,league_roster,`_,hoodwink,1307,2157,league_roster,lavie,phoenix,1138,2159,league_roster
19543,PGL Wallachia 2026 Season 8,8782527726,PV,SAR,SAR,.....,meepo,3020,4994,league_roster,E,invoker,1893,3357,league_roster,"Nah, I'd adapt",beastmaster,2862,4524,league_roster,Pele,rubick,1264,1794,league_roster,Dukalis,pugna,1419,1740,league_roster,VE,monkey_king,2410,4236,league_roster,Azul,queenofpain,2845,4808,league_roster,^,pangolier,2872,4276,league_roster,&,earthshaker,1417,1965,league_roster,Cat,ringmaster,1364,2389,league_roster
19543,PGL Wallachia 2026 Season 8,8782581053,SAR,PV,PV,VE,monkey_king,2327,4295,league_roster,Azul,pangolier,2769,4189,league_roster,^,night_stalker,2131,3963,league_roster,p:,hoodwink,1388,2220,league_roster,Cat,ancient_apparition,1249,1934,league_roster,.....,kez,2251,3886,league_roster,Have fun,puck,2219,4159,league_roster,s}r,largo,2991,4412,league_roster,Pele,keeper_of_the_light,1177,1824,league_roster,:E,jakiro,927,1254,league_roster
19543,PGL Wallachia 2026 Season 8,8782625329,PV,SAR,PV,.....,terrorblade,2639,4332,league_roster,Have fun,void_spirit,2047,3024,league_roster,"Nah, I'd adapt",slardar,2164,2531,league_roster,Pele,keeper_of_the_light,1660,2191,league_roster,0,grimstroke,1352,1483,league_roster,VE,windrunner,3226,5328,league_roster,Azul,queenofpain,2559,4437,league_roster,^,pangolier,2338,4382,league_roster,Vigoss,rattletrap,1210,1727,league_roster,Cat,enchantress,1277,2397,league_roster
19543,PGL Wallachia 2026 Season 8,8782678248,Aurora,HEROIC,Aurora,bored,tiny,2410,4107,league_roster,River in Flow,beastmaster,2405,4223,league_roster,@5,centaur,2389,4496,league_roster,geekin',shadow_demon,1271,1680,league_roster,pipsqueak,enchantress,993,1824,league_roster,Yuma,weaver,2482,4154,league_roster,a,viper,2582,3971,league_roster,Wisper,abyssal_underlord,2349,3940,league_roster,Rita,rubick,1291,1971,league_roster,марсианин,zuus,916,1367,league_roster
19543,PGL Wallachia 2026 Season 8,8782750796,HEROIC,Aurora,Aurora,Yuma,monkey_king,2704,4497,league_roster,a,pangolier,2163,4162,league_roster,Wisper,dawnbreaker,2226,2838,league_roster,Rita,shadow_shaman,897,1628,league_roster,марсианин,death_prophet,1107,1938,league_roster,bored,ursa,2626,5032,league_roster,River in Flow,puck,2421,4142,league_roster,Py,largo,2393,4104,league_roster,geekin',hoodwink,652,1269,league_roster,pipsqueak,jakiro,762,1396,league_roster
19543,PGL Wallachia 2026 Season 8,8782870472,FLCN,Liquid,Liquid,I m Going To Be The Best Carry,alchemist,3016,5142,league_roster,...,primal_beast,2501,4003,league_roster,YeS signature player,monkey_king,2600,4252,league_roster,0q;,hoodwink,1135,1622,league_roster,Sneyking,phoenix,787,1390,league_roster,~,lone_druid,2623,3951,league_roster,,storm_spirit,3043,4821,league_roster,50centaur,abyssal_underlord,2392,4676,league_roster,qw1nk1,rubick,1361,2189,league_roster,tOfu,oracle,1217,1685,league_roster
19543,PGL Wallachia 2026 Season 8,8783006717,FLCN,Liquid,Liquid,I m Going To Be The Best Carry,monkey_king,2688,3972,league_roster,...,sand_king,2935,4588,league_roster,"^,",tidehunter,2407,4651,league_roster,Cr1t-,rubick,870,1900,league_roster,"@^,",silencer,874,1490,league_roster,`nR,windrunner,2544,4308,league_roster,,queenofpain,2834,4622,league_roster,50centaur,pangolier,2350,4383,league_roster,qw1nk1,hoodwink,934,1645,league_roster,P),treant,1224,1729,league_roster
19543,PGL Wallachia 2026 Season 8,8783105237,TSpirit,BetBoom,BetBoom,C,terrorblade,2191,4082,league_roster,i love social media,tiny,2253,3601,league_roster,GAMBOT-PARIS,abyssal_underlord,2576,4271,league_roster,123,ringmaster,783,1302,fallback_lh5,-,silencer,853,1210,league_roster,Naruto~,life_stealer,2265,4018,league_roster,negative behavior,puck,2479,4285,league_roster,17 mind,beastmaster,2730,5123,league_roster,gdc&n,windrunner,1655,2716,league_roster,hell of a life,lich,989,1907,league_roster
19543,PGL Wallachia 2026 Season 8,8783198427,BetBoom,TSpirit,BetBoom,Naruto~,muerta,2437,4712,league_roster,negative behavior,puck,2407,3892,league_roster,17 mind,lycan,2715,4665,league_roster,gdc&n,rubick,1256,1799,league_roster,hell of a life,treant,899,1291,league_roster,f),luna,1793,3567,league_roster,i love social media,void_spirit,2157,3752,league_roster,GAMBOT-PARIS,axe,2233,4209,league_roster,123,hoodwink,963,1911,fallback_lh5,-,silencer,869,1848,league_roster
19543,PGL Wallachia 2026 Season 8,8783810675,SAR,HEROIC,SAR,VE,monkey_king,2207,3457,league_roster,Azul,pangolier,1636,2859,league_roster,^,axe,2848,4133,league_roster,pq\,hoodwink,1244,1546,league_roster,Cat,enchantress,1138,1964,league_roster,Yuma,muerta,2190,4429,league_roster,a,viper,2996,5352,league_roster,`z%[,mars,2595,4279,league_roster,Rita,tusk,1158,1704,league_roster,марсианин,rubick,654,2047,league_roster
19543,PGL Wallachia 2026 Season 8,8783863589,SAR,HEROIC,HEROIC,VE,kez,2435,4195,league_roster,Azul,pangolier,1562,2938,league_roster,^,brewmaster,2040,3626,league_roster,Yw\,hoodwink,1274,2246,league_roster,Cat,enchantress,1544,2219,league_roster,Yuma,bloodseeker,2491,3993,league_roster,a,viper,2626,4493,league_roster,Wisper,tidehunter,2504,4522,league_roster,Rita,tusk,1377,2065,league_roster,̢],rubick,616,1494,league_roster
19543,PGL Wallachia 2026 Season 8,8783919534,SAR,HEROIC,SAR,VE,monkey_king,2479,4205,league_roster,Azul,queenofpain,2215,3830,league_roster,^,primal_beast,2078,3654,league_roster,tӻ],lion,1472,2173,league_roster,Cat,treant,1252,1674,league_roster,@!ӻ],life_stealer,2351,3834,league_roster,a,pangolier,2508,3955,league_roster,ӻ],brewmaster,2340,4132,league_roster,Rita,hoodwink,1165,1641,league_roster,Hp],rubick,1008,1667,league_roster
19543,PGL Wallachia 2026 Season 8,8783980542,FLCN,TSpirit,FLCN,I m Going To Be The Best Carry,tiny,2401,4374,league_roster,v[,pangolier,2535,4587,league_roster,],doom_bringer,2666,4099,league_roster,0],hoodwink,908,1527,league_roster,Sneyking,enchantress,892,1174,league_roster,],monkey_king,2017,3128,league_roster,@[,puck,2292,4214,league_roster,GAMBOT-PARIS,abyssal_underlord,2504,4236,league_roster,123,rubick,1035,1514,fallback_lh5,-,bane,981,1225,league_roster
19543,PGL Wallachia 2026 Season 8,8784047386,TSpirit,FLCN,FLCN,wuy72456敏捷,monkey_king,2684,4101,league_roster,i love social media,queenofpain,2182,3155,league_roster,GAMBOT-PARIS,primal_beast,2218,4184,league_roster,123,grimstroke,1140,2201,fallback_lh5,-,phoenix,1126,1560,league_roster,Pn^,tiny,2801,4296,league_roster,...,pangolier,2749,4299,league_roster,YeS signature player,doom_bringer,2593,3733,league_roster,Cr1t-,hoodwink,1324,1881,league_roster,@1^,mirana,1082,1951,league_roster
19543,PGL Wallachia 2026 Season 8,8784176993,Aurora,PV,PV,Ptz],faceless_void,2367,3739,league_roster,River in Flow,void_spirit,2241,3883,league_roster,Shenorita`,pangolier,2755,4470,league_roster,^,hoodwink,1090,1352,league_roster,pipsqueak,jakiro,1019,1319,league_roster,0?q[,meepo,2314,4152,league_roster,Have fun,puck,2584,4415,league_roster,cP\,tidehunter,2854,5042,league_roster,Pele,keeper_of_the_light,1164,1784,league_roster,Dukalis,phoenix,786,1458,league_roster
19543,PGL Wallachia 2026 Season 8,8784255815,PV,Aurora,Aurora,.....,terrorblade,2091,4214,league_roster,Have fun,ember_spirit,2204,3936,league_roster,"Nah, I'd adapt",bristleback,2194,3862,league_roster,],keeper_of_the_light,1439,2004,league_roster,Dukalis,phoenix,963,1772,league_roster,bored,ursa,2811,4686,league_roster,River in Flow,puck,2378,4321,league_roster,Shenorita`,largo,2354,4044,league_roster,geekin',rubick,1768,2484,league_roster,pipsqueak,warlock,1645,2203,league_roster
19543,PGL Wallachia 2026 Season 8,8784373796,PV,Aurora,Aurora,q\,medusa,1958,3530,league_roster,Have fun,tiny,2406,3969,league_roster,"Nah, I'd adapt",night_stalker,1151,2584,league_roster,Pele,rubick,960,1428,league_roster,P=[,rattletrap,849,1650,league_roster,bored,windrunner,3234,5133,league_roster,River in Flow,puck,2639,4303,league_roster,Shenorita`,beastmaster,2927,4881,league_roster,^,hoodwink,1020,1609,league_roster,pipsqueak,venomancer,712,1977,league_roster
19543,PGL Wallachia 2026 Season 8,8784508335,Liquid,BetBoom,Liquid,yondaime,tiny,2613,4245,league_roster,мусор,queenofpain,2450,4267,league_roster,50centaur,dawnbreaker,2325,3852,league_roster,qw1nk1,tusk,1107,1549,league_roster,0^,phoenix,909,1511,league_roster,Naruto~,life_stealer,1955,3648,league_roster,negative behavior,ember_spirit,2388,3936,league_roster,17 mind,shredder,2696,4383,league_roster,gdc&n,rubick,1163,1987,league_roster,hell of a life,lich,958,1437,league_roster
19543,PGL Wallachia 2026 Season 8,8784597508,BetBoom,Liquid,BetBoom,Naruto~,kez,2663,4914,league_roster,negative behavior,queenofpain,2986,4780,league_roster,@C^,tidehunter,1673,3595,league_roster,gdc&n,windrunner,1219,1711,league_roster,hell of a life,winter_wyvern,1158,1845,league_roster,yondaime,alchemist,3206,6877,league_roster,мусор,huskar,1646,3362,league_roster,50centaur,largo,2322,3715,league_roster,qw1nk1,lion,964,1553,league_roster,0w^,oracle,1739,2507,league_roster
19543,PGL Wallachia 2026 Season 8,8784700248,Liquid,BetBoom,BetBoom,yondaime,tiny,2452,4438,league_roster,мусор,void_spirit,2385,3816,league_roster,Ph],dawnbreaker,2428,3903,league_roster,P^,lion,1015,1374,league_roster,tOfu,phoenix,1090,1533,league_roster,[,kez,2940,5104,league_roster,negative behavior,queenofpain,2400,4094,league_roster,17 mind,tidehunter,2195,3168,league_roster,gdc&n,rubick,1154,1920,league_roster,hell of a life,winter_wyvern,915,1642,league_roster
19543,PGL Wallachia 2026 Season 8,8785243904,PV,FLCN,FLCN,@v],monkey_king,2368,3251,league_roster,Have fun,queenofpain,2552,4499,league_roster,"Nah, I'd adapt",doom_bringer,2436,4605,league_roster,Pele,ringmaster,1043,1708,league_roster,Dukalis,enchantress,1101,1936,league_roster,I m Going To Be The Best Carry,alchemist,2426,3568,league_roster,...,beastmaster,2521,4352,league_roster,]?],viper,2451,4483,league_roster,Cr1t-,rubick,1275,2575,league_roster,Sneyking,phoenix,920,1721,league_roster
19543,PGL Wallachia 2026 Season 8,8785317017,FLCN,PV,FLCN,I m Going To Be The Best Carry,tiny,2530,4148,league_roster,...,void_spirit,2071,3702,league_roster,YeS signature player,doom_bringer,2530,4657,league_roster,Cr1t-,rubick,1018,1429,league_roster,Sneyking,silencer,1013,1594,league_roster,.....,lone_druid,2571,4171,league_roster,nց_,queenofpain,2205,3675,league_roster,"Nah, I'd adapt",necrolyte,2884,4678,league_roster,Pele,monkey_king,1022,1641,league_roster,Dukalis,phoenix,1300,1825,league_roster
19543,PGL Wallachia 2026 Season 8,8785399798,Liquid,SAR,Liquid,@r^,queenofpain,2816,4437,league_roster,{_,beastmaster,2371,4010,league_roster,50centaur,pangolier,2505,4624,league_roster,k],rubick,1047,1723,league_roster,tOfu,phoenix,966,2476,league_roster,VE,tiny,2406,4039,league_roster,Azul,kunkka,2831,4425,league_roster,^,viper,2463,4042,league_roster,Vigoss,tusk,1047,1370,league_roster,Cat,ringmaster,1332,1942,league_roster
19543,PGL Wallachia 2026 Season 8,8785463098,SAR,Liquid,Liquid,VE,kez,2380,4121,league_roster,Azul,viper,2502,4332,league_roster,^,slardar,2264,4078,league_roster,Vigoss,shadow_demon,1490,2413,league_roster,Cat,phoenix,1577,2662,league_roster,yondaime,windrunner,2681,4469,league_roster,z_,queenofpain,1990,4218,league_roster,50centaur,abyssal_underlord,2726,4257,league_roster,qw1nk1,hoodwink,684,1587,league_roster,tOfu,tusk,1288,1599,league_roster
19543,PGL Wallachia 2026 Season 8,8785561247,Aurora,BetBoom,BetBoom,bored,tiny,2414,4589,league_roster,River in Flow,queenofpain,2458,3824,league_roster,Shenorita`,mars,2571,4241,league_roster,geekin',lion,1013,1560,league_roster,pipsqueak,phoenix,930,1574,league_roster,[_,monkey_king,1944,3710,league_roster,negative behavior,pangolier,1916,4006,league_roster,P[J],dawnbreaker,2150,3261,league_roster,gdc&n,windrunner,1390,2283,league_roster,hell of a life,oracle,805,1509,league_roster
19543,PGL Wallachia 2026 Season 8,8785712176,BetBoom,Aurora,Aurora,Naruto~,faceless_void,2006,3462,league_roster,`nǒ_,puck,2231,3504,league_roster,17 mind,bristleback,2356,3565,league_roster,V_,hoodwink,1008,1906,league_roster,@!],silencer,1069,1449,league_roster,bored,tiny,2300,4323,league_roster,River in Flow,void_spirit,2512,3903,league_roster,`f_,mars,2420,4222,league_roster,geekin',rubick,868,1639,league_roster,pipsqueak,warlock,656,1243,league_roster
19543,PGL Wallachia 2026 Season 8,8785812275,BetBoom,Aurora,BetBoom,Љ6_,monkey_king,2040,3546,league_roster,negative behavior,huskar,2510,5003,league_roster,17 mind,batrider,2269,3608,league_roster,X_,hoodwink,792,1805,league_roster,hell of a life,oracle,644,961,league_roster,bored,ursa,2412,4576,league_roster,River in Flow,puck,1434,3142,league_roster,Shenorita`,mars,2556,4001,league_roster,geekin',techies,786,1226,league_roster,pipsqueak,warlock,962,2073,league_roster
19543,PGL Wallachia 2026 Season 8,8785918300,FLCN,Liquid,FLCN,I m Going To Be The Best Carry,tiny,2152,4005,league_roster,...,batrider,2714,4300,league_roster,YeS signature player,dawnbreaker,2640,5177,league_roster,Cr1t-,rattletrap,1085,2165,league_roster,p],silencer,943,1696,league_roster,N_,furion,2228,3415,league_roster,мусор,puck,2620,4253,league_roster,50centaur,pangolier,2396,4167,league_roster,qw1nk1,hoodwink,1190,1807,league_roster,tOfu,rubick,1555,2209,league_roster
19543,PGL Wallachia 2026 Season 8,8786038067,Liquid,FLCN,Liquid,yondaime,kez,2344,3867,league_roster,мусор,queenofpain,2785,4226,league_roster,p?[,batrider,2240,4438,league_roster,Q^,wisp,1326,1763,league_roster,tOfu,techies,1174,1551,league_roster,I m Going To Be The Best Carry,tiny,1915,3856,league_roster,...,ember_spirit,2357,3940,league_roster,zy`,bristleback,2443,4097,league_roster,Cr1t-,hoodwink,1127,1716,league_roster,Sneyking,phoenix,997,1365,league_roster
19543,PGL Wallachia 2026 Season 8,8786127499,FLCN,Liquid,FLCN,I m Going To Be The Best Carry,tiny,2446,4202,league_roster,...,sand_king,2129,3926,league_roster,YeS signature player,doom_bringer,2788,5203,league_roster,Cr1t-,rubick,1206,2461,league_roster,Sneyking,silencer,1217,1755,league_roster,yondaime,monkey_king,2282,3638,league_roster,мусор,queenofpain,2640,4303,league_roster,50centaur,batrider,1923,3943,league_roster,qw1nk1,wisp,1083,2225,league_roster,tOfu,oracle,1331,2327,league_roster
19543,PGL Wallachia 2026 Season 8,8786827560,FLCN,Aurora,Aurora,I m Going To Be The Best Carry,skeleton_king,2142,3265,league_roster,...,pangolier,2717,4459,league_roster,YeS signature player,bristleback,2127,3313,league_roster,Cr1t-,batrider,927,1262,league_roster,Sneyking,silencer,732,1180,league_roster,bored,lone_druid,2826,4962,league_roster,River in Flow,storm_spirit,2487,4903,league_roster,Shenorita`,largo,2264,3939,league_roster,geekin',lion,941,1712,league_roster,pipsqueak,warlock,1345,2747,league_roster
19543,PGL Wallachia 2026 Season 8,8786902529,Aurora,FLCN,Aurora,@],faceless_void,1713,2774,league_roster,River in Flow,puck,2526,4480,league_roster,Shenorita`,largo,2223,4123,league_roster,geekin',rubick,650,1601,league_roster,pipsqueak,venomancer,1087,2353,league_roster,I m Going To Be The Best Carry,kez,2371,3967,league_roster,...,batrider,2468,4173,league_roster,YeS signature player,axe,2825,4205,league_roster,Cr1t-,hoodwink,1238,1662,league_roster,Sneyking,silencer,875,1328,league_roster
19543,PGL Wallachia 2026 Season 8,8787054928,BetBoom,Aurora,BetBoom,Naruto~,muerta,2576,3767,league_roster,_,pangolier,2867,4060,league_roster,17 mind,enigma,2675,5214,league_roster,gdc&n,windrunner,1280,2541,league_roster,b`,tusk,658,1165,league_roster,bored,faceless_void,2220,4034,league_roster,River in Flow,queenofpain,2380,4014,league_roster,Shenorita`,largo,2039,3500,league_roster,geekin',hoodwink,1091,1467,league_roster,pipsqueak,warlock,1035,1692,league_roster
19543,PGL Wallachia 2026 Season 8,8787185127,Aurora,BetBoom,BetBoom,bored,doom_bringer,2372,4283,league_roster,River in Flow,queenofpain,2313,3996,league_roster,Shenorita`,mars,2306,3289,league_roster,xP^,lion,877,1577,league_roster,pipsqueak,warlock,888,1649,league_roster,Naruto~,monkey_king,2632,3871,league_roster,negative behavior,pangolier,2808,4087,league_roster,P`,tidehunter,2491,4148,league_roster,gdc&n,ringmaster,1318,1827,league_roster,hell of a life,silencer,1410,1497,league_roster
19543,PGL Wallachia 2026 Season 8,8787299097,BetBoom,Aurora,BetBoom,Naruto~,muerta,2135,3423,league_roster,negative behavior,puck,2572,3951,league_roster,17 mind,largo,2502,3920,league_roster,gdc&n,windrunner,1721,1974,league_roster,Uw],tusk,1008,1580,league_roster,bored,tiny,2305,3930,league_roster,River in Flow,ember_spirit,2596,3982,league_roster,0C^,abyssal_underlord,2614,3680,league_roster,geekin',hoodwink,951,1285,league_roster,pipsqueak,warlock,1099,1424,league_roster
19255,Premier Series,8731221593,L1,Nemiga,L1,kill them all,templar_assassin,2658,5068,league_roster,Layton,void_spirit,2672,4000,league_roster,kUBAJlDA,slardar,2054,3238,league_roster,player,lion,947,1512,league_roster,O'Block,phoenix,845,1552,league_roster,obsessed,ursa,2505,4138,league_roster,Serenityy,puck,2298,4318,league_roster,tamagochi,primal_beast,2170,3484,league_roster,ШИЗИК,hoodwink,1429,1629,league_roster,VaniLLl,jakiro,506,837,league_roster
19255,Premier Series,8731263319,Nemiga,L1,Nemiga,obsessed,life_stealer,2808,5004,league_roster,Serenityy,beastmaster,2110,3925,league_roster,tamagochi,tidehunter,2123,4036,league_roster,ШИЗИК,nyx_assassin,1028,2249,league_roster,VaniLLl,ringmaster,1041,1600,league_roster,5s,templar_assassin,2731,5195,league_roster,Layton,tiny,2304,4106,league_roster,kUBAJlDA,bristleback,1947,3139,league_roster,player,shadow_shaman,1014,1360,league_roster,O'Block,phoenix,1229,1921,league_roster
19255,Premier Series,8731318784,L1,Nemiga,Nemiga,аn,beastmaster,2566,4351,league_roster,Layton,ember_spirit,2666,4110,league_roster,kUBAJlDA,abyssal_underlord,2187,3668,league_roster,player,shadow_demon,1034,1293,league_roster,O'Block,skywrath_mage,1113,1770,league_roster,obsessed,templar_assassin,2230,4208,league_roster,Serenityy,storm_spirit,2366,4001,league_roster,tamagochi,kunkka,2671,4009,league_roster,ШИЗИК,shadow_shaman,801,1195,league_roster,VaniLLl,warlock,847,1351,league_roster
19255,Premier Series,8731381290,VPP,RE,RE,extract,windrunner,1879,3662,league_roster,Serenada,beastmaster,2343,4091,league_roster,Buster,shredder,1989,3435,league_roster,опиаты круг,nyx_assassin,1062,1410,league_roster,ジャンター,warlock,812,1297,league_roster,wwwwwww,luna,2836,5095,league_roster,91 days,kunkka,2845,4915,league_roster,ЛУЧШИЙ ♡,dawnbreaker,2514,3752,league_roster,uuu,tusk,1391,1851,league_roster,slow summer eve,treant,1034,1774,league_roster
19255,Premier Series,8731472392,RE,VPP,RE,wwwwwww,beastmaster,3042,5203,league_roster,91 days,viper,2772,4366,league_roster,ЛУЧШИЙ ♡,centaur,2102,4362,league_roster,uuu,spirit_breaker,1082,1610,league_roster,0ܚbs,warlock,1066,1789,league_roster,extract,luna,2628,4234,league_roster,Serenada,storm_spirit,1534,3298,league_roster,q,razor,1724,2890,league_roster,опиаты круг,tiny,1189,1527,league_roster,`iWr,phoenix,810,1426,league_roster
19255,Premier Series,8731579829,TSA,Z10,Z10,ep,clinkz,2553,4013,league_roster,playmaker,pangolier,2614,3781,league_roster,worth waiting,centaur,1990,3072,league_roster,Aidar,dark_willow,1566,1902,league_roster,lego prime,jakiro,1429,1793,league_roster,Jesse Pinkman,life_stealer,2543,4573,league_roster,命に嫌われている。,sand_king,2564,4477,league_roster,nefrit,tidehunter,2260,3975,league_roster,怨恨,hoodwink,885,1973,league_roster,whatthefcckhaveyoudonelately,phoenix,946,1755,league_roster
19255,Premier Series,8731678475,Z10,TSA,Z10,Jesse Pinkman,medusa,2748,4938,league_roster,命に嫌われている。,tiny,2045,3262,league_roster,nefrit,bristleback,2478,5079,league_roster,怨恨,hoodwink,1284,2197,league_roster,whatthefcckhaveyoudonelately,warlock,1100,2136,league_roster,ep,templar_assassin,2681,4690,league_roster,playmaker,beastmaster,2270,4126,league_roster,worth waiting,slardar,2154,3602,league_roster,Aidar,techies,975,1674,league_roster,lego prime,jakiro,1078,1680,league_roster
19255,Premier Series,8731756504,PR,YeS,YeS,alea iacta est,nevermore,2552,4535,league_roster,capo,tiny,1440,2878,league_roster,transurfing,bristleback,1943,3653,league_roster,Immersion,ringmaster,1050,1342,league_roster,-,warlock,1028,1534,league_roster,--------------------------------,windrunner,2783,4616,league_roster,Огузок сильнейший игрок на поле,huskar,2818,5156,league_roster,GAMBOT-PARIS,kunkka,1955,3876,league_roster,skoro prime?,marci,1121,1513,league_roster,Xakoda,bane,1408,2109,league_roster
19255,Premier Series,8731836208,PR,YeS,PR,alea iacta est,morphling,2817,4806,league_roster,capo,puck,2271,3455,league_roster,transurfing,tidehunter,2173,4078,league_roster,Immersion,phoenix,1185,1949,league_roster,-,jakiro,1308,2066,league_roster,--------------------------------,kez,2528,4037,league_roster,Огузок сильнейший игрок на поле,void_spirit,2680,4102,league_roster,GAMBOT-PARIS,bristleback,2070,3490,league_roster,skoro prime?,muerta,686,1068,league_roster,Xakoda,shadow_demon,1021,1719,league_roster
19255,Premier Series,8731906608,PR,YeS,YeS,alea iacta est,kez,2414,4002,league_roster,capo,puck,2600,4793,league_roster,transurfing,abyssal_underlord,2224,4207,league_roster,Immersion,shadow_shaman,1655,2249,league_roster,-,jakiro,968,1698,league_roster,--------------------------------,muerta,2499,4179,league_roster,Огузок сильнейший игрок на поле,void_spirit,2460,3704,league_roster,GAMBOT-PARIS,axe,2917,4084,league_roster,skoro prime?,dark_willow,879,1440,league_roster,Xakoda,shadow_demon,1051,1439,league_roster
19255,Premier Series,8732455100,PR,Shpilit,PR,alea iacta est,windrunner,2429,4473,league_roster,pϦp,huskar,2663,4756,league_roster,transurfing,mars,2351,3305,league_roster,Immersion,shadow_demon,955,1348,league_roster,-,chen,1506,2751,league_roster,zuyzyan,muerta,2786,4640,league_roster,nia,puck,1804,3643,league_roster,zarich,centaur,2258,3805,league_roster,Kyzko,marci,1394,1748,league_roster,p,jakiro,1280,1816,league_roster
19255,Premier Series,8732516516,PR,Shpilit,PR,alea iacta est,kez,3008,4591,league_roster,capo,tiny,2677,4571,league_roster,transurfing,brewmaster,1511,3136,league_roster,Immersion,treant,1144,1696,league_roster,-,ancient_apparition,1049,1910,league_roster,zuyzyan,nevermore,2597,4632,league_roster,nia,storm_spirit,2441,3817,league_roster,zarich,marci,2023,3706,league_roster,Kyzko,shadow_shaman,1030,1507,league_roster,RIs,jakiro,1222,1639,league_roster
19255,Premier Series,8732591809,PR,RE,PR,alea iacta est,luna,2438,4079,league_roster,capo,keeper_of_the_light,2237,4471,league_roster,transurfing,largo,2430,3924,league_roster,Immersion,hoodwink,901,1561,league_roster,-,jakiro,1238,1987,league_roster,wwwwwww,nevermore,2354,4386,league_roster,91 days,queenofpain,2425,3973,league_roster,ЛУЧШИЙ ♡,brewmaster,1939,3759,league_roster,uuu,shadow_demon,1026,1557,league_roster,slow summer eve,disruptor,569,845,league_roster
19255,Premier Series,8732684200,PR,RE,PR,alea iacta est,kez,2836,5049,league_roster,capo,keeper_of_the_light,2157,4005,league_roster,transurfing,mars,2267,3893,league_roster,Immersion,shadow_shaman,1001,1732,league_roster,-,warlock,764,2042,league_roster,wwwwwww,beastmaster,2870,4637,league_roster,91 days,queenofpain,2791,4612,league_roster,ЛУЧШИЙ ♡,batrider,2431,4069,league_roster,uuu,tiny,1081,1524,league_roster,slow summer eve,pugna,1095,1446,league_roster
19255,Premier Series,8732806989,L1,A+5,L1,`r,life_stealer,2785,4733,league_roster,Layton,nevermore,2482,4475,league_roster,kUBAJlDA,mars,2078,3110,league_roster,player,phoenix,882,1150,league_roster,O'Block,bane,1087,1461,league_roster,1nonly,luna,2244,4390,league_roster,4nalog,invoker,1865,3293,league_roster,Ћr,dark_seer,2125,3762,league_roster,blacklist,tiny,634,1109,league_roster,Ak,treant,963,1715,league_roster
19255,Premier Series,8732939854,A+5,L1,L1,1nonly,templar_assassin,2390,3972,league_roster,4nalog,tiny,2237,3885,league_roster,!!!,bristleback,1880,3236,league_roster,blacklist,shadow_shaman,1218,1733,league_roster,Ak,jakiro,1115,1726,league_roster,kill them all,windrunner,2502,4657,league_roster,Layton,puck,2182,3626,league_roster,kUBAJlDA,abyssal_underlord,2295,4081,league_roster,player,hoodwink,1182,2146,league_roster,O'Block,phoenix,810,1537,league_roster
19255,Premier Series,8733082506,TSA,PIPS4,PIPS4,ep,clinkz,2740,4556,league_roster,playmaker,keeper_of_the_light,1824,3917,league_roster,worth waiting,bristleback,2929,4991,league_roster,Aidar,lion,1169,1708,league_roster,lego prime,warlock,1204,1840,league_roster,Alle,nevermore,2066,3763,league_roster,ряф^^,dazzle,2666,5139,league_roster,sagyndym,mars,1848,3400,league_roster,3.7,tusk,1376,2251,league_roster,delusion,jakiro,876,1151,league_roster
19255,Premier Series,8733166250,PIPS4,TSA,PIPS4,Alle,templar_assassin,2698,5095,league_roster,ряф^^,dazzle,2731,5122,league_roster,sagyndym,centaur,2753,5442,league_roster,3.7,jakiro,973,1977,league_roster,delusion,marci,975,1675,league_roster,ep,beastmaster,2088,4218,league_roster,playmaker,puck,2363,4113,league_roster,worth waiting,kunkka,2435,4511,league_roster,Aidar,dark_willow,1038,1628,league_roster,lego prime,disruptor,922,1951,league_roster
19255,Premier Series,8733698996,Shpilit,AVULUS,Shpilit,1,templar_assassin,2597,4581,league_roster,nia,ember_spirit,2770,4526,league_roster,zarich,razor,2442,4831,league_roster,Kyzko,nyx_assassin,1258,2349,league_roster,SOLOLINEABUSE,warlock,1392,2430,league_roster,/godmode,luna,2173,3929,league_roster,b 0 t,void_spirit,2118,3910,league_roster,Yayo,mars,2272,3881,league_roster,"9,xR",dark_willow,1242,1631,league_roster,iceice,jakiro,876,1341,league_roster
19255,Premier Series,8733755232,AVULUS,Shpilit,AVULUS,/godmode,windrunner,2965,4914,league_roster,b 0 t,storm_spirit,2782,4698,league_roster,Yayo,abyssal_underlord,2471,4069,league_roster,@Q,hoodwink,1173,1444,league_roster,iceice,warlock,1471,2140,league_roster,zuyzyan,kez,2070,3891,league_roster,nia,beastmaster,2343,4301,league_roster,zarich,dark_seer,1442,2920,league_roster,Kyzko,nyx_assassin,1022,1511,league_roster,SOLOLINEABUSE,ringmaster,834,1204,league_roster
19255,Premier Series,8733879453,Nemiga,Z10,Z10,obsessed,troll_warlord,2307,4121,league_roster,Serenityy,void_spirit,2381,4061,league_roster,tamagochi,abyssal_underlord,2113,3469,league_roster,ШИЗИК,nyx_assassin,1047,1803,league_roster,VaniLLl,warlock,1069,2017,league_roster,Jesse Pinkman,ursa,3073,5186,league_roster,命に嫌われている。,puck,2191,3529,league_roster,nefrit,bristleback,2615,4599,league_roster,怨恨,tusk,900,1625,league_roster,whatthefcckhaveyoudonelately,ringmaster,1378,1802,league_roster
19255,Premier Series,8733986515,Nemiga,Z10,Z10,obsessed,life_stealer,2234,3890,league_roster,Serenityy,beastmaster,2355,4304,league_roster,tamagochi,doom_bringer,2145,3240,league_roster,ШИЗИК,shadow_shaman,919,1409,league_roster,VaniLLl,phoenix,1219,1729,league_roster,Jesse Pinkman,kez,2519,4619,league_roster,PR,tiny,2440,4046,league_roster,nefrit,abyssal_underlord,2070,3446,league_roster,怨恨,hoodwink,1033,1727,league_roster,whatthefcckhaveyoudonelately,ringmaster,1467,2157,league_roster
19255,Premier Series,8734082075,Shpilit,YeS,YeS,zuyzyan,life_stealer,2618,4457,league_roster,nia,razor,2526,4324,league_roster,zarich,shredder,1850,3559,league_roster,Kyzko,tiny,1696,2541,league_roster,_|Q,warlock,1012,1789,league_roster,--------------------------------,ursa,3036,5297,league_roster,Огузок сильнейший игрок на поле,huskar,1995,3843,league_roster,GAMBOT-PARIS,kunkka,2248,3985,league_roster,skoro prime?,shadow_demon,913,1617,league_roster,Xakoda,lion,1045,1602,league_roster
19255,Premier Series,8734170338,YeS,Shpilit,YeS,--------------------------------,razor,2737,4916,league_roster,Огузок сильнейший игрок на поле,puck,2229,4273,league_roster,GAMBOT-PARIS,bristleback,2166,4570,league_roster,skoro prime?,tusk,1038,1455,league_roster,Xakoda,lich,955,1675,league_roster,zuyzyan,gyrocopter,2309,3976,league_roster,nia,tiny,2470,4116,league_roster,zarich,largo,2027,3135,league_roster,Kyzko,marci,967,1435,league_roster,p׳R,ringmaster,973,1168,league_roster
19255,Premier Series,8734290923,Z10,A+5,Z10,Jesse Pinkman,dragon_knight,2639,4958,league_roster,0w2ZR,storm_spirit,1935,3171,league_roster,nefrit,abyssal_underlord,2142,4061,league_roster,怨恨,earth_spirit,678,1402,league_roster,whatthefcckhaveyoudonelately,jakiro,1166,1855,league_roster,`;DR,beastmaster,2854,4550,league_roster,PCR,queenofpain,2476,4007,league_roster,bP,centaur,1969,3037,league_roster,1#R,tusk,1306,1635,league_roster,Ak,warlock,1019,1736,league_roster
19255,Premier Series,8734368813,A+5,Z10,A+5,1nonly,ursa,2337,3482,league_roster,ЂR,invoker,2097,3644,league_roster,GR,phoenix,2017,3208,league_roster,pP,tusk,1104,1626,league_roster,Ak,chen,1387,2085,league_roster,Jesse Pinkman,weaver,2742,4493,league_roster,R,nevermore,2243,4328,league_roster,nefrit,bristleback,2142,4325,league_roster,怨恨,earth_spirit,1144,1496,league_roster,whatthefcckhaveyoudonelately,ringmaster,1184,2051,league_roster
19255,Premier Series,8734456379,Z10,A+5,A+5,Jesse Pinkman,templar_assassin,2710,4736,league_roster,R,puck,2594,4212,league_roster,nefrit,abyssal_underlord,1978,3078,league_roster,怨恨,dark_willow,670,934,league_roster,whatthefcckhaveyoudonelately,tusk,910,1522,league_roster,5pR,huskar,2668,5131,league_roster,A_R,void_spirit,2309,3780,league_roster,P,bristleback,1979,3695,league_roster,yR,shadow_demon,996,1654,league_roster,Ak,jakiro,897,1570,league_roster
19255,Premier Series,8734932208,AVULUS,VPP,VPP,character development,beastmaster,2735,4840,league_roster,b 0 t,ember_spirit,2929,4872,league_roster,Yayo,bristleback,2179,3814,league_roster,позорище,dark_willow,929,1533,league_roster,,jakiro,1016,1531,league_roster,@n,kez,2183,3996,league_roster,Serenada,puck,2574,4143,league_roster,,centaur,2185,3661,league_roster,опиаты круг,tiny,1124,1787,league_roster,@9,warlock,754,1093,league_roster
19255,Premier Series,8734988695,VPP,AVULUS,VPP,"0,",luna,2561,3950,league_roster,ދ,storm_spirit,3088,5148,league_roster,Buster ♠,abyssal_underlord,1994,3876,league_roster,опиаты круг,bounty_hunter,1371,1841,league_roster,ジャンター,disruptor,773,1287,league_roster,character development,templar_assassin,2487,3943,league_roster,,void_spirit,3005,5120,league_roster,Yayo,brewmaster,2102,3669,league_roster,I,hoodwink,1164,1761,league_roster,iceice,jakiro,1043,1756,league_roster
19255,Premier Series,8735070981,RE,Shpilit,RE,wwwwwww,windrunner,2791,4829,league_roster,91 days,leshrac,2912,4639,league_roster,ЛУЧШИЙ ♡,batrider,2887,4163,league_roster,uuu,tusk,1186,1661,league_roster,0_,disruptor,693,1319,league_roster,zuyzyan,kez,2384,4061,league_roster,nia,nevermore,2389,3834,league_roster,zarich,centaur,1941,3424,league_roster,Kyzko,lion,1008,1749,league_roster,p0,warlock,1462,2955,league_roster
19255,Premier Series,8735130980,Shpilit,RE,RE,zuyzyan,kez,2422,3574,league_roster,nia,invoker,1638,3056,league_roster,zarich,shredder,2251,3681,league_roster,Kyzko,shadow_shaman,1450,2043,league_roster,SOLOLINEABUSE,warlock,1527,2491,league_roster,wwwwwww,windrunner,2586,4261,league_roster,91 days,viper,2759,3909,league_roster,ЛУЧШИЙ ♡,brewmaster,2010,3866,league_roster,uuu,tusk,1262,1491,league_roster,@,treant,1004,1523,league_roster
19255,Premier Series,8735281161,Nemiga,PIPS4,PIPS4,edward_kuzmin,life_stealer,2722,4817,league_roster,Serenityy,beastmaster,2542,4602,league_roster,tamagochi,abyssal_underlord,2137,3656,league_roster,холодный,shadow_demon,964,1871,league_roster,VaniLLl,jakiro,821,1461,league_roster,бесполезный,clinkz,2769,4854,league_roster,ряф^^,sand_king,2600,4069,league_roster,sagyndym,centaur,2407,3665,league_roster,T,warlock,978,2420,league_roster,delusion,hoodwink,1122,1910,league_roster
19255,Premier Series,8735373226,PIPS4,Nemiga,PIPS4,бесполезный,templar_assassin,2710,5375,league_roster,ряф^^,queenofpain,2451,4335,league_roster,sagyndym,centaur,2121,3537,league_roster,5.7,jakiro,1046,1833,league_roster,delusion,treant,1124,1778,league_roster,edward_kuzmin,nevermore,2389,4404,league_roster,Serenityy,invoker,2334,3700,league_roster,tamagochi,axe,2588,3947,league_roster,холодный,hoodwink,1670,1978,league_roster,VaniLLl,phoenix,674,1364,league_roster
19255,Premier Series,8735535573,Z10,PIPS4,Z10,Jesse Pinkman,kez,2622,4519,league_roster,pXr,sand_king,2195,4024,league_roster,nefrit,bristleback,3092,5071,league_roster,怨恨,hoodwink,1260,1712,league_roster,whatthefcckhaveyoudonelately,dazzle,1182,1893,league_roster,бесполезный,beastmaster,2342,3896,league_roster,ряф^^,viper,2138,3887,league_roster,sagyndym,mars,1858,2855,league_roster,,tusk,983,1703,league_roster,delusion,warlock,821,1367,league_roster
19255,Premier Series,8735627727,PIPS4,Z10,Z10,бесполезный,templar_assassin,3061,5598,league_roster,ряф^^,sand_king,2271,4083,league_roster,sagyndym,abyssal_underlord,2531,4582,league_roster,5.7,warlock,1440,2769,league_roster,delusion,jakiro,1041,1844,league_roster,Jesse Pinkman,luna,1906,3690,league_roster,命に嫌われている。,ember_spirit,2731,4079,league_roster,nefrit,bristleback,1619,3085,league_roster,怨恨,shadow_shaman,1138,2135,league_roster,whatthefcckhaveyoudonelately,phoenix,1096,1746,league_roster
19255,Premier Series,8736191343,Z10,L1,L1,Jesse Pinkman,muerta,2268,4670,league_roster,;,storm_spirit,2470,3970,league_roster,nefrit,centaur,1945,3909,league_roster,怨恨,nyx_assassin,1347,2018,league_roster,whatthefcckhaveyoudonelately,dazzle,1229,2116,league_roster,l,templar_assassin,2745,5627,league_roster,Layton,void_spirit,2096,3397,league_roster,blackSCREAM,axe,2333,3785,league_roster,player,shadow_shaman,1412,1980,league_roster,(T_T),phoenix,817,1286,league_roster
19255,Premier Series,8736211318,VPP,Shpilit,VPP,.H,luna,2551,3818,league_roster,"""H",queenofpain,2270,3770,league_roster,H,brewmaster,2838,4910,league_roster,.H,bounty_hunter,1133,1495,league_roster,H,jakiro,1169,1451,league_roster,zuyzyan,sven,2112,3895,league_roster,nia,tiny,2785,4124,league_roster,zarich,shredder,2715,4668,league_roster,Kyzko,muerta,1110,1520,league_roster,b,ringmaster,1299,1433,league_roster
19255,Premier Series,8736236910,Z10,L1,Z10,Jesse Pinkman,kez,2457,4728,league_roster,命に嫌われている。,void_spirit,2404,4168,league_roster,nefrit,abyssal_underlord,2006,3796,league_roster,怨恨,shadow_shaman,1328,1958,league_roster,whatthefcckhaveyoudonelately,dazzle,1467,2108,league_roster,"+""",windrunner,2268,3943,league_roster,Layton,invoker,2217,3993,league_roster,blackSCREAM,mars,1941,2922,league_roster,player,ringmaster,991,1338,league_roster,(T_T),phoenix,917,1341,league_roster
19255,Premier Series,8736255306,Shpilit,VPP,VPP,zuyzyan,razor,1957,3696,league_roster,nia,mars,2402,4549,league_roster,zarich,shredder,2300,4406,league_roster,Kyzko,nyx_assassin,920,1416,league_roster,SOLOLINEABUSE,warlock,1050,1758,league_roster,XO,muerta,2655,4491,league_roster,XO,puck,2496,3927,league_roster,0'XO,centaur,2327,4224,league_roster,$XO,tiny,1527,2315,league_roster,XO,pugna,808,1261,league_roster
19255,Premier Series,8736271975,L1,Z10,L1,type shit,life_stealer,3165,5077,league_roster,Layton,ember_spirit,1549,2789,league_roster,blackSCREAM,slardar,2246,3411,league_roster,player,phoenix,1526,2482,league_roster,(T_T),jakiro,1319,2101,league_roster,Jesse Pinkman,ursa,2715,4584,league_roster,命に嫌われている。,huskar,2478,3784,league_roster,nefrit,centaur,2262,3668,league_roster,怨恨,shadow_shaman,1434,1807,league_roster,whatthefcckhaveyoudonelately,warlock,960,1558,league_roster
19255,Premier Series,8736339285,YeS,AVULUS,YeS,distraction,razor,2935,5085,league_roster,Огузок сильнейший игрок на поле,viper,2888,4569,league_roster,GAMBOT-PARIS,mars,2175,4462,league_roster,skoroprime?,marci,1088,2164,league_roster,Xakoda,lion,1099,2204,league_roster,...,life_stealer,2716,3843,league_roster,b 0 t,storm_spirit,1885,3653,league_roster,Yayo,largo,2053,3368,league_roster,позорище,dark_willow,970,1450,league_roster,iceice,warlock,1092,1643,league_roster
19255,Premier Series,8736359956,L1,TSA,L1,type shit,windrunner,3102,5585,league_roster,Layton,monkey_king,3446,5354,league_roster,blackSCREAM,batrider,1834,3329,league_roster,player,tusk,1202,2198,league_roster,(T_T),jakiro,942,1831,league_roster,ep,nevermore,2712,4306,league_roster,Zet is self and the self is zet,ember_spirit,1513,3640,league_roster,worth waiting,bristleback,2044,3552,league_roster,Aidar,lion,1163,1421,league_roster,lego prime,warlock,883,1718,league_roster
19255,Premier Series,8736399153,AVULUS,YeS,AVULUS,...,muerta,2124,3494,league_roster,b 0 t,puck,2745,4665,league_roster,Yayo,centaur,2425,3549,league_roster,позорище,dark_willow,1163,1399,league_roster,iceice,phoenix,894,1426,league_roster,distraction,windrunner,2386,4147,league_roster,Огузок сильнейший игрок на поле,void_spirit,2486,4399,league_roster,GAMBOT-PARIS,bristleback,2578,4489,league_roster,skoroprime?,tusk,1041,1608,league_roster,Xakoda,jakiro,1186,1730,league_roster
19255,Premier Series,8736455000,TSA,L1,L1,ep,templar_assassin,2451,4324,league_roster,Zet is self and the self is zet,arc_warden,1920,3279,league_roster,worth waiting,shredder,2002,3672,league_roster,Aidar,lion,1179,1588,league_roster,lego prime,jakiro,926,1285,league_roster,type shit,medusa,2901,4946,league_roster,Layton,viper,2373,4255,league_roster,blackSCREAM,centaur,1966,3501,league_roster,player,shadow_shaman,739,1205,league_roster,(T_T),phoenix,1010,1581,league_roster
19255,Premier Series,8736495153,AVULUS,YeS,YeS,...,medusa,2992,5101,league_roster,b 0 t,puck,2488,3839,league_roster,Yayo,centaur,1717,3147,league_roster,позорище,hoodwink,1248,2318,league_roster,`Z8,jakiro,653,1020,league_roster,distraction,windrunner,2688,4449,league_roster,Огузок сильнейший игрок на поле,tiny,2416,4938,league_roster,GAMBOT-PARIS,axe,1773,3263,league_roster,skoroprime?,muerta,929,1487,league_roster,Xakoda,ringmaster,1105,2301,league_roster
19255,Premier Series,8736589646,A+5,Nemiga,A+5,1nonly,ursa,2425,4144,league_roster,4nalog,viper,2559,4444,league_roster,!!!,batrider,2270,4005,league_roster,blacklist,tusk,1141,1670,league_roster,Ak,warlock,1038,1577,league_roster,edward_kuzmin,faceless_void,2163,3747,league_roster,Serenityy,ember_spirit,1835,3251,league_roster,tamagochi,slardar,2389,3035,league_roster,23 на 7,jakiro,839,1015,league_roster,VaniLLl,disruptor,670,1143,league_roster
19255,Premier Series,8736603299,PR,VPP,VPP,alea iacta est,muerta,2581,4338,league_roster,capo,tiny,2482,4187,league_roster,transurfing,centaur,3056,5075,league_roster,Immersion,phoenix,1214,1782,league_roster,-,jakiro,1563,1906,league_roster,extract,luna,2399,3980,league_roster,Serenada,void_spirit,2157,3917,league_roster,Buster ♠,largo,2250,3936,league_roster,p2,batrider,1110,2316,league_roster,ジャンター,ogre_magi,839,1370,league_roster
19255,Premier Series,8736694261,A+5,Nemiga,A+5,1nonly,slark,2307,4243,league_roster,4nalog,leshrac,2567,4196,league_roster,!!!,phoenix,2116,3023,league_roster,blacklist,tiny,1370,2175,league_roster,Ak,warlock,801,1356,league_roster,edward_kuzmin,beastmaster,2485,4313,league_roster,Serenityy,ember_spirit,2131,3615,league_roster,tamagochi,abyssal_underlord,2341,3680,league_roster,23 на 7,hoodwink,791,1718,league_roster,VaniLLl,ringmaster,926,1618,league_roster
19255,Premier Series,8736709181,VPP,PR,VPP,extract,weaver,2586,4318,league_roster,X,huskar,2754,4924,league_roster,Buster ♠,razor,2016,3415,league_roster,опиаты круг,marci,1495,1932,league_roster,`X15,disruptor,563,1363,league_roster,alea iacta est,templar_assassin,2197,3778,league_roster,capo,batrider,2276,3701,league_roster,transurfing,slardar,2594,3839,league_roster,Immersion,treant,1575,1945,league_roster,-,phoenix,1054,1737,league_roster
19255,Premier Series,8736810536,A+5,PIPS4,PIPS4,1nonly,luna,2247,4054,league_roster,/O5,storm_spirit,2481,4176,league_roster,!!!,brewmaster,2041,3425,league_roster,blacklist,tusk,1527,2139,league_roster,Ak,shadow_demon,1471,1814,league_roster,YE,weaver,2675,4621,league_roster,everything is at my mercy,tiny,2970,4875,league_roster,talkalot,bristleback,2627,4394,league_roster,vampire,warlock,1038,1867,league_roster,delusion,shadow_shaman,916,1425,league_roster
19255,Premier Series,8736855860,PR,AVULUS,AVULUS,alea iacta est,luna,2433,4101,league_roster,capo,tiny,2460,4396,league_roster,0_,dazzle,2002,3581,league_roster,Immersion,tusk,1061,1407,league_roster,-,chen,1512,1864,league_roster,...,windrunner,2008,3837,league_roster,b 0 t,nevermore,2529,4660,league_roster,Yayo,tidehunter,2300,3849,league_roster,позорище,hoodwink,1007,1301,league_roster,iceice,shadow_demon,739,1326,league_roster
19255,Premier Series,8736924720,AVULUS,PR,PR,...,templar_assassin,2516,4422,league_roster,b 0 t,puck,2472,4231,league_roster,Yayo,razor,1890,3230,league_roster,позорище,tiny,1186,1857,league_roster,iceice,phoenix,645,1066,league_roster,alea iacta est,kez,2815,4583,league_roster,capo,slardar,2619,4111,league_roster,transurfing,mars,2362,4080,league_roster,Immersion,shadow_demon,1327,2002,league_roster,-,jakiro,986,1505,league_roster
19255,Premier Series,8736888113,A+5,PIPS4,A+5,1nonly,windrunner,2595,4218,league_roster,4nalog,beastmaster,2707,4314,league_roster,!!!,kunkka,3049,4997,league_roster,blacklist,shadow_demon,967,1548,league_roster,Ak,disruptor,958,1597,league_roster,YE,templar_assassin,2558,4715,league_roster,everything is at my mercy,sand_king,2506,4802,league_roster,talkalot,tidehunter,2208,3703,league_roster,vampire,hoodwink,861,1663,league_roster,delusion,batrider,815,1707,league_roster
19255,Premier Series,8737003029,AVULUS,PR,PR,...,templar_assassin,2112,3735,league_roster,b 0 t,storm_spirit,1746,3450,league_roster,Yayo,tidehunter,2051,3409,league_roster,позорище,dark_willow,1187,1759,league_roster,iceice,chen,1029,1586,league_roster,alea iacta est,kez,2801,5229,league_roster,capo,huskar,2758,4599,league_roster,transurfing,mars,2271,4408,league_roster,Immersion,shadow_demon,1150,1637,league_roster,-,jakiro,1097,2120,league_roster
19255,Premier Series,8737018987,A+5,PIPS4,PIPS4,1nonly,ursa,2374,4691,league_roster,-,tiny,2028,3502,league_roster,!!!,centaur,2468,4319,league_roster,blacklist,dark_willow,940,1715,league_roster,Ak,jakiro,1040,1850,league_roster,YE,beastmaster,2819,4286,league_roster,everything is at my mercy,queenofpain,2785,4464,league_roster,talkalot,mars,2260,3362,league_roster,zo,shadow_demon,1170,2080,league_roster,delusion,hoodwink,829,1224,league_roster
19255,Premier Series,8737673659,A+5,TSA,A+5,0,ursa,2568,4455,league_roster,,sniper,3012,4703,league_roster,[,brewmaster,2387,3986,league_roster,Pj,shadow_shaman,1104,2012,league_roster,Ak,warlock,1623,2216,league_roster,ep,nevermore,2541,3964,league_roster,I can't miss,huskar,2432,4712,league_roster,worth waiting,bristleback,1775,3844,league_roster,Aidar,shadow_demon,892,1560,league_roster,lego prime,ogre_magi,805,1500,league_roster
19255,Premier Series,8737736483,AVULUS,RE,AVULUS,prince,weaver,2672,4428,league_roster,0`,puck,2310,4026,league_roster,Yayo,bristleback,2238,4401,league_roster,,dark_willow,1309,2193,league_roster,Pu,warlock,1279,1934,league_roster,wwwwwww,windrunner,2621,4018,league_roster,91 days,dragon_knight,2758,4695,league_roster,ЛУЧШИЙ ♡,brewmaster,1694,3054,league_roster,uuu,tusk,1179,1722,league_roster,PP7,shadow_shaman,1119,1515,league_roster
19255,Premier Series,8737741494,TSA,A+5,TSA,ep,slark,2667,4514,league_roster,I can't miss,tiny,2769,4357,league_roster,worth waiting,axe,3109,4868,league_roster,Aidar,lion,1049,1616,league_roster,lego prime,warlock,1026,1901,league_roster,PP@,nevermore,2022,3535,league_roster,`8P,storm_spirit,2914,4309,league_roster,F,brewmaster,2399,4248,league_roster,s,earth_spirit,1028,1999,league_roster,Ak,jakiro,1087,1596,league_roster
19255,Premier Series,8737799816,RE,AVULUS,RE,wwwwwww,templar_assassin,2456,5059,league_roster,91 days,keeper_of_the_light,3184,4383,league_roster,ЛУЧШИЙ ♡,centaur,2183,3752,league_roster,uuu,ringmaster,1141,1490,league_roster,,disruptor,949,1337,league_roster,prince,clinkz,3179,5163,league_roster,@:V,beastmaster,2452,4696,league_roster,Yayo,viper,2011,3616,league_roster,,tusk,1237,1793,league_roster,`J,shadow_demon,906,1346,league_roster
19255,Premier Series,8737827439,TSA,A+5,TSA,ep,ursa,2443,3854,league_roster,I can't miss,sand_king,2630,4151,league_roster,worth waiting,brewmaster,1982,3183,league_roster,Aidar,dark_willow,1141,1623,league_roster,lego prime,dazzle,1493,2119,league_roster,Z,gyrocopter,2481,4097,league_roster,5,queenofpain,2171,3482,league_roster,޹v,bristleback,2186,3579,league_roster,,shadow_shaman,1066,1515,league_roster,Ak,jakiro,1289,1630,league_roster
19255,Premier Series,8737877182,RE,AVULUS,RE,wwwwwww,nevermore,2855,5080,league_roster,91 days,viper,2406,3319,league_roster,ЛУЧШИЙ ♡,dawnbreaker,2425,3867,league_roster,uuu,tusk,1207,2035,league_roster,<,jakiro,979,1665,league_roster,prince,templar_assassin,2534,4506,league_roster,r;,keeper_of_the_light,1765,4484,league_roster,Yayo,brewmaster,1853,2803,league_roster,I},shadow_shaman,1013,1662,league_roster,Y,warlock,976,1452,league_roster
19255,Premier Series,8737955896,PIPS4,L1,L1,YE,weaver,2553,4621,league_roster,everything is at my mercy,monkey_king,1951,2769,league_roster,talkalot,centaur,1956,2975,league_roster,+<,shadow_shaman,1096,1705,league_roster,delusion,jakiro,963,1918,league_roster,`UK,bristleback,2562,4955,league_roster,Layton,puck,2223,4204,league_roster,я пабидю,abyssal_underlord,2415,4207,league_roster,player,hoodwink,1542,2518,league_roster,(T_T),shadow_demon,882,1759,league_roster
19255,Premier Series,8737993354,YeS,RE,RE,distraction,kez,2776,4681,league_roster,Огузок сильнейший игрок на поле,tiny,2038,3511,league_roster,GAMBOT-PARIS,viper,2323,4499,league_roster,skoroprime?,marci,945,1627,league_roster,Xakoda,shadow_demon,1018,1650,league_roster,wwwwwww,templar_assassin,2710,4801,league_roster,91 days,kunkka,2437,4435,league_roster,ЛУЧШИЙ ♡,brewmaster,1833,2932,league_roster,uuu,tusk,1231,1681,league_roster,0[x,disruptor,817,1244,league_roster
19255,Premier Series,8738055187,L1,PIPS4,L1,m`,abaddon,2881,4440,league_roster,Layton,storm_spirit,2342,4024,league_roster,я пабидю,largo,1911,3215,league_roster,player,hoodwink,1079,1511,league_roster,(T_T),dazzle,803,1143,league_roster,YE,templar_assassin,2910,5264,league_roster,everything is at my mercy,queenofpain,2455,4457,league_roster,talkalot,axe,2504,3866,league_roster,9d,shadow_shaman,833,1460,league_roster,delusion,treant,1399,1900,league_roster
19255,Premier Series,8738132472,RE,YeS,YeS,wwwwwww,beastmaster,2726,4873,league_roster,91 days,lina,3235,5778,league_roster,ЛУЧШИЙ ♡,phoenix,1802,3399,league_roster,uuu,tusk,893,1707,league_roster,,warlock,891,1611,league_roster,distraction,ursa,3120,4818,league_roster,Огузок сильнейший игрок на поле,huskar,1889,3792,league_roster,GAMBOT-PARIS,kunkka,2040,3725,league_roster,skoroprime?,shadow_demon,1067,1652,league_roster,Xakoda,jakiro,1354,2118,league_roster
19255,Premier Series,8738165947,TSA,Nemiga,Nemiga,ep,slark,2883,4763,league_roster,I can't miss,pangolier,2508,3725,league_roster,worth waiting,axe,2941,4785,league_roster,Aidar,shadow_demon,1233,1489,league_roster,lego prime,jakiro,1061,1561,league_roster,edward_kuzmin,dragon_knight,2524,4373,league_roster,Serenityy,leshrac,2639,4858,league_roster,tamagochi,batrider,2409,3814,league_roster,зомбик,tiny,1179,1791,league_roster,VaniLLl,warlock,670,1982,league_roster
19255,Premier Series,8738216823,RE,YeS,YeS,wwwwwww,dragon_knight,2902,4608,league_roster,91 days,zuus,2273,4082,league_roster,ЛУЧШИЙ ♡,viper,2050,3809,league_roster,uuu,tusk,1371,1901,league_roster,slow summer eve,warlock,1085,1972,league_roster,distraction,razor,2613,3888,league_roster,Огузок сильнейший игрок на поле,tinker,2459,4936,league_roster,GAMBOT-PARIS,mars,1923,3594,league_roster,skoroprime?,shadow_demon,1241,1786,league_roster,Xakoda,jakiro,836,1342,league_roster
19255,Premier Series,8738243757,Nemiga,TSA,Nemiga,edward_kuzmin,dragon_knight,2522,4315,league_roster,Serenityy,invoker,2327,4293,league_roster,tamagochi,phoenix,2767,4191,league_roster,зомбик,tiny,1330,2233,league_roster,VaniLLl,jakiro,724,1183,league_roster,ep,nevermore,2601,4385,league_roster,I can't miss,razor,2207,3458,league_roster,worth waiting,shredder,2337,4982,league_roster,Aidar,lion,1075,1585,league_roster,lego prime,warlock,780,1673,league_roster
19255,Premier Series,8738320065,VPP,YeS,YeS,extract,muerta,2024,3048,league_roster,Serenada,nevermore,2628,4079,league_roster,}',tidehunter,2023,4390,league_roster,PpB,batrider,1394,2211,league_roster,c,ogre_magi,894,1392,league_roster,distraction,kez,2858,5121,league_roster,Огузок сильнейший игрок на поле,invoker,2668,4872,league_roster,GAMBOT-PARIS,phoenix,2377,4361,league_roster,skoroprime?,treant,1643,2350,league_roster,Xakoda,ringmaster,1864,2751,league_roster
19255,Premier Series,8738387051,YeS,VPP,YeS,distraction,nevermore,2581,4805,league_roster,Огузок сильнейший игрок на поле,huskar,2578,4359,league_roster,GAMBOT-PARIS,bristleback,2833,4045,league_roster,skoroprime?,shadow_shaman,941,1359,league_roster,Xakoda,dazzle,1357,1883,league_roster,Pe,kez,2123,3792,league_roster,Pv,puck,1977,3682,league_roster,࣬,doom_bringer,1998,4139,league_roster,͚,tiny,1267,1860,league_roster,`,warlock,1570,2189,league_roster
19255,Premier Series,8750122085,PR,VPP,PR,bad trip,monkey_king,3519,5386,league_roster,capo,sand_king,2556,4940,league_roster,[>,slardar,2959,4880,league_roster,Immersion,tusk,994,2071,league_roster,-,venomancer,1442,2586,league_roster,extract,morphling,2248,3782,league_roster,Serenada,puck,2620,4026,league_roster,0ͷ9,tidehunter,1507,2821,league_roster,опиаты круг,spirit_breaker,1249,1565,league_roster,9,rubick,736,1104,league_roster
19255,Premier Series,8750161286,PR,VPP,PR,bad trip,alchemist,3035,5204,league_roster,capo,sand_king,2252,4116,league_roster,transurfing,bristleback,2649,4279,league_roster,Immersion,wisp,1347,2272,league_roster,-,venomancer,843,1468,league_roster,extract,muerta,2620,4783,league_roster,pYO<,death_prophet,2927,4545,league_roster,pYO<,tidehunter,1978,3618,league_roster,опиаты круг,skywrath_mage,1806,2723,league_roster,NO GAMBLING NO DRUGS ALCOHOL,tusk,907,1425,league_roster
19255,Premier Series,8750259236,RE,VPP,VPP,xaxa),weaver,2711,4658,league_roster,91 days,death_prophet,2590,4696,league_roster,yowaai ♡,bristleback,2198,3444,league_roster,erased,wisp,1277,1889,league_roster,april,disruptor,688,1377,league_roster,extract,monkey_king,2676,5169,league_roster,Serenada,void_spirit,2236,3594,league_roster,fy god,pangolier,2624,4093,league_roster,g>,marci,1103,1551,league_roster,NO GAMBLING NO DRUGS ALCOHOL,jakiro,1133,1669,league_roster
19255,Premier Series,8750304734,VPP,RE,RE,extract,bristleback,2270,4062,league_roster,Serenada,void_spirit,2317,3697,league_roster,fy god,beastmaster,2427,4257,league_roster,опиаты круг,ringmaster,1636,2377,league_roster,NO GAMBLING NO DRUGS ALCOHOL,phoenix,817,1753,league_roster,xaxa),muerta,2753,4709,league_roster,91 days,monkey_king,2909,4777,league_roster,yowaai ♡,pangolier,2967,4739,league_roster,erased,rubick,1147,1772,league_roster,april,disruptor,858,1418,league_roster
19255,Premier Series,8750369233,RE,VPP,VPP,xaxa),weaver,3221,5338,league_roster,91 days,ember_spirit,2426,4387,league_roster,yowaai ♡,slardar,2485,4541,league_roster,erased,rubick,1258,1896,league_roster,april,jakiro,1119,1676,league_roster,IK=,terrorblade,2555,3922,league_roster,Serenada,void_spirit,2435,4032,league_roster,fy god,bristleback,2098,4055,league_roster,опиаты круг,ringmaster,1319,2011,league_roster,NO GAMBLING NO DRUGS ALCOHOL,enchantress,1047,1894,league_roster
19255,Premier Series,8750488026,PR,RE,PR,bad trip,terrorblade,2755,4714,league_roster,capo,tiny,2292,4197,league_roster,transurfing,pangolier,2544,4078,league_roster,Immersion,ringmaster,925,1540,league_roster,-,venomancer,1143,2056,league_roster,xaxa),dragon_knight,2769,5453,league_roster,91 days,leshrac,3093,4719,league_roster,yowaai ♡,batrider,1752,3298,league_roster,erased,spirit_breaker,1002,1851,league_roster,april,disruptor,959,1504,league_roster
19255,Premier Series,8750563954,PR,RE,PR,bad trip,alchemist,2699,4516,league_roster,Pn3>,keeper_of_the_light,2870,4717,league_roster,pZ3>,beastmaster,2304,4588,league_roster,Immersion,tusk,1089,1785,league_roster,-,jakiro,986,1554,league_roster,xaxa),troll_warlord,2219,4282,league_roster,91 days,monkey_king,2959,4244,league_roster,yowaai ♡,pangolier,2601,4064,league_roster,erased,dark_willow,952,1599,league_roster,april,oracle,873,1534,league_roster
19255,Premier Series,8753498070,YeS,1w,YeS,--------------------------------,luna,2679,4282,league_roster,Огузок сильнейший игрок на поле,storm_spirit,2349,4263,league_roster,GAMBOT-PARIS,bristleback,2857,5185,league_roster,bog doti,hoodwink,1059,1811,league_roster,Xakoda,pugna,1065,2065,league_roster,sao,alchemist,2435,5180,league_roster,@!^X,pangolier,2578,4287,league_roster,мистер мораль,primal_beast,2462,4235,league_roster,jorj,wisp,1038,1371,league_roster,Rein,rubick,817,1501,league_roster
19255,Premier Series,8753565836,1w,YeS,YeS,`}Y,faceless_void,2731,4119,league_roster,sweetandtearz,ember_spirit,2550,4373,league_roster,мистер мораль,bristleback,2195,3721,league_roster,jorj,tusk,1182,1428,league_roster,Rein,snapfire,1137,1242,league_roster,--------------------------------,life_stealer,2764,4756,league_roster,Огузок сильнейший игрок на поле,monkey_king,2396,3784,league_roster,GAMBOT-PARIS,pangolier,1753,2854,league_roster,bog doti,hoodwink,1026,1424,league_roster,Xakoda,pugna,843,1290,league_roster
19255,Premier Series,8756907812,1w,VPP,VPP,"9""",monkey_king,2833,4886,league_roster,pma,void_spirit,2693,4661,league_roster,мистер мораль,slardar,2748,4720,league_roster,jorj,wisp,1509,2769,league_roster,Rein,pugna,1123,1950,league_roster,extract,terrorblade,2465,4303,league_roster,Serenada,puck,2194,3564,league_roster,C,bristleback,2095,3791,league_roster,опиаты круг,rubick,1124,1463,league_roster,+-=,phoenix,1028,1306,league_roster
19255,Premier Series,8756994043,1w,VPP,1w,sao,beastmaster,3093,5326,league_roster,pma,void_spirit,2620,4307,league_roster,мистер мораль,batrider,1849,3299,league_roster,jorj,shadow_demon,1237,2016,league_roster,Rein,rubick,1276,2183,league_roster,"""",mirana,3040,5122,league_roster,Serenada,puck,2006,3389,league_roster,P,largo,1737,3206,league_roster,опиаты круг,marci,894,1240,league_roster,"""",disruptor,1363,1750,league_roster
19255,Premier Series,8757036119,1w,VPP,1w,sao,alchemist,3549,6806,league_roster,p-9,puck,2562,5051,league_roster,мистер мораль,slardar,2024,3021,league_roster,jorj,tusk,1331,1864,league_roster,Rein,enchantress,1222,1901,league_roster,"""l",ursa,2608,4430,league_roster,Serenada,void_spirit,1774,2878,league_roster,p,tidehunter,2424,4800,league_roster,"P""l",bounty_hunter,1226,1701,league_roster,+-=,rubick,998,1667,league_roster
19255,Premier Series,8757142614,NGX,PIPS4,NGX,rin,muerta,2300,4120,league_roster,No!ob™,sand_king,2447,3759,league_roster,jellyworms.HR Manager,viper,2550,4053,league_roster,\,shadow_shaman,928,1550,league_roster,p@!,pugna,1049,1510,league_roster,COMË N GO,monkey_king,2349,4045,league_roster,TEKUTEKUWALK,leshrac,2784,5302,league_roster,99%,pangolier,1967,3373,league_roster,JanGO,hoodwink,1003,1863,league_roster,Rainy...,enchantress,1063,2097,league_roster
19255,Premier Series,8757219877,NGX,PIPS4,PIPS4,rin,medusa,2895,4721,league_roster,No!ob™,sand_king,1543,3097,league_roster,jellyworms.HR Manager,ember_spirit,2166,4043,league_roster,win?,rubick,1096,2603,league_roster,gh,keeper_of_the_light,1332,1974,league_roster,COMË N GO,alchemist,3630,5305,league_roster,TEKUTEKUWALK,queenofpain,2988,5010,league_roster,99%,bristleback,2228,4387,league_roster,JanGO,tusk,1054,1246,league_roster,Rainy...,disruptor,650,1476,league_roster
19255,Premier Series,8757309458,NGX,PIPS4,PIPS4,rin,tiny,2763,4468,league_roster,No!ob™,sand_king,2339,3531,league_roster,jellyworms.HR Manager,shredder,2106,3106,league_roster,win?,shadow_shaman,1033,1985,league_roster,5,keeper_of_the_light,1070,1902,league_roster,COMË N GO,gyrocopter,2625,4801,league_roster,TEKUTEKUWALK,leshrac,2936,4694,league_roster,99%,tidehunter,2868,5125,league_roster,JanGO,tusk,1003,1421,league_roster,Rainy...,disruptor,1382,2005,league_roster
19255,Premier Series,8757404869,YeS,Z10,YeS,birds of a feather,luna,2396,4611,league_roster,Огузок сильнейший игрок на поле,void_spirit,1933,3388,league_roster,Collapse,bristleback,2981,4659,league_roster,bog doti,tusk,710,1026,league_roster,Xakoda,ringmaster,889,1271,league_roster,jwdmb,alchemist,2651,5182,league_roster,Mode Janter,viper,2429,3904,league_roster,nefrit,largo,2088,3648,league_roster,怨恨,spirit_breaker,973,1625,league_roster,whatthefcckhaveyoudonelately,lich,1118,1863,league_roster
19255,Premier Series,8757529698,Z10,YeS,YeS,jwdmb,terrorblade,2562,3895,league_roster,Mode Janter,sand_king,2034,4304,league_roster,nefrit,abyssal_underlord,2638,4791,league_roster,怨恨,ringmaster,778,1876,league_roster,whatthefcckhaveyoudonelately,phoenix,1636,2700,league_roster,birds of a feather,luna,2296,3752,league_roster,Огузок сильнейший игрок на поле,huskar,2712,4561,league_roster,Collapse,tidehunter,2476,4221,league_roster,bog doti,shadow_shaman,984,1521,league_roster,Xakoda,oracle,963,1594,league_roster
19255,Premier Series,8757649115,VP,PR,VP,Facing the Truth,muerta,2516,4254,league_roster,...,monkey_king,2573,4603,league_roster,ݴ,primal_beast,1762,3307,league_roster,Hellscream,earth_spirit,1296,2167,league_roster,T2,enchantress,1358,1855,league_roster,part2,dragon_knight,2728,4721,league_roster,capo,storm_spirit,2601,3824,league_roster,transurfing,bristleback,2014,3389,league_roster,Immersion,shadow_demon,732,1147,league_roster,-,venomancer,1284,1671,league_roster
19255,Premier Series,8757769291,PR,VP,VP,part2,terrorblade,2552,4123,league_roster,capo,sniper,1964,3420,league_roster,transurfing,mars,2002,2941,league_roster,Immersion,phoenix,762,984,league_roster,-,rubick,1011,1266,league_roster,Facing the Truth,kez,2898,4343,league_roster,...,huskar,2630,5231,league_roster,granny got hit by a bazooka,brewmaster,1786,3988,league_roster,Hellscream,earth_spirit,1355,2424,league_roster,T2,jakiro,1118,1559,league_roster
19255,Premier Series,8757847890,Z10,GL,GL,jwdmb,antimage,2547,4392,league_roster,Mode Janter,sand_king,1770,2727,league_roster,nefrit,shredder,2297,3277,league_roster,怨恨,skywrath_mage,1170,1800,league_roster,whatthefcckhaveyoudonelately,ringmaster,1146,1733,league_roster,鬼,alchemist,3064,6003,league_roster,0H8,storm_spirit,2335,4440,league_roster,помойка,largo,2352,3599,league_roster,йV/,disruptor,1087,1244,league_roster,Speeed,phoenix,1126,1725,league_roster
19255,Premier Series,8757928349,Z10,GL,GL,jwdmb,alchemist,2669,5452,league_roster,N,sniper,2291,3903,league_roster,nefrit,tidehunter,2759,4132,league_roster,怨恨,hoodwink,873,1335,league_roster,whatthefcckhaveyoudonelately,crystal_maiden,1077,1711,league_roster,鬼,clinkz,2854,4611,league_roster,)),beastmaster,2449,4943,league_roster,помойка,bristleback,2795,4789,league_roster,yo,tusk,905,1611,league_roster,Speeed,rubick,966,1711,league_roster
19255,Premier Series,8758458334,YeS,VPP,YeS,birds of a feather,alchemist,3159,6060,league_roster,Огузок сильнейший игрок на поле,void_spirit,2616,4393,league_roster,Collapse,mars,2512,3984,league_roster,bog doti,ringmaster,804,1471,league_roster,Xakoda,disruptor,796,1556,league_roster,extract,luna,2685,4287,league_roster,Serenada,ember_spirit,2483,4284,league_roster,ANDREW_THE_FUCKER,pangolier,2267,3541,league_roster,t,rubick,1447,1830,league_roster,+-=,venomancer,715,1720,league_roster
19255,Premier Series,8758516093,YeS,VPP,YeS,birds of a feather,dragon_knight,3096,5286,league_roster,Огузок сильнейший игрок на поле,void_spirit,2442,4407,league_roster,Collapse,tidehunter,2615,4670,league_roster,bog doti,hoodwink,894,1943,league_roster,Xakoda,ringmaster,878,1707,league_roster,extract,muerta,2809,4620,league_roster,0,primal_beast,2371,3189,league_roster,ANDREW_THE_FUCKER,kunkka,1680,2761,league_roster,l,rubick,1050,1586,league_roster,p峞,wisp,975,1615,league_roster
19255,Premier Series,8758604963,L1,PR,L1,k+,meepo,2737,5045,league_roster,M,ember_spirit,2507,4027,league_roster,Dwight K. Schrute,abyssal_underlord,2447,3810,league_roster,player,shadow_demon,1500,1817,league_roster,Tommy Wiseau,venomancer,1243,2148,league_roster,roberto baggio,weaver,2559,4629,league_roster,capo,sand_king,2073,3657,league_roster,transurfing,pudge,2567,4042,league_roster,Immersion,wisp,1279,2015,league_roster,-,disruptor,963,1583,league_roster
19255,Premier Series,8758692845,L1,PR,L1,am i dreaming,monkey_king,2718,4420,league_roster,M,queenofpain,3017,5678,league_roster,Dwight K. Schrute,sand_king,2015,3488,league_roster,player,rubick,1110,1780,league_roster,Tommy Wiseau,enchantress,1114,1690,league_roster,1nonly,beastmaster,2806,5349,league_roster,capo,huskar,1949,2768,league_roster,transurfing,mars,3013,4961,league_roster,Immersion,shadow_demon,1055,1918,league_roster,-,disruptor,909,1697,league_roster
19255,Premier Series,8758783804,VP,PIPS4,PIPS4,Facing the Truth,ursa,2752,4743,league_roster,Hellscream,rubick,1539,2007,fallback_lh5,granny got hit by a bazooka,tidehunter,2097,3784,league_roster,бездельник,kez,2080,3771,league_roster,T2,jakiro,1111,1321,league_roster,philope,luna,2309,4268,league_roster,TEKUTEKUWALK,storm_spirit,2894,5037,league_roster,99%,brewmaster,1911,3571,league_roster,f,tusk,912,1524,league_roster,Rainy...,phoenix,1124,2005,league_roster
19255,Premier Series,8758886089,PIPS4,VP,VP,philope,meepo,2932,4605,league_roster,TEKUTEKUWALK,puck,2452,4538,league_roster,99%,doom_bringer,1923,3690,league_roster,)sP,hoodwink,830,1740,league_roster,Rainy...,enchantress,1399,1860,league_roster,Facing the Truth,muerta,2201,4460,league_roster,Hellscream,shadow_demon,689,1099,fallback_lh5,granny got hit by a bazooka,primal_beast,2096,4178,league_roster,бездельник,earthshaker,2539,3551,league_roster,T2,treant,1079,1280,league_roster
19255,Premier Series,8758993964,VP,PIPS4,VP,Facing the Truth,luna,2528,4813,league_roster,Hellscream,lion,1028,1449,fallback_lh5,<6,pangolier,2212,4377,league_roster,бездельник,keeper_of_the_light,2406,4691,league_roster,T2,disruptor,887,1196,league_roster,philope,weaver,2370,3557,league_roster,TEKUTEKUWALK,puck,2346,3976,league_roster,99%,tidehunter,2459,3769,league_roster,JanGO,treant,1130,1634,league_roster,Rainy...,phoenix,1130,1885,league_roster
19255,Premier Series,8759107304,PR,NGX,PR,dont sleep just dream,bristleback,2685,4837,league_roster,n,slardar,2828,4264,league_roster,,viper,1939,3302,league_roster,Immersion,lion,860,1186,league_roster,-,rubick,967,1366,league_roster,rin,monkey_king,2448,4253,league_roster,0lf,puck,2346,3588,league_roster,jellyworms.HR Manager,tidehunter,2269,3522,league_roster,$>,tusk,1374,1636,league_roster,gh,keeper_of_the_light,1130,2056,league_roster
19255,Premier Series,8759237219,NGX,PR,NGX,rin,muerta,2429,4248,league_roster,`,storm_spirit,2654,4738,league_roster,jellyworms.HR Manager,tidehunter,2309,3989,league_roster,0l,snapfire,862,1387,league_roster,@,bane,1625,2207,league_roster,dont sleep just dream,monkey_king,2156,3936,league_roster,w,sand_king,2969,4292,league_roster,,viper,2669,3840,league_roster,Immersion,tusk,1585,1751,league_roster,-,phoenix,1125,1764,league_roster
19255,Premier Series,8759332195,NGX,PR,NGX,rin,alchemist,2820,5990,league_roster,P=I%,void_spirit,3068,4453,league_roster,jellyworms.HR Manager,ember_spirit,2319,3849,league_roster,fari2 el malla > me,batrider,1168,2254,league_roster,I%,oracle,1201,2037,league_roster,dont sleep just dream,weaver,1999,3372,league_roster,`J,keeper_of_the_light,2195,4140,league_roster,transurfing,dawnbreaker,2981,4596,league_roster,Immersion,tusk,758,1133,league_roster,-,rubick,1311,1594,league_roster
19255,Premier Series,8759455338,L1,VP,L1,am i dreaming,beastmaster,3087,5923,league_roster,M,ember_spirit,2514,4272,league_roster,Dwight K. Schrute,tidehunter,1624,2784,league_roster,player,shadow_demon,780,1195,league_roster,Tuco,rubick,1552,2020,league_roster,Facing the Truth,monkey_king,2490,4753,league_roster,nia,puck,2396,4071,league_roster,M,lycan,2104,3188,league_roster,Hellscream,batrider,1127,1628,league_roster,T2,jakiro,1111,1545,league_roster
19255,Premier Series,8759524795,L1,VP,VP,am i dreaming,meepo,2511,4711,league_roster,M,keeper_of_the_light,2218,3792,league_roster,Dwight K. Schrute,slardar,1776,3652,league_roster,player,hoodwink,920,1507,league_roster,Tuco,phoenix,1056,1417,league_roster,Facing the Truth,luna,2801,4577,league_roster,nia,leshrac,2734,4337,league_roster,granny got hit by a bazooka,brewmaster,2605,4601,league_roster,Hellscream,rubick,958,2062,league_roster,T2,jakiro,851,1158,league_roster
19255,Premier Series,8759585866,L1,VP,L1,am i dreaming,ursa,2752,4696,league_roster,M,queenofpain,2559,4403,league_roster,Dwight K. Schrute,slardar,2600,4493,league_roster,player,hoodwink,998,1930,league_roster,Tuco,shadow_demon,1023,1948,league_roster,Facing the Truth,luna,2392,3608,league_roster,nia,beastmaster,2121,3744,league_roster,granny got hit by a bazooka,tidehunter,2097,4116,league_roster,Hellscream,rubick,1010,1586,league_roster,T2,phoenix,915,1772,league_roster
19255,Premier Series,8760013372,L1,PIPS4,L1,8,life_stealer,3087,5053,league_roster,M,pangolier,2132,3278,league_roster,Dwight K. Schrute,abyssal_underlord,2625,4087,league_roster,player,rubick,1086,2189,league_roster,Tuco,phoenix,913,1542,league_roster,hc,luna,2338,4302,league_roster,TEKUTEKUWALK,puck,2382,3718,league_roster,99%,brewmaster,1985,2948,league_roster,JanGO,shadow_demon,1083,1496,league_roster,Rainy...,mirana,981,1915,league_roster
19255,Premier Series,8760069764,PIPS4,L1,PIPS4,old_ch1cken,ursa,2858,4922,league_roster,TEKUTEKUWALK,sand_king,2006,3857,league_roster,99%,dawnbreaker,2414,4102,league_roster,JanGO,tusk,1017,1756,league_roster,Rainy...,mirana,936,1879,league_roster,"@,",faceless_void,2726,4714,league_roster,M,slardar,2962,3971,league_roster,Dwight K. Schrute,abyssal_underlord,2254,3607,league_roster,player,rubick,1227,2339,league_roster,Tuco,phoenix,1294,1556,league_roster
19255,Premier Series,8760122367,L1,PIPS4,L1,,abaddon,2786,4755,league_roster,M,ember_spirit,2208,3799,league_roster,Dwight K. Schrute,batrider,2507,5011,league_roster,player,hoodwink,1289,2300,league_roster,Tuco,venomancer,933,1671,league_roster,old_ch1cken,faceless_void,2431,3492,league_roster,TEKUTEKUWALK,sand_king,2771,4084,league_roster,99%,tidehunter,2031,3020,league_roster,JanGO,techies,1211,2376,league_roster,Rainy...,phoenix,855,1514,league_roster
19255,Premier Series,8760209320,1w,Z10,Z10,sao,monkey_king,2836,4920,league_roster,0s9,storm_spirit,2825,5356,league_roster,мистер мораль,axe,2946,4978,league_roster,jorj,tusk,1566,2199,league_roster,Rein,warlock,1199,2128,league_roster,jwdmb,muerta,2281,4197,league_roster,SUMIMASEN,leshrac,2195,3145,league_roster,nefrit,bristleback,1833,3665,league_roster,snusayed desirovich,hoodwink,976,1365,league_roster,whatthefcckhaveyoudonelately,treant,1260,1709,league_roster
19255,Premier Series,8760282568,Z10,1w,1w,jwdmb,razor,2577,4688,league_roster,SUMIMASEN,queenofpain,2032,3195,league_roster,nefrit,tidehunter,2404,4096,league_roster,snusayed desirovich,hoodwink,747,1291,league_roster,whatthefcckhaveyoudonelately,enchantress,962,1348,league_roster,sao,life_stealer,2290,3817,league_roster,pma,sand_king,2607,4105,league_roster,мистер мораль,abyssal_underlord,1806,2981,league_roster,jorj,rubick,1083,1600,league_roster,Rein,venomancer,1310,1590,league_roster
19255,Premier Series,8760377964,1w,Z10,Z10,sao,weaver,2565,4467,league_roster,@Ќ,beastmaster,2968,4829,league_roster,мистер мораль,centaur,2208,3646,league_roster,jorj,spirit_breaker,944,1875,league_roster,Rein,venomancer,2298,3525,league_roster,jwdmb,gyrocopter,2619,4229,league_roster,SUMIMASEN,storm_spirit,2112,3403,league_roster,nefrit,tidehunter,1904,3284,league_roster,snusayed desirovich,tusk,970,1357,league_roster,whatthefcckhaveyoudonelately,rubick,1056,1761,league_roster
19255,Premier Series,8760477190,VPP,GL,VPP,extract,clinkz,2554,3944,league_roster,Serenada,sand_king,2092,3708,league_roster,𝒆𝒗𝒊𝒍,largo,2073,2998,league_roster,опиаты круг,ringmaster,1253,2478,league_roster,NO ALCOHOL,phoenix,565,898,league_roster,鬼,viper,2339,3843,league_roster,)),storm_spirit,2887,5003,league_roster,,pangolier,2269,3944,league_roster,yo,disruptor,646,972,league_roster,Speeed,rubick,832,1524,league_roster
19255,Premier Series,8760634975,GL,VPP,GL,鬼,monkey_king,3143,5492,league_roster,)),kez,2602,5303,league_roster,помойка,axe,3255,5281,league_roster,yo,hoodwink,948,1713,league_roster,Speeed,phoenix,1009,1811,league_roster,[d,luna,1974,3642,league_roster,,puck,1594,2725,league_roster,𝒆𝒗𝒊𝒍,tidehunter,1607,3270,league_roster,опиаты круг,techies,805,1318,league_roster,NO ALCOHOL,jakiro,663,703,league_roster
19255,Premier Series,8760693477,VPP,GL,GL,extract,weaver,2303,4014,league_roster,Pe%,huskar,2868,4367,league_roster,𝒆𝒗𝒊𝒍,sand_king,2379,4294,league_roster,опиаты круг,ringmaster,1079,1846,league_roster,NO ALCOHOL,marci,963,1530,league_roster,鬼,templar_assassin,3102,5055,league_roster,)),kez,1538,3107,league_roster,PkA/,slardar,2463,3685,league_roster,yo,tusk,984,1546,league_roster,Speeed,phoenix,909,1820,league_roster
19255,Premier Series,8760782649,NGX,VP,NGX,rin,dragon_knight,2785,4763,league_roster,No!ob™,queenofpain,2423,3909,league_roster,jellyworms.HR Manager,doom_bringer,2651,4395,league_roster,fari2 el malla > me,hoodwink,1042,1658,league_roster,gh,phoenix,1196,1697,league_roster,Meat Machine,muerta,2798,3732,league_roster,hamilton,void_spirit,2497,3827,league_roster,granny got hit by a bazooka,slardar,2118,3782,league_roster,Hellscream,marci,844,1413,league_roster,T2,jakiro,939,1240,league_roster
19255,Premier Series,8760877821,VP,NGX,NGX,Meat Machine,ursa,2803,5031,league_roster,hamilton,dragon_knight,3130,4318,league_roster,Q?,batrider,2039,3147,league_roster,Hellscream,rubick,1141,2239,league_roster,T2,jakiro,942,2110,league_roster,rin,muerta,2870,5724,league_roster,No!ob™,puck,1991,3982,league_roster,jellyworms.HR Manager,slardar,2465,3566,league_roster,fari2 el malla > me,tusk,1274,2041,league_roster,gh,phoenix,785,1713,league_roster
19255,Premier Series,8760986413,GL,YeS,GL,m-X,lone_druid,2878,4373,league_roster,)),kez,1554,3376,league_roster,помойка,slardar,2165,4241,league_roster,yo,shadow_demon,1537,2640,league_roster,p*,phoenix,993,1672,league_roster,birds of a feather,terrorblade,2152,3565,league_roster,Огузок сильнейший игрок на поле,huskar,2779,5016,league_roster,Collapse,mars,1745,3528,league_roster,bog doti,hoodwink,1088,2018,league_roster,Xakoda,ringmaster,905,1848,league_roster
19255,Premier Series,8761051241,GL,YeS,GL,nd,alchemist,3530,5008,league_roster,)),storm_spirit,2647,4706,league_roster,",",largo,1769,3453,league_roster,|,tusk,1173,1570,league_roster,3!:,batrider,1100,1384,league_roster,birds of a feather,faceless_void,2736,4518,league_roster,Огузок сильнейший игрок на поле,sand_king,2111,4224,league_roster,0<]C,monkey_king,2193,3379,league_roster,bog doti,ringmaster,866,1530,league_roster,Xakoda,shadow_demon,1082,2291,league_roster
19255,Premier Series,8761361068,Z10,VPP,Z10,jwdmb,kez,2583,4290,league_roster,SUMIMASEN,sniper,2374,4357,league_roster,nefrit,bristleback,2552,4379,league_roster,snusayed desirovich,rubick,858,1754,league_roster,whatthefcckhaveyoudonelately,ringmaster,1158,1629,league_roster,VYg,monkey_king,2820,4685,league_roster,Serenada,huskar,2302,4035,league_roster,𝒆𝒗𝒊𝒍,brewmaster,2054,3610,league_roster,опиаты круг,spirit_breaker,1236,2150,league_roster,NO ALCOHOL,venomancer,1569,2337,league_roster
19255,Premier Series,8761397446,Z10,VPP,Z10,jwdmb,ursa,2972,4854,league_roster,SUMIMASEN,sand_king,3027,4318,league_roster,nefrit,largo,2930,4588,league_roster,snusayed desirovich,hoodwink,752,1805,league_roster,whatthefcckhaveyoudonelately,phoenix,1321,1624,league_roster,extract,alchemist,2384,3923,league_roster,Serenada,void_spirit,2743,4448,league_roster,𝒆𝒗𝒊𝒍,venomancer,2286,4052,league_roster,опиаты круг,rubick,1248,1529,league_roster,NO ALCOHOL,enchantress,765,1297,league_roster
19255,Premier Series,8761452929,1w,GL,GL,sao,meepo,2508,4580,league_roster,`j,sand_king,2868,4779,league_roster,мистер мораль,tidehunter,2071,3352,league_roster,jorj,rubick,831,1613,league_roster,Rein,warlock,1188,1734,league_roster,鬼,viper,1990,3990,league_roster,k,beastmaster,2447,4619,league_roster,помойка,slardar,2733,4265,league_roster,yo,hoodwink,1078,1651,league_roster,Speeed,bounty_hunter,1149,1451,league_roster
19255,Premier Series,8761515506,GL,1w,1w,鬼,faceless_void,1908,4048,league_roster,)),pangolier,2324,4275,league_roster,помойка,centaur,1745,3098,league_roster,@9t,disruptor,881,1215,league_roster,Speeed,shadow_demon,1186,1542,league_roster,Jt,naga_siren,2293,4770,league_roster,空的,leshrac,2240,3659,league_roster,мистер мораль,batrider,2340,3413,league_roster,jorj,largo,1183,1762,league_roster,Rein,rubick,1159,1690,league_roster
19255,Premier Series,8761588726,GL,1w,GL,鬼,alchemist,3288,5669,league_roster,M,kez,2394,3856,league_roster,помойка,night_stalker,2578,4160,league_roster,yo,bane,668,1039,league_roster,Speeed,venomancer,859,1592,league_roster,sao,naga_siren,2215,3378,league_roster,空的,puck,2065,3395,league_roster,мистер мораль,shredder,1719,3574,league_roster,jorj,largo,1035,1484,league_roster,Rein,ringmaster,669,1329,league_roster
19255,Premier Series,8761673426,PR,PIPS4,PR,hair-raiser,morphling,2630,4624,league_roster,0:,storm_spirit,2690,4741,league_roster,transurfing,tidehunter,2323,4061,league_roster,Immersion,wisp,1254,2143,league_roster,-,venomancer,1386,2112,league_roster,old_ch1cken,muerta,2364,3968,league_roster,TEKUTEKUWALK,void_spirit,3091,4668,league_roster,99%,batrider,1480,2976,league_roster,JanGO,tusk,833,1472,league_roster,Rainy...,phoenix,972,1757,league_roster
19255,Premier Series,8761774392,PR,PIPS4,PR,tendingtothegarden,luna,3340,4890,league_roster,``5,slardar,2329,3391,league_roster,transurfing,axe,2298,3679,league_roster,Immersion,shadow_demon,876,1356,league_roster,-,venomancer,1361,2252,league_roster,old_ch1cken,muerta,2768,4163,league_roster,TEKUTEKUWALK,storm_spirit,2644,3965,league_roster,99%,pangolier,2076,3534,league_roster,JanGO,hoodwink,1682,2180,league_roster,Rainy...,treant,931,1465,league_roster
19255,Premier Series,8761895154,NGX,L1,NGX,rin,faceless_void,2124,4254,league_roster,No!ob™,ember_spirit,2697,4706,league_roster,jellyworms.HR Manager,tidehunter,2509,4411,league_roster,U,hoodwink,880,1378,league_roster,gh,phoenix,1065,1834,league_roster,am i dreaming,life_stealer,2517,4217,league_roster,M,queenofpain,2154,3140,league_roster,Dwight K. Schrute,batrider,2502,3765,league_roster,player,rubick,821,1580,league_roster,Tuco,venomancer,1129,1854,league_roster
19255,Premier Series,8762007038,L1,NGX,NGX,am i dreaming,abaddon,3134,5164,league_roster,M,queenofpain,2307,3541,league_roster,Dwight K. Schrute,slardar,1790,2647,league_roster,player,dark_willow,1241,1821,league_roster,Tuco,phoenix,1090,1632,league_roster,rin,dragon_knight,2445,5022,league_roster,No!ob™,beastmaster,2437,4524,league_roster,jellyworms.HR Manager,batrider,2025,3949,league_roster,Ω,hoodwink,999,1469,league_roster,gh,bane,1324,2373,league_roster
19255,Premier Series,8762128911,L1,YeS,YeS,am i dreaming,alchemist,2798,4426,league_roster,M,ember_spirit,1723,3390,league_roster,Dwight K. Schrute,largo,2199,4276,league_roster,player,tusk,1531,1855,league_roster,Tuco,jakiro,1423,2031,league_roster,birds of a feather,luna,2718,5345,league_roster,Огузок сильнейший игрок на поле,beastmaster,2874,5758,league_roster,00,tidehunter,2671,4971,league_roster,bog doti,batrider,1390,2187,league_roster,Xakoda,disruptor,1109,1872,league_roster
19255,Premier Series,8762190571,L1,YeS,L1,,luna,2355,4013,league_roster,M,ember_spirit,2406,4284,league_roster,Dwight K. Schrute,tidehunter,1873,3540,league_roster,player,dark_willow,997,1527,league_roster,Tuco,phoenix,1235,2100,league_roster,birds of a feather,ursa,2274,4213,league_roster,Огузок сильнейший игрок на поле,pangolier,2214,3280,league_roster,,dawnbreaker,2400,3929,league_roster,bog doti,batrider,1734,2520,league_roster,Xakoda,lion,1093,2150,league_roster
19255,Premier Series,8762271616,L1,YeS,L1,0C,bristleback,2980,5000,league_roster,M,puck,2037,3749,league_roster,Dwight K. Schrute,abyssal_underlord,2197,3951,league_roster,player,dark_willow,972,1434,league_roster,Tuco,venomancer,1554,2419,league_roster,birds of a feather,luna,1840,3379,league_roster,Огузок сильнейший игрок на поле,beastmaster,2316,4740,league_roster,Pb,tidehunter,2060,4315,league_roster,bog doti,tusk,1169,2044,league_roster,Xakoda,disruptor,937,1307,league_roster
19255,Premier Series,8762670913,PV,GL,PV,.....,muerta,2176,4218,league_roster,\%,puck,2555,4547,league_roster,"Nah, I'd adapt",slardar,2367,4545,league_roster,Pele,leshrac,1395,1996,league_roster,ۨ$,oracle,935,1822,league_roster,鬼,terrorblade,1876,3325,league_roster,X#,storm_spirit,2624,4390,league_roster,помойка,bristleback,2219,4653,league_roster,@߯$,bane,751,1079,league_roster,`d$,keeper_of_the_light,1402,1994,league_roster
19255,Premier Series,8762725627,PV,GL,PV,Ѐ#&,monkey_king,3061,5079,league_roster,Have fun,void_spirit,2211,4138,league_roster,"Nah, I'd adapt",necrolyte,2388,3794,league_roster,Pele,muerta,846,1497,league_roster,Dukalis,phoenix,1129,1711,league_roster,鬼,bristleback,2553,4214,league_roster,)),invoker,2466,4531,league_roster,"km,&",axe,1837,3163,league_roster,yo,rubick,1046,1797,league_roster,Speeed,venomancer,757,1367,league_roster
19255,Premier Series,8762810886,NGX,TSpirit,TSpirit,rin,muerta,2662,4679,league_roster,No!ob™,puck,2814,4604,league_roster,jellyworms.HR Manager,tidehunter,2529,3956,league_roster,PP&,hoodwink,1146,1778,league_roster,gh,bane,972,1534,league_roster,逆天,monkey_king,2735,4678,league_roster,i love social media,beastmaster,2412,4556,league_roster,GAMBOT-PARIS,batrider,2080,2951,league_roster,123,grimstroke,1156,1587,fallback_lh5,sustain,rubick,903,1832,league_roster
19255,Premier Series,8762900221,TSpirit,NGX,NGX,逆天,nevermore,2528,4207,league_roster,i love social media,void_spirit,2154,3217,league_roster,GAMBOT-PARIS,tidehunter,1832,2865,league_roster,)٨&,hoodwink,1147,1577,fallback_lh5,Z',oracle,966,1672,league_roster,rin,bristleback,2797,5218,league_roster,No!ob™,beastmaster,2455,4736,league_roster,jellyworms.HR Manager,abyssal_underlord,2521,4352,league_roster,fari2 el malla > me,batrider,1058,1657,league_roster,gh,dazzle,1244,2454,league_roster
19255,Premier Series,8763000090,NGX,TSpirit,NGX,rin,muerta,2634,3956,league_roster,',pangolier,2432,4571,league_roster,jellyworms.HR Manager,legion_commander,2074,3621,league_roster,@',tusk,1070,1804,league_roster,s',keeper_of_the_light,1131,1573,league_roster,逆天,bristleback,2597,4221,league_roster,x',invoker,2407,4250,league_roster,GAMBOT-PARIS,night_stalker,2373,4756,league_roster,`H',lion,1078,1736,fallback_lh5,sustain,rubick,1041,2047,league_roster
19255,Premier Series,8763120187,L1,Liquid,L1,01',life_stealer,2889,4628,league_roster,M,puck,2510,3950,league_roster,Dwight K. Schrute,tidehunter,2117,3300,league_roster,player,hoodwink,1409,1743,league_roster,Tuco,enchantress,882,1558,league_roster,'&,weaver,2529,4545,league_roster,/&,void_spirit,2725,4389,league_roster,50centaur,axe,2730,4879,league_roster,Basadisimo,shadow_demon,761,1139,league_roster,tOfu,phoenix,1437,2363,league_roster
19255,Premier Series,8763238308,Liquid,L1,Liquid,rH$,muerta,2791,4705,league_roster,мусор,pangolier,2131,3848,league_roster,Č',slardar,2156,3924,league_roster,Basadisimo,wisp,1537,2460,league_roster,"""&",treant,1177,1559,league_roster,am i dreaming,life_stealer,2581,4355,league_roster,M,puck,2219,4073,league_roster,Dwight K. Schrute,abyssal_underlord,1942,3581,league_roster,player,hoodwink,1004,1311,league_roster,Tuco,venomancer,881,1797,league_roster
19255,Premier Series,8763313524,L1,Liquid,L1,am i dreaming,luna,2349,4553,league_roster,M,puck,2410,4218,league_roster,Dwight K. Schrute,beastmaster,2229,5185,league_roster,player,hoodwink,1460,3064,league_roster,Tuco,rubick,1433,2684,league_roster,\/',muerta,2509,4036,league_roster,мусор,pangolier,2596,3754,league_roster,50centaur,dark_seer,2840,4463,league_roster,Basadisimo,wisp,1543,2417,league_roster,tOfu,largo,785,1633,league_roster
19255,Premier Series,8763405558,HEROIC,MOUZ,MOUZ,Yuma,muerta,2370,4035,league_roster,a,huskar,2979,4688,league_roster,Wisper,weaver,2081,4032,league_roster,Rita,rubick,1413,2043,league_roster,марсианин,marci,1058,1707,league_roster,P]',dragon_knight,2855,4599,league_roster,Alysa Liu,drow_ranger,1577,3059,league_roster,TAXMAN,pangolier,2111,3689,league_roster,mid two,rattletrap,1287,1670,league_roster,delusion,phoenix,906,1927,league_roster
19255,Premier Series,8763493227,HEROIC,MOUZ,MOUZ,@$,medusa,2166,3689,league_roster,a,viper,2831,4404,league_roster,Wisper,pangolier,1860,3262,league_roster,Rita,rubick,1215,1896,league_roster,марсианин,disruptor,756,1276,league_roster,KITR,juggernaut,2370,4444,league_roster,Alysa Liu,kez,1156,2558,league_roster,TAXMAN,doom_bringer,2542,4662,league_roster,mid two,tusk,1536,2018,league_roster,delusion,hoodwink,922,1721,league_roster
19255,Premier Series,8763938696,GL,TSpirit,GL,)j.',clinkz,2569,4818,league_roster,2&,pangolier,2411,4359,league_roster,&,abyssal_underlord,2826,4758,league_roster,$,rubick,1296,1575,league_roster,@ j.',tusk,1178,1640,league_roster,L&,templar_assassin,2590,5189,league_roster,i love social media,beastmaster,2284,4309,league_roster,GAMBOT-PARIS,mars,1722,2906,league_roster,@Q%&,shadow_demon,903,1602,fallback_lh5,Q%&,treant,1196,1858,league_roster
19255,Premier Series,8763984403,TSpirit,GL,TSpirit,;1&,drow_ranger,3212,5119,league_roster,C$,leshrac,2582,4252,league_roster,GAMBOT-PARIS,pangolier,2330,3869,league_roster,j&,lion,1147,1703,fallback_lh5,v%,tusk,916,1589,league_roster,F%,doom_bringer,2491,4522,league_roster,p%,sand_king,2799,4713,league_roster,p%,enigma,2721,4677,league_roster,z&,treant,889,1466,league_roster,%,grimstroke,973,1492,league_roster
19255,Premier Series,8764045768,TSpirit,GL,GL,ES;',drow_ranger,2981,5188,league_roster,i love social media,pangolier,2334,4051,league_roster,GAMBOT-PARIS,undying,2426,4046,league_roster,Pf&,lion,1058,1470,fallback_lh5,<.',tusk,1009,1299,league_roster,Pk%,doom_bringer,2430,4552,league_roster,?k%,sand_king,2797,5054,league_roster,Јk%,enigma,2370,4398,league_roster,`u&,treant,1060,2256,league_roster,`bk%,grimstroke,1107,1694,league_roster
19255,Premier Series,8764127437,PV,NGX,PV,"01""&",faceless_void,2748,3955,league_roster,&,pangolier,2531,3704,league_roster,`L/',doom_bringer,2526,4206,league_roster,[',wisp,1549,3233,league_roster,/tm$,enchantress,968,1345,league_roster,rin,razor,2119,3380,league_roster,@n&,beastmaster,2523,4671,league_roster,jellyworms.HR Manager,centaur,2339,4297,league_roster,",'",batrider,972,1523,league_roster,pk',winter_wyvern,1135,2094,league_roster
19255,Premier Series,8764195216,PV,NGX,PV,У<%,meepo,2950,4258,league_roster,P#,death_prophet,2755,4925,league_roster,"Nah, I'd adapt",slardar,2282,4398,league_roster,Pele,rubick,1461,2441,league_roster,W%,enchantress,1292,1938,league_roster,rin,dragon_knight,1954,3390,league_roster,oO%,beastmaster,2145,4119,league_roster,jellyworms.HR Manager,shredder,2064,3198,league_roster,ԙ%,hoodwink,1421,2274,league_roster,&b$,wisp,1110,2316,league_roster
19255,Premier Series,8764351266,Liquid,HEROIC,Liquid,%,windrunner,2423,4360,league_roster,',furion,3244,5442,league_roster,e}&,pangolier,2272,4247,league_roster,)$&,hoodwink,1444,2060,league_roster,-0&,marci,1348,2406,league_roster,(&,faceless_void,2236,3449,league_roster,a,viper,2217,4125,league_roster,Z&,bristleback,2369,4203,league_roster,Rita,tusk,903,1230,league_roster,N%,phoenix,736,1495,league_roster
19255,Premier Series,8764502762,HEROIC,Liquid,Liquid,@=%,luna,2463,4270,league_roster,a,huskar,2312,4614,league_roster,u$,magnataur,1610,3098,league_roster,Rita,tusk,900,1783,league_roster,P&,phoenix,891,1856,league_roster,Y=$,lone_druid,3054,4498,league_roster,мусор,sniper,2153,3867,league_roster,p &,pangolier,2368,4337,league_roster,/',hoodwink,1572,2490,league_roster,*&,venomancer,1533,2128,league_roster
19255,Premier Series,8764625108,L1,MOUZ,L1,p%,muerta,2807,4822,league_roster,M,ember_spirit,2576,4118,league_roster,KUBAJlDA,slardar,1953,3308,league_roster,player,shadow_demon,1170,1621,league_roster,Tuco,ringmaster,1101,1861,league_roster,KITR,weaver,1979,3434,league_roster,Alysa Liu,pangolier,2192,3425,league_roster,Ц/',beastmaster,2395,3756,league_roster,mid two,rubick,836,1166,league_roster,delusion,lich,820,1129,league_roster
19255,Premier Series,8764724871,L1,MOUZ,MOUZ,{&,beastmaster,2695,5036,league_roster,M,ember_spirit,2238,4040,league_roster,KUBAJlDA,tidehunter,3089,4723,league_roster,player,hoodwink,1173,1907,league_roster,Tuco,rubick,1173,1877,league_roster,A%,alchemist,2302,4443,league_roster,Alysa Liu,pangolier,2527,4119,league_roster,&,dark_seer,2145,3449,league_roster,mid two,rattletrap,1092,1415,league_roster,delusion,pugna,904,1734,league_roster
19255,Premier Series,8764812557,L1,MOUZ,MOUZ,PH:u',muerta,2784,5195,league_roster,M,leshrac,2546,3837,league_roster,KUBAJlDA,tidehunter,2430,4171,league_roster,player,hoodwink,849,1818,league_roster,Tuco,treant,1128,1730,league_roster,t%,alchemist,2178,4987,league_roster,Alysa Liu,sand_king,2702,4530,league_roster,cB)&,pangolier,2233,4227,league_roster,mid two,grimstroke,1655,2104,league_roster,delusion,phoenix,606,2015,league_roster
19255,Premier Series,8765260718,Liquid,NGX,NGX,yondaime,muerta,2611,4253,league_roster,мусор,slardar,2865,5222,league_roster,50centaur,beastmaster,2759,4519,league_roster,Reverb,wisp,1061,2162,league_roster,tOfu,tusk,1566,2525,league_roster,rin,dragon_knight,2406,4088,league_roster,RI$,sand_king,2430,4075,league_roster,jellyworms.HR Manager,brewmaster,2052,4289,league_roster,fari2 el malla > me,rubick,1197,1902,league_roster,gh,phoenix,1101,1947,league_roster
19255,Premier Series,8765317021,NGX,Liquid,Liquid,rin,gyrocopter,2959,5080,league_roster,No!ob™,dragon_knight,2347,4458,league_roster,jellyworms.HR Manager,doom_bringer,2160,3959,league_roster,%,hoodwink,1089,1974,league_roster,%,wisp,1684,2533,league_roster,yondaime,alchemist,3241,5633,league_roster,мусор,queenofpain,2530,4589,league_roster,50centaur,beastmaster,2503,4784,league_roster,Reverb,lion,1015,1739,league_roster,>2g&,phoenix,1139,1619,league_roster
19255,Premier Series,8765407551,NGX,Liquid,NGX,rin,phantom_assassin,2361,4512,league_roster,No!ob™,queenofpain,3029,4779,league_roster,jellyworms.HR Manager,legion_commander,2267,3844,league_roster,|/=%,shadow_shaman,1160,1674,league_roster,|/=%,wisp,1444,2455,league_roster,yondaime,monkey_king,2294,3503,league_roster,мусор,invoker,2385,4143,league_roster,50centaur,bristleback,2198,3779,league_roster,Reverb,shadow_demon,1009,1752,league_roster,tOfu,disruptor,847,1210,league_roster
19255,Premier Series,8765478656,GL,L1,GL,鬼,muerta,2605,5031,league_roster,(,storm_spirit,2853,4925,league_roster,помойка,abyssal_underlord,2433,4395,league_roster,#&,tusk,902,1375,league_roster,Speeed,phoenix,1160,1946,league_roster,am i dreaming,luna,2504,4681,league_roster,M,ember_spirit,2234,3464,league_roster,Tony,slardar,1755,2407,league_roster,player,dark_willow,781,1086,league_roster,Tuco,pugna,1014,1441,league_roster
19255,Premier Series,8765597299,L1,GL,L1,"@,(",weaver,2656,4215,league_roster,M,sand_king,2061,3576,league_roster,Tony,mars,2599,3384,league_roster,player,rubick,773,1376,league_roster,Tuco,enchantress,1058,1281,league_roster,鬼,templar_assassin,2500,4217,league_roster,),beastmaster,2649,4746,league_roster,помойка,slardar,2347,3583,league_roster,yo,ringmaster,1083,1376,league_roster,Pc(,venomancer,742,1196,league_roster
19255,Premier Series,8765688078,L1,GL,GL,$c(,life_stealer,2179,4033,league_roster,M,beastmaster,2601,4847,league_roster,Tony,slardar,1664,2692,league_roster,player,tusk,841,1463,league_roster,Tuco,enchantress,790,1130,league_roster,鬼,muerta,2582,4321,league_roster,)),queenofpain,2202,4274,league_roster,помойка,pangolier,2666,4483,league_roster,yo,rubick,688,1301,league_roster,Speeed,venomancer,921,1239,league_roster
19255,Premier Series,8765781391,PV,MOUZ,PV,W.',phantom_lancer,2413,3994,league_roster,0-u),puck,2124,3661,league_roster,"Nah, I'd adapt",tidehunter,2784,5231,league_roster,Pele,leshrac,861,1828,league_roster,ט#,chen,1160,1943,league_roster,@+t),juggernaut,2027,3668,league_roster,Alysa Liu,queenofpain,2771,4674,league_roster,@h%,pangolier,2523,4158,league_roster,mid two,shadow_demon,965,1361,league_roster,delusion,shadow_shaman,1412,1662,league_roster
19255,Premier Series,8765867665,PV,MOUZ,PV,.....,muerta,2405,4069,league_roster,Have fun,ember_spirit,2573,4247,league_roster,x&,beastmaster,2902,5675,league_roster,Pele,keeper_of_the_light,1320,2470,league_roster,Dukalis,treant,1003,1416,league_roster,KITR,monkey_king,2559,4489,league_roster,Alysa Liu,queenofpain,2762,4494,league_roster,TAXMAN,tidehunter,2490,5287,league_roster,mid two,tusk,1123,1675,league_roster,delusion,hoodwink,1206,1732,league_roster
19255,Premier Series,8765976782,GL,NGX,GL,鬼,muerta,1900,3255,league_roster,)),storm_spirit,2402,3675,league_roster,помойка,doom_bringer,2442,3845,league_roster,yo,rubick,1113,1308,league_roster,Speeed,tusk,868,1141,league_roster,rin,templar_assassin,2798,5350,league_roster,4&,queenofpain,1918,3832,league_roster,jellyworms.HR Manager,beastmaster,2239,4731,league_roster,fari2 el malla > me,hoodwink,1140,1699,league_roster,@?$,dazzle,1191,1896,league_roster
19255,Premier Series,8766089530,NGX,GL,NGX,rin,muerta,2589,4743,league_roster,No!ob™,lycan,2299,4046,league_roster,jellyworms.HR Manager,tidehunter,2465,4196,league_roster,fari2 el malla > me,spirit_breaker,1337,1824,league_roster,v$,keeper_of_the_light,1385,2025,league_roster,鬼,doom_bringer,2375,4762,league_roster,)),invoker,2100,3888,league_roster,помойка,axe,2034,3481,league_roster,yo,rubick,863,1318,league_roster,pv',batrider,854,1212,league_roster
19255,Premier Series,8766168681,NGX,GL,NGX,rin,muerta,2781,3803,league_roster,No!ob™,pangolier,1981,4259,league_roster,jellyworms.HR Manager,abyssal_underlord,2824,4519,league_roster,fari2 el malla > me,rubick,1243,1911,league_roster,&,pugna,1074,1737,league_roster,鬼,beastmaster,2208,4108,league_roster,)),puck,2411,4560,league_roster,помойка,night_stalker,2247,4429,league_roster,yo,hoodwink,1056,1758,league_roster,Speeed,chen,1313,2239,league_roster
19255,Premier Series,8766799303,NGX,MOUZ,NGX,rin,ursa,2752,4535,league_roster,No!ob™,pangolier,2321,3639,league_roster,malrincyq,abyssal_underlord,1957,3882,league_roster,fari2 el malla > me,shadow_shaman,1454,2055,league_roster,gh,keeper_of_the_light,1647,2546,league_roster,KITR,bloodseeker,2602,4369,league_roster,Alysa Liu,queenofpain,2737,4326,league_roster,TAXMAN,tidehunter,1868,3014,league_roster,mid two,grimstroke,1293,2031,league_roster,delusion,enchantress,789,1652,league_roster
19255,Premier Series,8766874056,NGX,MOUZ,NGX,rin,faceless_void,2321,4195,league_roster,No!ob™,ember_spirit,2352,3936,league_roster,malrincyq,beastmaster,2238,4329,league_roster,&,muerta,974,1540,league_roster,gh,dazzle,1601,2267,league_roster,KITR,luna,2351,3856,league_roster,Alysa Liu,sand_king,2395,3556,league_roster,p&,batrider,2186,3824,league_roster,mid two,grimstroke,1067,1358,league_roster,delusion,ringmaster,1064,1162,league_roster
19255,Premier Series,8767039368,PV,NGX,PV,.....,meepo,2673,4949,league_roster,Have fun,puck,3228,4911,league_roster,"Nah, I'd adapt",slardar,2036,3313,league_roster,Pele,keeper_of_the_light,1494,2609,league_roster,Dukalis,phoenix,1020,1930,league_roster,rin,troll_warlord,2916,4460,league_roster,No!ob™,doom_bringer,2626,3635,league_roster,malrincyq,tidehunter,1642,2516,league_roster,fari2 el malla > me,hoodwink,1138,1449,league_roster,G),wisp,1398,1690,league_roster
19255,Premier Series,8767122402,NGX,PV,PV,rin,bristleback,1918,3232,league_roster,%,beastmaster,2929,5596,league_roster,malrincyq,centaur,1908,3557,league_roster,!$,snapfire,1131,1963,league_roster,gh,oracle,1457,2494,league_roster,.....,gyrocopter,2386,4309,league_roster,),puck,2500,3611,league_roster,"Nah, I'd adapt",necrolyte,3652,6217,league_roster,Pele,rubick,1147,1621,league_roster,Dukalis,venomancer,1465,2550,league_roster
19255,Premier Series,8767261875,PV,NGX,PV,.....,phantom_lancer,3007,4541,league_roster,Have fun,queenofpain,2436,4071,league_roster,"Nah, I'd adapt",slardar,2243,3787,league_roster,Pele,rubick,1090,1824,league_roster,Dukalis,chen,1174,1857,league_roster,rin,windrunner,2526,4894,league_roster,No!ob™,beastmaster,2850,4489,league_roster,malrincyq,pangolier,2055,3245,league_roster,fari2 el malla > me,tusk,1153,1772,league_roster,p?&,dazzle,1452,2278,league_roster
